route,flights,known_departure_delay,mean_dep_delay,median_dep_delay,delayed_15_rate,delayed_30_rate,cancelled_rate,diverted_rate
ORD-LGA,1139,1107,23.59620596205962,-2.0,0.26287262872628725,0.2005420054200542,0.030728709394205442,0.0052677787532923615
LAX-SFO,1108,1103,11.084315503173164,-3.0,0.22846781504986402,0.15775158658204896,0.004512635379061372,0.0
SFO-LAX,1093,1089,11.379247015610652,-3.0,0.21395775941230485,0.15151515151515152,0.0036596523330283625,0.0009149130832570906
LGA-ORD,1085,1057,18.069063386944183,-4.0,0.2251655629139073,0.17218543046357615,0.026728110599078342,0.0018433179723502304
HNL-OGG,1059,1052,2.0598859315589353,-2.0,0.0903041825095057,0.045627376425855515,0.007554296506137866,0.0
OGG-HNL,1041,1025,1.410731707317073,-3.0,0.08195121951219513,0.03609756097560975,0.01633045148895293,0.0
LAX-JFK,1033,1024,16.111328125,-3.0,0.2099609375,0.1396484375,0.008712487899322363,0.00484027105517909
JFK-LAX,1016,1010,11.59009900990099,-4.0,0.14653465346534653,0.09702970297029703,0.005905511811023622,0.000984251968503937
PHX-DEN,955,943,14.95864262990456,-1.0,0.25344644750795337,0.17073170731707318,0.012565445026178011,0.0
BOS-DCA,937,907,16.49834619625138,-4.0,0.2557883131201764,0.18853362734288864,0.033084311632870865,0.0032017075773745998
DCA-BOS,879,852,18.050469483568076,-3.0,0.2828638497652582,0.22300469483568075,0.03185437997724687,0.0011376564277588168
DEN-PHX,864,856,16.994158878504674,0.0,0.272196261682243,0.16238317757009346,0.009259259259259259,0.0023148148148148147
LAS-LAX,841,837,8.78494623655914,-2.0,0.2007168458781362,0.11708482676224612,0.0047562425683709865,0.0
HNL-LIH,831,828,2.2596618357487923,-2.0,0.09903381642512077,0.050724637681159424,0.0036101083032490976,0.0012033694344163659
LAX-LAS,831,827,11.334945586457074,-3.0,0.20314389359129384,0.13301088270858524,0.0048134777376654635,0.0
MCO-ATL,817,809,20.61310259579728,-1.0,0.2694684796044499,0.18788627935723115,0.009791921664626682,0.0
LIH-HNL,784,776,2.554123711340206,-3.0,0.1095360824742268,0.055412371134020616,0.01020408163265306,0.0
ATL-LGA,783,768,19.765625,0.0,0.3020833333333333,0.22395833333333334,0.020434227330779056,0.007662835249042145
LAX-PHX,777,769,8.378413524057217,-3.0,0.18075422626788037,0.11183355006501951,0.010296010296010296,0.0
ORD-BOS,774,765,22.180392156862744,-1.0,0.2875816993464052,0.2196078431372549,0.011627906976744186,0.002583979328165375
DEN-SLC,774,766,15.33420365535248,0.0,0.2558746736292428,0.1566579634464752,0.0103359173126615,0.0
LAX-DEN,774,768,9.579427083333334,-4.0,0.1875,0.14192708333333334,0.007751937984496124,0.007751937984496124
LGA-ATL,763,742,20.839622641509433,-1.0,0.24663072776280323,0.1765498652291105,0.027522935779816515,0.002621231979030144
LAS-DEN,759,756,14.411375661375661,-1.0,0.28174603174603174,0.1746031746031746,0.005270092226613966,0.0
SEA-LAX,759,749,11.22429906542056,-2.0,0.16555407209612816,0.10013351134846461,0.013175230566534914,0.0
DEN-LAX,753,749,13.990654205607477,-1.0,0.2336448598130841,0.14419225634178906,0.005312084993359893,0.0013280212483399733
LAX-SEA,747,741,4.711201079622132,-5.0,0.14304993252361672,0.08771929824561403,0.009370816599732263,0.0013386880856760374
LAX-ORD,745,735,10.461224489795919,-3.0,0.16598639455782313,0.11292517006802721,0.013422818791946308,0.0026845637583892616
SEA-PHX,743,742,8.316711590296496,-2.0,0.19811320754716982,0.11859838274932614,0.0013458950201884253,0.0013458950201884253
PHX-LAX,742,740,8.41081081081081,-3.0,0.18783783783783783,0.11756756756756757,0.0026954177897574125,0.0
ATL-MCO,737,728,18.70467032967033,0.0,0.28983516483516486,0.19093406593406592,0.012211668928086838,0.0027137042062415195
SLC-DEN,725,724,12.4792817679558,-3.0,0.21685082872928177,0.1464088397790055,0.002758620689655172,0.001379310344827586
SEA-ANC,717,707,11.71994342291372,0.0,0.24611032531824611,0.12446958981612447,0.015341701534170154,0.001394700139470014
BOS-ORD,710,708,19.077683615819208,-4.0,0.2245762711864407,0.16807909604519775,0.004225352112676056,0.004225352112676056
BOS-LGA,710,680,15.605882352941176,-4.0,0.2161764705882353,0.16176470588235295,0.04507042253521127,0.0014084507042253522
SAN-LAS,708,702,13.857549857549857,-1.0,0.2678062678062678,0.17236467236467237,0.009887005649717515,0.0
DFW-ATL,706,689,23.056603773584907,1.0,0.2931785195936139,0.19158200290275762,0.024079320113314446,0.00141643059490085
ORD-LAX,705,698,14.146131805157593,-1.0,0.23065902578796563,0.15329512893982808,0.009929078014184398,0.0
JFK-SFO,704,699,12.658082975679543,-4.0,0.17310443490701002,0.13161659513590845,0.011363636363636364,0.004261363636363636
KOA-HNL,704,702,4.02991452991453,-2.0,0.09401709401709402,0.06267806267806268,0.002840909090909091,0.0
DCA-ORD,703,688,10.453488372093023,-4.5,0.18313953488372092,0.13226744186046513,0.02275960170697013,0.0
DFW-LGA,702,678,19.8141592920354,-1.0,0.29793510324483774,0.20058997050147492,0.03418803418803419,0.009971509971509971
ORD-DFW,699,684,24.100877192982455,0.0,0.2733918128654971,0.19444444444444445,0.022889842632331903,0.00715307582260372
LAS-SAN,696,685,12.585401459854015,-1.0,0.2583941605839416,0.15766423357664233,0.015804597701149427,0.0
HNL-KOA,695,692,2.2369942196531793,-2.0,0.0968208092485549,0.036127167630057806,0.004316546762589928,0.0
DFW-ORD,695,673,20.41010401188707,-1.0,0.27340267459138184,0.18722139673105498,0.031654676258992806,0.0014388489208633094
SAN-SFO,693,687,15.157205240174672,-1.0,0.2678311499272198,0.1586608442503639,0.008658008658008658,0.001443001443001443
LGA-BOS,687,662,11.158610271903322,-4.0,0.2311178247734139,0.1691842900302115,0.036390101892285295,0.001455604075691412
ATL-DCA,687,670,19.111940298507463,-1.0,0.282089552238806,0.19701492537313434,0.024745269286754003,0.002911208151382824
PHX-SEA,681,675,10.235555555555555,-2.0,0.2,0.12,0.00881057268722467,0.002936857562408223
LAX-DFW,676,665,20.129323308270678,-2.0,0.23007518796992482,0.16390977443609023,0.016272189349112426,0.005917159763313609
MCO-EWR,675,662,31.16012084592145,-1.0,0.3081570996978852,0.26132930513595165,0.02074074074074074,0.002962962962962963
LGA-DFW,670,644,28.487577639751553,-1.0,0.30124223602484473,0.21583850931677018,0.03880597014925373,0.005970149253731343
DFW-LAX,668,661,17.81391830559758,2.0,0.3177004538577912,0.2178517397881997,0.010479041916167664,0.0014970059880239522
SEA-SFO,664,661,11.69894099848714,-2.0,0.2526475037821483,0.1664145234493192,0.006024096385542169,0.0
ANC-SEA,664,657,2.156773211567732,-4.0,0.1567732115677321,0.0837138508371385,0.010542168674698794,0.0
MCO-SJU,663,659,15.49165402124431,0.0,0.251896813353566,0.16995447647951442,0.006033182503770739,0.0030165912518853697
MIA-ATL,662,652,20.915644171779142,-1.0,0.2684049079754601,0.18404907975460122,0.015105740181268883,0.0
ATL-FLL,660,653,15.765696784073507,1.0,0.3001531393568147,0.20673813169984687,0.013636363636363636,0.0015151515151515152
FLL-ATL,659,646,20.691950464396285,0.0,0.2647058823529412,0.19504643962848298,0.019726858877086494,0.007587253414264037
ORD-DCA,656,639,18.90297339593114,-2.0,0.24256651017214398,0.1784037558685446,0.025914634146341462,0.009146341463414634
EWR-MCO,656,643,13.178849144634526,-3.0,0.2208398133748056,0.13996889580093314,0.019817073170731708,0.007621951219512195
SFO-SEA,654,645,8.666666666666666,-3.0,0.18914728682170542,0.11937984496124031,0.013761467889908258,0.0015290519877675841
DEN-ORD,653,645,27.387596899224807,0.0,0.30077519379844964,0.2248062015503876,0.013782542113323124,0.004594180704441042
SFO-JFK,652,650,14.073846153846153,-3.0,0.19538461538461538,0.13692307692307693,0.003067484662576687,0.003067484662576687
SFO-SAN,651,649,12.602465331278891,-2.0,0.20647149460708783,0.15562403697996918,0.0030721966205837174,0.0030721966205837174
LAS-SFO,650,647,11.850077279752705,-2.0,0.25193199381761977,0.17001545595054096,0.004615384615384616,0.0
DEN-LAS,649,644,13.41304347826087,-1.0,0.2329192546583851,0.14906832298136646,0.007704160246533128,0.0
ITO-HNL,645,641,1.6146645865834632,-3.0,0.0811232449297972,0.0374414976599064,0.007751937984496124,0.0
EWR-ATL,645,621,25.529790660225444,0.0,0.28180354267310787,0.20611916264090177,0.040310077519379844,0.0031007751937984496
SJU-MCO,641,636,14.803459119496855,-1.0,0.2169811320754717,0.139937106918239,0.0078003120124804995,0.0031201248049922
DEN-SEA,640,638,16.188087774294672,2.0,0.27899686520376177,0.1755485893416928,0.003125,0.0
MSP-ORD,640,637,16.808477237048667,-3.0,0.1836734693877551,0.130298273155416,0.00625,0.0015625
DCA-ATL,638,614,18.131921824104236,-1.0,0.23615635179153094,0.16286644951140064,0.03761755485893417,0.0
ATL-DFW,637,621,23.88888888888889,-1.0,0.2995169082125604,0.2028985507246377,0.026687598116169546,0.006279434850863423
ORD-MSP,635,626,23.34185303514377,0.0,0.26677316293929715,0.18849840255591055,0.014173228346456693,0.0
ATL-MIA,631,626,23.119808306709267,0.0,0.2779552715654952,0.19488817891373802,0.00792393026941363,0.004754358161648178
ATL-TPA,628,617,17.768233387358183,0.0,0.29821717990275526,0.17828200972447325,0.01751592356687898,0.0031847133757961785
LAS-PHX,626,619,11.147011308562197,-1.0,0.23747980613893377,0.14054927302100162,0.011182108626198083,0.0
SEA-DEN,626,617,12.249594813614262,-2.0,0.22852512155591573,0.16045380875202594,0.01597444089456869,0.006389776357827476
DEN-MSP,625,624,15.333333333333334,0.0,0.27403846153846156,0.1858974358974359,0.0016,0.0032
ATL-ORD,622,608,13.78453947368421,-2.0,0.22203947368421054,0.15953947368421054,0.024115755627009645,0.003215434083601286
PHX-LAS,619,615,10.94308943089431,-1.0,0.23414634146341465,0.14146341463414633,0.008077544426494346,0.0
ORD-ATL,619,610,21.204918032786885,-1.0,0.23934426229508196,0.16721311475409836,0.014539579967689823,0.0016155088852988692
MIA-LGA,617,605,20.373553719008264,0.0,0.2958677685950413,0.2115702479338843,0.02106969205834684,0.0016207455429497568
LGA-MIA,613,598,20.051839464882942,-2.0,0.23076923076923078,0.16555183946488294,0.024469820554649267,0.004893964110929853
IAH-ORD,613,607,14.352553542009884,-3.0,0.19769357495881384,0.13838550247116968,0.009787928221859706,0.004893964110929853
HNL-ITO,611,607,3.5205930807248764,-1.0,0.09719934102141681,0.05271828665568369,0.006546644844517185,0.0
SAN-PHX,609,599,18.956594323873123,-2.0,0.2287145242070117,0.15025041736227046,0.0180623973727422,0.0
ORD-EWR,608,590,23.991525423728813,1.0,0.3288135593220339,0.2423728813559322,0.03125,0.003289473684210526
ORD-DEN,605,599,19.459098497495827,0.0,0.24874791318864775,0.17028380634390652,0.013223140495867768,0.003305785123966942
PHX-SAN,603,600,15.401666666666667,-1.0,0.24833333333333332,0.16333333333333333,0.006633499170812604,0.001658374792703151
ATL-EWR,602,587,25.867120954003408,-1.0,0.29471890971039183,0.22657580919931858,0.02823920265780731,0.0033222591362126247
SLC-PHX,600,598,6.8361204013377925,-4.0,0.15719063545150502,0.10702341137123746,0.0033333333333333335,0.0
LAS-DFW,599,582,22.254295532646047,-4.0,0.21993127147766323,0.16151202749140894,0.028380634390651086,0.011686143572621035
DTW-ORD,598,590,11.21864406779661,-4.0,0.1864406779661017,0.1288135593220339,0.013377926421404682,0.0
LAS-ORD,598,595,14.746218487394957,-4.0,0.19831932773109243,0.1411764705882353,0.006688963210702341,0.005016722408026756
ORD-DTW,596,586,14.365187713310581,-2.0,0.22866894197952217,0.15699658703071673,0.016778523489932886,0.0
DEN-DFW,595,581,15.044750430292599,-2.0,0.2289156626506024,0.1686746987951807,0.023529411764705882,0.0067226890756302525
ORD-IAH,593,588,14.42687074829932,-1.0,0.21428571428571427,0.14285714285714285,0.008431703204047217,0.00505902192242833
DFW-IAH,590,571,20.31523642732049,-2.0,0.26970227670753066,0.18914185639229422,0.03559322033898305,0.0
DFW-DEN,580,568,21.607394366197184,-1.0,0.29577464788732394,0.19718309859154928,0.020689655172413793,0.008620689655172414
ATL-PHL,580,565,20.499115044247787,0.0,0.2973451327433628,0.21061946902654868,0.02586206896551724,0.0
SMF-LAX,577,575,4.798260869565217,-5.0,0.1426086956521739,0.09217391304347826,0.0034662045060658577,0.0
ORD-MCO,576,571,15.010507880910684,-1.0,0.21541155866900175,0.14711033274956217,0.010416666666666666,0.003472222222222222
SFO-LAS,575,571,11.506129597197898,-3.0,0.21541155866900175,0.14711033274956217,0.006956521739130435,0.0
GEG-SEA,574,570,5.212280701754386,-5.0,0.1631578947368421,0.10701754385964912,0.006968641114982578,0.0017421602787456446
DFW-LAS,573,561,17.073083778966133,0.0,0.2798573975044563,0.19429590017825313,0.02268760907504363,0.0017452006980802793
TPA-ATL,572,562,15.437722419928825,-1.0,0.22419928825622776,0.14768683274021352,0.017482517482517484,0.0017482517482517483
LAS-SEA,572,566,5.913427561837456,-2.0,0.18374558303886926,0.10070671378091872,0.01048951048951049,0.0
PHX-ORD,572,566,8.397526501766784,-3.0,0.1625441696113074,0.127208480565371,0.012237762237762238,0.005244755244755245
JFK-BOS,571,553,18.73598553345389,-3.0,0.26763110307414106,0.20614828209764918,0.03152364273204904,0.0
MCO-ORD,571,566,21.524734982332156,-3.0,0.24028268551236748,0.1696113074204947,0.008756567425569177,0.0017513134851138354
ORD-SEA,566,557,14.59245960502693,0.0,0.2585278276481149,0.16337522441651706,0.019434628975265017,0.0
SFO-DEN,565,561,12.146167557932264,-1.0,0.22459893048128343,0.1568627450980392,0.007079646017699115,0.005309734513274336
SEA-LAS,563,561,8.693404634581105,-2.0,0.22459893048128343,0.12121212121212122,0.003552397868561279,0.0017761989342806395
ORD-LAS,563,559,15.173524150268337,-1.0,0.23434704830053668,0.1556350626118068,0.007104795737122558,0.003552397868561279
PHL-ATL,560,549,18.719489981785063,-1.0,0.23497267759562843,0.1657559198542805,0.019642857142857142,0.0
EWR-ORD,559,549,13.218579234972678,-3.0,0.20036429872495445,0.1493624772313297,0.017889087656529516,0.0
SEA-ORD,558,556,8.226618705035971,-3.0,0.19244604316546762,0.09712230215827339,0.005376344086021506,0.005376344086021506
SAN-DEN,558,553,12.410488245931283,-2.0,0.21699819168173598,0.14647377938517178,0.008960573476702509,0.0035842293906810036
DEN-SFO,557,555,20.257657657657656,2.0,0.3279279279279279,0.22522522522522523,0.003590664272890485,0.0
LAS-SMF,556,553,13.379746835443038,0.0,0.244122965641953,0.1410488245931284,0.00539568345323741,0.0
DFW-PHX,555,546,19.62087912087912,1.0,0.29120879120879123,0.18315018315018314,0.016216216216216217,0.0
ATL-BWI,555,542,18.407749077490774,0.0,0.3025830258302583,0.1918819188191882,0.023423423423423424,0.0018018018018018018
PHX-SLC,554,552,6.157608695652174,-3.0,0.16666666666666666,0.10326086956521739,0.0036101083032490976,0.0
MSP-DEN,551,551,12.088929219600725,-2.0,0.2014519056261343,0.12885662431941924,0.0,0.003629764065335753
BOS-JFK,551,533,12.440900562851782,-3.0,0.21575984990619138,0.15196998123827393,0.032667876588021776,0.0
SAN-SJC,549,545,10.713761467889908,-1.0,0.23119266055045873,0.15045871559633028,0.009107468123861567,0.0018214936247723133
SEA-GEG,548,547,7.175502742230347,-2.0,0.21389396709323583,0.12248628884826325,0.0018248175182481751,0.0018248175182481751
IAH-LAX,547,547,10.586837294332724,-2.0,0.1846435100548446,0.12248628884826325,0.0,0.0
COS-DEN,545,535,16.29158878504673,-4.0,0.23177570093457944,0.17383177570093458,0.01834862385321101,0.0
DEN-SAN,543,537,15.299813780260708,1.0,0.25884543761638734,0.1787709497206704,0.011049723756906077,0.007366482504604052
LGA-MCO,543,531,20.973634651600754,-2.0,0.2523540489642185,0.1902071563088512,0.022099447513812154,0.003683241252302026
ORD-SFO,542,534,15.299625468164795,1.0,0.26217228464419473,0.15730337078651685,0.016605166051660517,0.0018450184501845018
IAH-DFW,541,525,20.79809523809524,-1.0,0.25523809523809526,0.17142857142857143,0.031423290203327174,0.0
BWI-ATL,541,530,15.624528301886793,-1.0,0.2358490566037736,0.1320754716981132,0.022181146025878003,0.0018484288354898336
ATL-LAX,540,536,14.623134328358208,0.0,0.26119402985074625,0.1791044776119403,0.007407407407407408,0.0
LAX-EWR,540,531,15.214689265536723,-2.0,0.21092278719397364,0.1487758945386064,0.016666666666666666,0.012962962962962963
ATL-DEN,539,534,15.132958801498127,0.0,0.28277153558052437,0.16292134831460675,0.00927643784786642,0.0037105751391465678
SFO-ORD,535,529,14.247637051039698,-3.0,0.18147448015122875,0.12476370510396975,0.013084112149532711,0.003738317757009346
LAX-HNL,534,533,14.288930581613508,-1.0,0.21388367729831145,0.12570356472795496,0.003745318352059925,0.0018726591760299626
EWR-LAX,533,518,16.02895752895753,-2.0,0.26640926640926643,0.17953667953667954,0.028142589118198873,0.001876172607879925
LAX-SMF,530,527,6.64326375711575,-4.0,0.17267552182163187,0.09297912713472485,0.005660377358490566,0.0
LAX-ATL,528,525,18.632380952380952,0.0,0.23809523809523808,0.17904761904761904,0.005681818181818182,0.003787878787878788
PHX-DFW,528,516,11.705426356589147,-3.0,0.18023255813953487,0.12015503875968993,0.02462121212121212,0.003787878787878788
PHL-MCO,528,519,20.753371868978807,-2.0,0.26011560693641617,0.18689788053949905,0.020833333333333332,0.001893939393939394
SJC-LAX,527,525,5.026666666666666,-5.0,0.1295238095238095,0.08190476190476191,0.003795066413662239,0.0
PHL-BOS,527,516,17.118217054263567,-3.0,0.25387596899224807,0.20736434108527133,0.022770398481973434,0.0
MCO-PHL,526,520,16.51923076923077,-3.0,0.24615384615384617,0.18076923076923077,0.013307984790874524,0.0
HNL-LAX,526,523,13.395793499043977,-2.0,0.16443594646271512,0.10133843212237094,0.005703422053231939,0.0
DTW-ATL,525,519,17.91907514450867,-1.0,0.21579961464354527,0.13872832369942195,0.011428571428571429,0.0019047619047619048
ATL-BOS,521,511,19.97651663405088,-1.0,0.2857142857142857,0.2035225048923679,0.02111324376199616,0.0
SAN-SMF,520,514,11.797665369649806,0.0,0.2840466926070039,0.1575875486381323,0.011538461538461539,0.0
PDX-SEA,519,516,3.0872093023255816,-4.0,0.12015503875968993,0.0755813953488372,0.005780346820809248,0.0
SJC-SAN,517,514,7.702334630350195,-2.0,0.20038910505836577,0.1303501945525292,0.007736943907156673,0.0019342359767891683
DFW-SEA,516,506,23.691699604743082,2.0,0.32806324110671936,0.233201581027668,0.01937984496124031,0.001937984496124031
MIA-DFW,516,508,16.462598425196852,-1.0,0.2618110236220472,0.1732283464566929,0.01744186046511628,0.001937984496124031
MCO-LGA,513,502,23.856573705179283,-0.5,0.300796812749004,0.21115537848605578,0.021442495126705652,0.001949317738791423
BOS-PHL,513,499,15.97995991983968,-3.0,0.24448897795591182,0.17635270541082165,0.02729044834307992,0.0
MCO-JFK,512,505,17.136633663366336,-1.0,0.2495049504950495,0.18217821782178217,0.015625,0.0
JFK-MCO,511,504,17.136904761904763,-1.0,0.2261904761904762,0.1527777777777778,0.015655577299412915,0.003913894324853229
FLL-EWR,511,501,25.62874251497006,0.0,0.3313373253493014,0.281437125748503,0.021526418786692758,0.005870841487279843
DEN-ATL,510,508,14.87007874015748,0.0,0.2440944881889764,0.14173228346456693,0.00392156862745098,0.0058823529411764705
JFK-MIA,510,505,14.205940594059406,-1.0,0.2297029702970297,0.15247524752475247,0.00980392156862745,0.00392156862745098
DFW-MCO,507,496,25.25201612903226,3.0,0.3588709677419355,0.23790322580645162,0.021696252465483234,0.0019723865877712033
ORD-PHX,506,503,14.890656063618291,-1.0,0.24453280318091453,0.16302186878727634,0.005928853754940711,0.0
SMF-SAN,505,499,12.444889779559118,-1.0,0.23847695390781562,0.1623246492985972,0.011881188118811881,0.0019801980198019802
SMF-LAS,504,501,8.972055888223553,-1.0,0.2055888223552894,0.10978043912175649,0.005952380952380952,0.001984126984126984
LAS-ATL,504,497,12.66599597585513,-1.0,0.19517102615694165,0.12072434607645875,0.013888888888888888,0.007936507936507936
BWI-MCO,503,494,19.394736842105264,0.0,0.2894736842105263,0.17611336032388664,0.02186878727634195,0.0019880715705765406
IND-ORD,501,492,7.82520325203252,-4.0,0.12804878048780488,0.09349593495934959,0.017964071856287425,0.0
LAX-IAH,500,495,7.820202020202021,-3.0,0.15555555555555556,0.10505050505050505,0.01,0.008
EWR-FLL,499,487,19.940451745379878,-2.0,0.25256673511293637,0.162217659137577,0.028056112224448898,0.0
SEA-DFW,498,486,17.181069958847736,-1.0,0.21810699588477367,0.14609053497942387,0.024096385542168676,0.006024096385542169
PHX-SFO,494,493,11.726166328600407,-1.0,0.19878296146044624,0.13387423935091278,0.0020242914979757085,0.0
DFW-AUS,493,473,22.046511627906977,1.0,0.35517970401691334,0.23044397463002114,0.04056795131845842,0.002028397565922921
BOS-ATL,493,489,17.196319018404907,0.0,0.25153374233128833,0.17791411042944785,0.008113590263691683,0.002028397565922921
ATL-LAS,492,491,17.281059063136457,-1.0,0.26883910386965376,0.1690427698574338,0.0020325203252032522,0.0020325203252032522
CLT-LGA,492,483,21.27536231884058,-1.0,0.2629399585921325,0.18633540372670807,0.02032520325203252,0.006097560975609756
MCO-DFW,490,484,20.975206611570247,-2.0,0.25826446280991733,0.1962809917355372,0.014285714285714285,0.004081632653061225
AUS-DEN,488,484,12.541322314049587,-2.0,0.22727272727272727,0.15289256198347106,0.010245901639344262,0.004098360655737705
BNA-ORD,485,481,19.44074844074844,-3.0,0.2515592515592516,0.18711018711018712,0.010309278350515464,0.002061855670103093
MCO-DEN,484,482,14.273858921161827,-1.0,0.18672199170124482,0.12863070539419086,0.004132231404958678,0.002066115702479339
SNA-SFO,484,480,14.5375,-5.0,0.21041666666666667,0.15416666666666667,0.008264462809917356,0.0
DEN-COS,482,476,20.6218487394958,-1.0,0.2710084033613445,0.1953781512605042,0.012448132780082987,0.004149377593360996
MCO-CLT,479,474,13.49367088607595,-4.0,0.22362869198312235,0.15822784810126583,0.010438413361169102,0.0
SFO-PHX,478,475,16.781052631578948,-3.0,0.22736842105263158,0.15368421052631578,0.006276150627615063,0.0020920502092050207
MIA-JFK,478,469,21.432835820895523,0.0,0.2878464818763326,0.21321961620469082,0.01882845188284519,0.0
CLT-MCO,478,475,16.397894736842105,-1.0,0.2673684210526316,0.1957894736842105,0.006276150627615063,0.006276150627615063
MCO-BWI,477,465,11.111827956989247,-1.0,0.2129032258064516,0.13548387096774195,0.025157232704402517,0.0
ORD-CMH,475,466,14.100858369098713,-1.5,0.22532188841201717,0.15450643776824036,0.018947368421052633,0.0
DEN-IAH,475,474,14.79324894514768,-0.5,0.24261603375527427,0.14135021097046413,0.002105263157894737,0.004210526315789474
LAX-BOS,475,474,15.436708860759493,-4.0,0.18565400843881857,0.14345991561181434,0.002105263157894737,0.0
SFO-BOS,475,474,9.443037974683545,-3.0,0.17088607594936708,0.12236286919831224,0.002105263157894737,0.0
MCO-BOS,474,471,14.263269639065818,-2.0,0.2505307855626327,0.1762208067940552,0.006329113924050633,0.0
LGA-DEN,473,470,18.942553191489363,-1.0,0.2425531914893617,0.16382978723404254,0.008456659619450317,0.008456659619450317
AUS-DFW,472,458,17.0764192139738,-3.0,0.23580786026200873,0.17685589519650655,0.029661016949152543,0.0
DEN-MCO,471,468,20.89957264957265,1.0,0.2777777777777778,0.19658119658119658,0.006369426751592357,0.006369426751592357
ATL-CLT,471,466,15.416309012875537,-2.0,0.2446351931330472,0.1630901287553648,0.010615711252653927,0.0
ORD-PHL,470,460,19.469565217391306,-1.0,0.28695652173913044,0.2,0.02127659574468085,0.002127659574468085
LAX-PDX,470,467,4.573875802997859,-6.0,0.14989293361884368,0.11777301927194861,0.006382978723404255,0.0
ATL-DTW,470,468,14.320512820512821,0.0,0.23504273504273504,0.15598290598290598,0.00425531914893617,0.0
ORD-IND,469,462,17.917748917748916,-1.0,0.21212121212121213,0.1406926406926407,0.019189765458422176,0.0
DFW-SAT,468,451,32.06430155210643,3.0,0.37915742793791574,0.2860310421286031,0.03632478632478633,0.002136752136752137
CLE-ORD,467,458,13.397379912663755,-4.0,0.1703056768558952,0.1331877729257642,0.019271948608137045,0.0
LGA-CLT,466,453,17.048565121412803,-4.0,0.2119205298013245,0.1545253863134658,0.030042918454935622,0.0
CMH-ORD,465,460,17.91521739130435,-3.0,0.2108695652173913,0.14130434782608695,0.012903225806451613,0.0
LAX-SJC,464,462,3.8506493506493507,-5.0,0.16017316017316016,0.08225108225108226,0.004310344827586207,0.0
BOS-SFO,463,460,13.534782608695652,-1.0,0.21521739130434783,0.14782608695652175,0.0064794816414686825,0.0021598272138228943
PDX-LAX,463,458,1.6288209606986899,-6.0,0.11790393013100436,0.07860262008733625,0.01079913606911447,0.0
DCA-MCO,462,455,26.024175824175824,-2.0,0.24395604395604395,0.18461538461538463,0.015151515151515152,0.0021645021645021645
PDX-DEN,462,461,6.368763557483731,-2.0,0.18872017353579176,0.11279826464208242,0.0021645021645021645,0.0
ORD-CLE,460,449,18.77728285077951,-1.0,0.2583518930957684,0.18485523385300667,0.02391304347826087,0.0
CLT-BOS,459,456,14.070175438596491,-2.0,0.25219298245614036,0.18859649122807018,0.006535947712418301,0.0
DFW-MIA,459,453,23.14569536423841,3.0,0.32229580573951433,0.20088300220750552,0.013071895424836602,0.002178649237472767
MCO-DCA,458,454,19.883259911894275,0.0,0.28634361233480177,0.1762114537444934,0.013100436681222707,0.002183406113537118
LAS-SNA,457,455,9.068131868131868,0.0,0.21318681318681318,0.13626373626373625,0.00437636761487965,0.002188183807439825
LGA-DCA,456,442,10.205882352941176,-4.0,0.19457013574660634,0.12669683257918551,0.03508771929824561,0.0021929824561403508
SEA-PDX,456,451,7.405764966740577,-3.0,0.164079822616408,0.09534368070953436,0.010964912280701754,0.0
EWR-SFO,455,445,31.849438202247192,0.0,0.35280898876404493,0.2696629213483146,0.02857142857142857,0.002197802197802198
ORD-BNA,455,450,15.617777777777778,-1.0,0.2511111111111111,0.1711111111111111,0.013186813186813187,0.004395604395604396
MIA-ORD,455,453,14.388520971302428,-2.0,0.2229580573951435,0.152317880794702,0.004395604395604396,0.002197802197802198
CLT-ATL,454,447,14.138702460850112,-2.0,0.22371364653243847,0.14541387024608501,0.015418502202643172,0.0
PHL-ORD,453,445,19.359550561797754,-3.0,0.2247191011235955,0.16853932584269662,0.019867549668874173,0.0
ATL-IAH,453,443,13.352144469525959,0.0,0.23024830699774265,0.16478555304740405,0.02207505518763797,0.0
ORD-MKE,452,435,24.666666666666668,-1.0,0.27586206896551724,0.20689655172413793,0.03761061946902655,0.0022123893805309734
SEA-SJC,452,448,4.975446428571429,-3.0,0.1875,0.08035714285714286,0.008849557522123894,0.0
DCA-LGA,451,434,12.47926267281106,-3.0,0.2534562211981567,0.17511520737327188,0.04212860310421286,0.0
ATL-MSY,451,443,10.485327313769751,-3.0,0.20090293453724606,0.12866817155756208,0.017738359201773836,0.0022172949002217295
BOS-LAX,451,451,12.277161862527716,-2.0,0.18181818181818182,0.1286031042128603,0.0,0.0022172949002217295
BOS-MCO,450,440,18.629545454545454,-1.0,0.25,0.18863636363636363,0.022222222222222223,0.006666666666666667
ATL-AUS,449,445,10.71685393258427,-1.0,0.23370786516853934,0.14831460674157304,0.008908685968819599,0.0022271714922048997
LGA-IAH,449,440,12.988636363636363,-4.0,0.175,0.13636363636363635,0.0200445434298441,0.0
SNA-PHX,449,445,10.501123595505618,-2.0,0.18651685393258427,0.1146067415730337,0.008908685968819599,0.0022271714922048997
MSY-ATL,449,438,9.08675799086758,-3.0,0.18036529680365296,0.10273972602739725,0.024498886414253896,0.0022271714922048997
SEA-SLC,448,442,7.95475113122172,-2.0,0.19230769230769232,0.11990950226244344,0.013392857142857142,0.0
DEN-LGA,447,441,20.64172335600907,1.0,0.2925170068027211,0.19501133786848074,0.015659955257270694,0.006711409395973154
ATL-RDU,445,440,8.268181818181818,-3.0,0.18636363636363637,0.12045454545454545,0.011235955056179775,0.0
IAH-ATL,445,435,15.383908045977012,-1.0,0.22988505747126436,0.16091954022988506,0.02247191011235955,0.0
LAS-BUR,445,442,9.52262443438914,-2.0,0.20135746606334842,0.13122171945701358,0.006741573033707865,0.0044943820224719105
ORD-CLT,444,439,11.977220956719817,-2.0,0.20273348519362186,0.13895216400911162,0.01126126126126126,0.0022522522522522522
ORD-MIA,444,438,12.267123287671232,-2.0,0.2146118721461187,0.14383561643835616,0.013513513513513514,0.0
IAH-LGA,443,440,20.820454545454545,-1.5,0.2727272727272727,0.2159090909090909,0.009029345372460496,0.011286681715575621
BUR-LAS,443,439,9.148063781321184,-3.0,0.20501138952164008,0.13211845102505695,0.009029345372460496,0.0
SLC-SEA,441,436,6.254587155963303,-3.0,0.1811926605504587,0.0963302752293578,0.013605442176870748,0.0
RDU-ATL,441,437,8.148741418764303,-2.0,0.15102974828375287,0.09839816933638444,0.011337868480725623,0.0
JFK-ATL,439,432,15.453703703703704,-1.0,0.2175925925925926,0.13194444444444445,0.015945330296127564,0.00683371298405467
ATL-JFK,438,431,28.907192575406032,2.0,0.33410672853828305,0.23201856148491878,0.0182648401826484,0.0045662100456621
SEA-SMF,437,436,7.669724770642202,-2.0,0.22018348623853212,0.13073394495412843,0.002288329519450801,0.0
LAX-SLC,436,435,5.903448275862069,-4.0,0.12873563218390804,0.07126436781609195,0.0022935779816513763,0.0022935779816513763
IAH-DEN,436,434,14.119815668202765,-1.0,0.2119815668202765,0.1313364055299539,0.0045871559633027525,0.0045871559633027525
LAS-SJC,435,433,11.579676674364896,0.0,0.24249422632794457,0.12702078521939955,0.004597701149425287,0.0
SJC-SEA,435,430,5.934883720930233,-5.0,0.15348837209302327,0.09302325581395349,0.011494252873563218,0.0022988505747126436
SLC-LAX,435,431,4.450116009280743,-3.0,0.1531322505800464,0.08584686774941995,0.009195402298850575,0.0
CLT-ORD,432,426,14.51643192488263,-2.0,0.23943661971830985,0.1619718309859155,0.016203703703703703,0.006944444444444444
SEA-SAN,432,427,8.021077283372366,-2.0,0.23185011709601874,0.11475409836065574,0.011574074074074073,0.0023148148148148147
DEN-PDX,431,428,13.261682242990654,2.0,0.2616822429906542,0.13551401869158877,0.0069605568445475635,0.0
SAN-SEA,431,426,14.7981220657277,-3.0,0.20657276995305165,0.14084507042253522,0.01160092807424594,0.0
DEN-AUS,431,428,14.908878504672897,-1.0,0.24532710280373832,0.17289719626168223,0.0069605568445475635,0.0
SMF-SEA,431,430,6.013953488372093,-4.0,0.1697674418604651,0.09302325581395349,0.002320185614849188,0.004640371229698376
SAT-DFW,428,417,22.58992805755396,-4.0,0.2302158273381295,0.1750599520383693,0.02570093457943925,0.002336448598130841
SNA-LAS,428,427,10.775175644028103,-2.0,0.21311475409836064,0.13348946135831383,0.002336448598130841,0.0
SFO-SNA,427,421,5.104513064133017,-4.0,0.1876484560570071,0.09738717339667459,0.01405152224824356,0.0
MCI-DEN,427,425,15.985882352941177,-1.0,0.22588235294117648,0.16705882352941176,0.00468384074941452,0.00702576112412178
SFO-EWR,425,419,26.64200477326969,0.0,0.31026252983293556,0.21479713603818615,0.01411764705882353,0.002352941176470588
DFW-SFO,425,417,31.194244604316548,4.0,0.354916067146283,0.2589928057553957,0.018823529411764704,0.0
ATL-JAX,424,416,14.009615384615385,-1.0,0.2764423076923077,0.16105769230769232,0.02358490566037736,0.0
JAX-ATL,423,419,13.042959427207638,-2.0,0.1957040572792363,0.1360381861575179,0.009456264775413711,0.002364066193853428
BNA-DCA,423,410,12.446341463414635,-3.0,0.25609756097560976,0.1878048780487805,0.030732860520094562,0.009456264775413711
LGA-FLL,421,410,17.202439024390245,-1.0,0.24634146341463414,0.17073170731707318,0.026128266033254157,0.0
AUS-ATL,419,410,11.417073170731708,-2.0,0.20243902439024392,0.12195121951219512,0.021479713603818614,0.00477326968973747
DFW-CLT,419,411,19.214111922141118,1.0,0.29683698296836986,0.1897810218978102,0.021479713603818614,0.0
BNA-ATL,419,419,6.894988066825776,-3.0,0.15990453460620524,0.1026252983293556,0.0,0.0
SJU-JFK,419,414,13.876811594202898,-2.0,0.1956521739130435,0.13768115942028986,0.014319809069212411,0.0
BOS-DEN,418,418,11.894736842105264,-1.0,0.22488038277511962,0.1507177033492823,0.0,0.0023923444976076554
CLT-DFW,417,407,15.321867321867321,-1.0,0.21375921375921375,0.14987714987714987,0.023980815347721823,0.009592326139088728
FLL-LGA,415,405,19.439506172839508,0.0,0.2938271604938272,0.21975308641975308,0.024096385542168676,0.0024096385542168677
PDX-PHX,415,413,7.472154963680388,-3.0,0.18159806295399517,0.09927360774818401,0.004819277108433735,0.004819277108433735
MIA-DCA,414,410,14.71219512195122,-2.0,0.25365853658536586,0.17804878048780487,0.00966183574879227,0.004830917874396135
BOS-CLT,412,404,10.363861386138614,-5.0,0.19554455445544555,0.15346534653465346,0.019417475728155338,0.0
SEA-SNA,412,409,4.762836185819071,-4.0,0.17359413202933985,0.10268948655256724,0.007281553398058253,0.0024271844660194173
PHX-PDX,412,411,11.498783454987835,-2.0,0.20924574209245742,0.1411192214111922,0.0024271844660194173,0.0
MIA-EWR,407,403,18.87344913151365,-1.0,0.28287841191067,0.21588089330024815,0.009828009828009828,0.002457002457002457
JFK-SJU,407,402,14.771144278606965,-2.0,0.23880597014925373,0.15422885572139303,0.012285012285012284,0.0
CLT-PHL,406,398,18.321608040201006,-1.0,0.2562814070351759,0.16331658291457288,0.019704433497536946,0.0
BOS-BWI,405,401,14.049875311720697,-1.0,0.24189526184538654,0.15211970074812967,0.009876543209876543,0.0
PIT-ORD,405,401,11.608478802992519,-4.0,0.16957605985037408,0.09975062344139651,0.012345679012345678,0.0
SNA-SEA,405,398,5.417085427135678,-5.0,0.16331658291457288,0.10301507537688442,0.019753086419753086,0.0024691358024691358
PHX-SNA,404,402,15.216417910447761,-1.0,0.2736318407960199,0.16169154228855723,0.0049504950495049506,0.0
EWR-BOS,404,380,15.236842105263158,-3.0,0.24736842105263157,0.19473684210526315,0.06188118811881188,0.0
DTW-LGA,403,395,15.582278481012658,-3.0,0.20759493670886076,0.1670886075949367,0.019851116625310174,0.0024813895781637717
LGA-DTW,402,395,12.29620253164557,-4.0,0.18227848101265823,0.1291139240506329,0.01990049751243781,0.0
SJC-LAS,401,397,9.158690176322418,-1.0,0.2040302267002519,0.14105793450881612,0.00997506234413965,0.0
MIA-IAH,401,395,19.10126582278481,-2.0,0.27848101265822783,0.1848101265822785,0.014962593516209476,0.004987531172069825
HOU-DAL,400,388,9.56958762886598,-1.0,0.20103092783505155,0.1134020618556701,0.03,0.0025
SLC-LAS,400,398,12.50251256281407,-2.0,0.228643216080402,0.1457286432160804,0.005,0.0
DFW-DTW,400,394,17.543147208121827,-1.0,0.2639593908629442,0.19035532994923857,0.0175,0.0025
DFW-BOS,400,391,27.654731457800512,0.0,0.3248081841432225,0.24296675191815856,0.025,0.0
EWR-MIA,399,389,18.817480719794343,-3.0,0.19023136246786632,0.13367609254498714,0.02506265664160401,0.002506265664160401
DCA-MIA,399,391,15.87468030690537,-3.0,0.23017902813299232,0.15601023017902813,0.020050125313283207,0.005012531328320802
DEN-MCI,399,394,14.190355329949238,0.0,0.2182741116751269,0.12944162436548223,0.015037593984962405,0.0
DCA-BNA,399,382,12.324607329842932,-2.0,0.23821989528795812,0.1518324607329843,0.045112781954887216,0.002506265664160401
CLT-MIA,397,394,15.606598984771574,0.0,0.2715736040609137,0.15228426395939088,0.007556675062972292,0.0
JFK-FLL,397,383,17.407310704960835,0.0,0.2454308093994778,0.17232375979112272,0.03526448362720403,0.007556675062972292
DAL-HOU,396,383,16.715404699738905,0.0,0.2819843342036554,0.1618798955613577,0.03282828282828283,0.0025252525252525255
AUS-LAX,396,393,16.46055979643766,-3.0,0.21628498727735368,0.13740458015267176,0.007575757575757576,0.0025252525252525255
BWI-BOS,396,384,19.296875,0.0,0.2916666666666667,0.1953125,0.030303030303030304,0.0
CVG-ORD,395,386,17.183937823834196,-4.0,0.16580310880829016,0.11658031088082901,0.02278481012658228,0.005063291139240506
ATL-BNA,395,392,10.02295918367347,-2.0,0.21683673469387754,0.14540816326530612,0.007594936708860759,0.002531645569620253
BNA-LGA,395,378,13.52116402116402,-2.0,0.25925925925925924,0.164021164021164,0.043037974683544304,0.005063291139240506
LAS-OAK,395,392,15.33673469387755,3.0,0.29591836734693877,0.18622448979591838,0.007594936708860759,0.0
DTW-MCO,394,392,17.084183673469386,-1.0,0.23979591836734693,0.16581632653061223,0.005076142131979695,0.007614213197969543
CLT-BNA,394,384,14.966145833333334,-2.0,0.21354166666666666,0.1328125,0.027918781725888325,0.0
JFK-LAS,391,389,9.478149100257069,-3.0,0.19794344473007713,0.13110539845758354,0.0076726342710997444,0.0
FLL-JFK,391,380,19.91578947368421,1.0,0.29736842105263156,0.19473684210526315,0.028132992327365727,0.01278772378516624
DEN-SNA,391,387,8.431524547803617,0.0,0.2041343669250646,0.12403100775193798,0.010230179028132993,0.0
SMF-DEN,390,388,10.286082474226804,-1.0,0.211340206185567,0.13659793814432988,0.005128205128205128,0.007692307692307693
DTW-CLT,390,388,5.804123711340206,-5.0,0.16237113402061856,0.1134020618556701,0.005128205128205128,0.0
BOS-FLL,390,387,25.728682170542637,1.0,0.29198966408268734,0.20155038759689922,0.007692307692307693,0.007692307692307693
PBI-ATL,390,384,8.638020833333334,-2.0,0.20052083333333334,0.1328125,0.015384615384615385,0.007692307692307693
DEN-IAD,389,387,11.082687338501293,-1.0,0.2144702842377261,0.13178294573643412,0.005141388174807198,0.0
SFO-DFW,389,384,15.846354166666666,-2.0,0.23177083333333334,0.15104166666666666,0.012853470437017995,0.005141388174807198
OAK-LAS,388,385,7.87012987012987,0.0,0.1974025974025974,0.11688311688311688,0.007731958762886598,0.002577319587628866
MCO-MIA,388,384,18.098958333333332,-2.0,0.22135416666666666,0.1640625,0.010309278350515464,0.0
LAS-JFK,387,378,14.698412698412698,-2.0,0.21164021164021163,0.14285714285714285,0.023255813953488372,0.007751937984496124
DTW-DFW,387,380,12.76578947368421,-3.0,0.23684210526315788,0.14736842105263157,0.01808785529715762,0.002583979328165375
MKE-ORD,386,381,24.937007874015748,-4.0,0.29396325459317585,0.2283464566929134,0.012953367875647668,0.0
BNA-CLT,386,381,23.241469816272964,-1.0,0.2782152230971129,0.1889763779527559,0.012953367875647668,0.0025906735751295338
IAH-MIA,385,382,26.895287958115183,-1.0,0.23298429319371727,0.16230366492146597,0.007792207792207792,0.005194805194805195
DEN-STL,385,384,15.369791666666666,1.0,0.2578125,0.171875,0.0025974025974025974,0.007792207792207792
IAD-ATL,385,378,18.74867724867725,-1.5,0.25396825396825395,0.164021164021164,0.01818181818181818,0.005194805194805195
MCI-ORD,384,369,9.317073170731707,-5.0,0.14905149051490515,0.10298102981029811,0.041666666666666664,0.0
BOS-EWR,383,374,17.879679144385026,-4.0,0.23529411764705882,0.1925133689839572,0.02349869451697128,0.0
MIA-CLT,383,380,13.736842105263158,-2.0,0.2236842105263158,0.16842105263157894,0.013054830287206266,0.0026109660574412533
LAS-SLC,382,380,8.044736842105262,-3.0,0.18421052631578946,0.12894736842105264,0.005235602094240838,0.0
BOI-SEA,381,378,1.6322751322751323,-6.0,0.09259259259259259,0.05291005291005291,0.007874015748031496,0.0
MIA-BOS,381,373,21.726541554959784,-1.0,0.3002680965147453,0.225201072386059,0.023622047244094488,0.0026246719160104987
DEN-BOS,381,380,16.24736842105263,1.0,0.2710526315789474,0.2,0.0026246719160104987,0.0
ATL-PBI,381,378,11.224867724867725,-0.5,0.23809523809523808,0.1349206349206349,0.007874015748031496,0.0026246719160104987
SLC-DFW,380,375,13.768,-3.0,0.2,0.16533333333333333,0.015789473684210527,0.005263157894736842
RNO-LAS,380,373,7.79088471849866,-3.0,0.19302949061662197,0.12064343163538874,0.018421052631578946,0.0
DFW-DCA,379,368,17.23913043478261,-1.0,0.28532608695652173,0.18478260869565216,0.029023746701846966,0.005277044854881266
LGA-BNA,378,363,19.853994490358126,-1.0,0.2865013774104683,0.22038567493112948,0.042328042328042326,0.0026455026455026454
LAS-RNO,377,372,12.833333333333334,0.0,0.25,0.14516129032258066,0.015915119363395226,0.002652519893899204
ORD-MCI,377,373,17.262734584450403,-2.0,0.24932975871313673,0.17962466487935658,0.010610079575596816,0.002652519893899204
IAH-EWR,376,372,23.311827956989248,0.0,0.27419354838709675,0.19623655913978494,0.010638297872340425,0.010638297872340425
DFW-SLC,376,364,20.964285714285715,0.0,0.32967032967032966,0.21978021978021978,0.031914893617021274,0.005319148936170213
SMF-PHX,376,372,9.78763440860215,-1.0,0.19623655913978494,0.09946236559139784,0.010638297872340425,0.0026595744680851063
BNA-DEN,376,374,12.903743315508022,0.0,0.2620320855614973,0.17647058823529413,0.005319148936170213,0.0026595744680851063
ORD-RDU,375,371,17.93800539083558,-2.0,0.261455525606469,0.16981132075471697,0.013333333333333334,0.0
DEN-SMF,374,374,16.56951871657754,1.0,0.27807486631016043,0.18983957219251338,0.0,0.0
ORD-CVG,373,366,9.96448087431694,-2.0,0.20491803278688525,0.13114754098360656,0.01876675603217158,0.0
MSP-ATL,372,372,13.440860215053764,-1.0,0.19623655913978494,0.11827956989247312,0.0,0.0
EWR-CLT,372,359,17.23955431754875,-3.0,0.20055710306406685,0.16434540389972144,0.03763440860215054,0.0
PHX-SMF,372,370,10.843243243243244,0.0,0.21081081081081082,0.14054054054054055,0.005376344086021506,0.0
BOS-DFW,372,365,12.506849315068493,-2.0,0.2356164383561644,0.1780821917808219,0.01881720430107527,0.013440860215053764
CLT-RDU,371,367,15.569482288828338,-2.0,0.2452316076294278,0.17983651226158037,0.01078167115902965,0.0
SEA-BOI,371,369,4.880758807588076,-3.0,0.17886178861788618,0.10298102981029811,0.005390835579514825,0.0
MCO-DTW,370,368,18.706521739130434,-2.0,0.19021739130434784,0.13858695652173914,0.005405405405405406,0.0
ATL-STL,369,364,9.076923076923077,-3.0,0.17307692307692307,0.11538461538461539,0.013550135501355014,0.0
CLT-DTW,369,368,12.195652173913043,-3.0,0.22010869565217392,0.15760869565217392,0.005420054200542005,0.0027100271002710027
ATL-IAD,368,359,13.699164345403899,-2.0,0.24233983286908078,0.16434540389972144,0.024456521739130436,0.002717391304347826
IAH-LAS,368,365,10.682191780821919,-2.0,0.19726027397260273,0.11506849315068493,0.008152173913043478,0.0
CLT-EWR,368,363,21.644628099173552,-2.0,0.24517906336088155,0.19008264462809918,0.021739130434782608,0.002717391304347826
SFO-PDX,367,366,8.237704918032787,-3.0,0.1912568306010929,0.12021857923497267,0.0027247956403269754,0.0
BOS-MIA,367,365,11.106849315068493,-2.0,0.18904109589041096,0.14520547945205478,0.005449591280653951,0.0027247956403269754
XNA-DFW,367,358,16.57262569832402,-3.0,0.22346368715083798,0.15921787709497207,0.02997275204359673,0.008174386920980926
ORD-PIT,365,361,9.89196675900277,-2.0,0.1994459833795014,0.11357340720221606,0.010958904109589041,0.0
ATL-MSP,365,364,9.046703296703297,-1.0,0.1813186813186813,0.10989010989010989,0.005479452054794521,0.0
RDU-CLT,364,358,20.98603351955307,-4.0,0.18435754189944134,0.13128491620111732,0.016483516483516484,0.0
ATL-PHX,364,363,17.267217630853995,-1.0,0.23415977961432508,0.1487603305785124,0.0027472527472527475,0.0027472527472527475
SFO-IAH,364,363,5.988980716253444,-3.0,0.15702479338842976,0.0743801652892562,0.005494505494505495,0.005494505494505495
PHL-CLT,363,355,20.692957746478875,-3.0,0.2647887323943662,0.18028169014084508,0.02203856749311295,0.0
LAS-IAH,363,362,4.1878453038674035,-4.0,0.11878453038674033,0.0718232044198895,0.0027548209366391185,0.0027548209366391185
SLC-SFO,360,357,13.857142857142858,-3.0,0.23529411764705882,0.12885154061624648,0.008333333333333333,0.002777777777777778
TPA-CLT,359,356,10.109550561797754,-5.5,0.14606741573033707,0.09550561797752809,0.008356545961002786,0.0
OAK-SAN,359,351,11.74074074074074,0.0,0.245014245014245,0.15669515669515668,0.022284122562674095,0.002785515320334262
ATL-DAL,358,350,10.574285714285715,-1.0,0.2257142857142857,0.13428571428571429,0.0223463687150838,0.0
IAH-SFO,358,353,13.220963172804533,0.0,0.23229461756373937,0.1501416430594901,0.013966480446927373,0.0
SAN-DFW,358,351,13.142450142450143,-2.0,0.19658119658119658,0.1339031339031339,0.019553072625698324,0.0
EWR-IAH,358,353,18.155807365439095,-2.0,0.23229461756373937,0.1643059490084986,0.013966480446927373,0.002793296089385475
DEN-BNA,357,356,16.769662921348313,1.0,0.2752808988764045,0.18820224719101122,0.0056022408963585435,0.008403361344537815
ORD-GRR,356,354,16.45762711864407,-1.0,0.2231638418079096,0.1553672316384181,0.0056179775280898875,0.0
DFW-XNA,355,346,16.606936416184972,-2.0,0.2254335260115607,0.15028901734104047,0.028169014084507043,0.005633802816901409
PHX-BUR,354,348,12.988505747126437,-2.0,0.25287356321839083,0.16666666666666666,0.01977401129943503,0.002824858757062147
MIA-MCO,354,352,21.738636363636363,-1.0,0.28125,0.21306818181818182,0.005649717514124294,0.0
LAX-AUS,353,352,8.036931818181818,-3.5,0.17613636363636365,0.11647727272727272,0.0056657223796034,0.0
GRR-ORD,353,345,10.382608695652173,-4.0,0.1855072463768116,0.1246376811594203,0.0226628895184136,0.0
IND-ATL,352,346,5.2514450867052025,-5.0,0.12716763005780346,0.06647398843930635,0.017045454545454544,0.005681818181818182
DFW-BNA,351,340,23.264705882352942,2.0,0.35,0.22647058823529412,0.03133903133903134,0.0
FLL-BOS,351,345,24.026086956521738,0.0,0.33043478260869563,0.24347826086956523,0.017094017094017096,0.002849002849002849
PHX-ABQ,350,348,10.123563218390805,-2.0,0.21264367816091953,0.12931034482758622,0.005714285714285714,0.0
ATL-CLE,348,344,11.633720930232558,-2.0,0.22674418604651161,0.125,0.011494252873563218,0.0028735632183908046
IAH-MCO,348,345,16.77391304347826,-2.0,0.24347826086956523,0.1681159420289855,0.011494252873563218,0.005747126436781609
PHX-AUS,348,348,14.683908045977011,0.0,0.25287356321839083,0.16666666666666666,0.0,0.0
DFW-SAN,347,340,19.973529411764705,2.0,0.3235294117647059,0.21764705882352942,0.020172910662824207,0.005763688760806916
MCO-BNA,347,346,13.806358381502891,0.0,0.27167630057803466,0.16473988439306358,0.002881844380403458,0.002881844380403458
CLT-TPA,347,342,13.75438596491228,-2.0,0.2309941520467836,0.14035087719298245,0.01440922190201729,0.002881844380403458
MCI-ATL,347,345,8.339130434782609,-3.0,0.13043478260869565,0.08405797101449275,0.005763688760806916,0.0
PBI-EWR,346,338,22.668639053254438,-1.0,0.28994082840236685,0.22781065088757396,0.023121387283236993,0.002890173410404624
SNA-DEN,346,343,15.291545189504372,-2.0,0.2478134110787172,0.16034985422740525,0.008670520231213872,0.008670520231213872
PHX-MSP,346,343,10.801749271137027,-3.0,0.21282798833819241,0.1457725947521866,0.008670520231213872,0.002890173410404624
IAD-DEN,346,345,13.611594202898551,-1.0,0.19710144927536233,0.12173913043478261,0.002890173410404624,0.02023121387283237
SFO-SLC,344,343,12.314868804664723,-3.0,0.239067055393586,0.16034985422740525,0.0029069767441860465,0.0
ATL-IND,344,339,6.56047197640118,-3.0,0.17404129793510326,0.0943952802359882,0.014534883720930232,0.0
STL-ATL,344,339,8.0,-3.0,0.14454277286135694,0.09734513274336283,0.014534883720930232,0.0
ABQ-PHX,343,342,16.789473684210527,-3.0,0.195906432748538,0.14327485380116958,0.0029154518950437317,0.0
ABQ-DEN,343,340,16.49705882352941,-2.0,0.21470588235294116,0.16470588235294117,0.008746355685131196,0.0029154518950437317
ATL-CMH,343,339,12.227138643067846,-2.0,0.2359882005899705,0.13864306784660768,0.011661807580174927,0.0
BWI-FLL,343,338,11.621301775147929,0.0,0.2692307692307692,0.14497041420118342,0.014577259475218658,0.0029154518950437317
PHX-ATL,341,337,11.801186943620179,0.0,0.16913946587537093,0.10682492581602374,0.011730205278592375,0.0
ORD-MSN,341,328,15.448170731707316,-2.0,0.25609756097560976,0.18902439024390244,0.03812316715542522,0.0
SAN-OAK,341,336,11.738095238095237,1.0,0.28273809523809523,0.17559523809523808,0.01466275659824047,0.0
PDX-SFO,341,337,6.765578635014837,-4.0,0.14540059347181009,0.09792284866468842,0.011730205278592375,0.0
RDU-ORD,341,336,11.610119047619047,-4.0,0.1488095238095238,0.10416666666666667,0.01466275659824047,0.0
ATL-SFO,340,334,14.724550898203592,0.0,0.2634730538922156,0.1497005988023952,0.01764705882352941,0.0
EWR-PBI,340,335,12.0955223880597,-4.0,0.22686567164179106,0.15223880597014924,0.014705882352941176,0.0
SAN-ORD,339,335,15.4,-3.0,0.191044776119403,0.12835820895522387,0.011799410029498525,0.0029498525073746312
EWR-DTW,339,331,16.51057401812689,-4.0,0.2084592145015106,0.1661631419939577,0.02359882005899705,0.0
ATL-MEM,338,333,9.477477477477477,-3.0,0.1921921921921922,0.10810810810810811,0.014792899408284023,0.0
DFW-MSP,338,327,19.513761467889907,-2.0,0.2874617737003058,0.20795107033639143,0.03254437869822485,0.0029585798816568047
DFW-OKC,338,326,21.782208588957054,0.0,0.3312883435582822,0.22699386503067484,0.03550295857988166,0.005917159763313609
DAL-LAS,337,329,12.80547112462006,2.0,0.22492401215805471,0.1458966565349544,0.02373887240356083,0.002967359050445104
DFW-EWR,337,329,26.972644376899694,-1.0,0.3069908814589666,0.23708206686930092,0.026706231454005934,0.005934718100890208
CMH-ATL,336,330,9.878787878787879,-4.0,0.1484848484848485,0.11212121212121212,0.017857142857142856,0.005952380952380952
DFW-PHL,336,324,24.311728395061728,2.0,0.3611111111111111,0.22530864197530864,0.03869047619047619,0.002976190476190476
DAL-ATL,336,328,14.548780487804878,-1.0,0.2073170731707317,0.13719512195121952,0.023809523809523808,0.002976190476190476
OMA-DEN,336,332,10.978915662650602,-3.0,0.18373493975903615,0.15060240963855423,0.011904761904761904,0.002976190476190476
DEN-SJC,335,334,14.940119760479043,1.0,0.281437125748503,0.16766467065868262,0.0029850746268656717,0.0
CLE-ATL,335,323,14.430340557275542,-3.0,0.1609907120743034,0.11145510835913312,0.03582089552238806,0.0029850746268656717
MIA-LAX,334,334,13.658682634730539,-1.0,0.2215568862275449,0.1467065868263473,0.0,0.0
DEN-OMA,334,328,12.539634146341463,-1.0,0.25,0.1524390243902439,0.017964071856287425,0.0
CMH-LGA,334,324,6.061728395061729,-5.0,0.1728395061728395,0.10185185185185185,0.03592814371257485,0.0029940119760479044
MSN-ORD,334,328,12.807926829268293,-6.0,0.1676829268292683,0.11280487804878049,0.020958083832335328,0.0
DEN-OKC,333,331,15.697885196374623,0.0,0.2688821752265861,0.19637462235649547,0.006006006006006006,0.006006006006006006
PHL-DFW,331,319,19.655172413793103,-2.0,0.21630094043887146,0.13793103448275862,0.03927492447129909,0.0
STL-DEN,331,328,15.676829268292684,0.0,0.2896341463414634,0.14939024390243902,0.00906344410876133,0.0030211480362537764
PHX-ONT,329,328,12.926829268292684,-1.0,0.24695121951219512,0.1676829268292683,0.00303951367781155,0.00303951367781155
SFO-ATL,329,325,13.003076923076923,-1.0,0.19692307692307692,0.12,0.0121580547112462,0.00303951367781155
LAS-PDX,329,325,10.975384615384616,-1.0,0.26461538461538464,0.16307692307692306,0.0121580547112462,0.00303951367781155
BWI-CLT,328,324,15.083333333333334,-1.0,0.25617283950617287,0.16358024691358025,0.012195121951219513,0.003048780487804878
FLL-ORD,328,327,13.207951070336392,-3.0,0.20489296636085627,0.1559633027522936,0.003048780487804878,0.006097560975609756
BHM-ATL,326,320,5.85625,-5.0,0.1,0.06875,0.018404907975460124,0.0
MSP-DFW,325,320,16.15,-3.0,0.23125,0.178125,0.015384615384615385,0.0
MIA-TPA,325,321,17.601246105919003,-2.0,0.26791277258566976,0.17445482866043613,0.012307692307692308,0.0
DCA-DFW,325,318,11.358490566037736,-3.0,0.20440251572327045,0.14779874213836477,0.021538461538461538,0.003076923076923077
OKC-DFW,325,313,8.980830670926517,-5.0,0.1757188498402556,0.12779552715654952,0.04,0.0
ATL-MDW,325,322,13.037267080745341,0.0,0.2515527950310559,0.14906832298136646,0.009230769230769232,0.003076923076923077
EWR-DEN,325,320,8.54375,-3.0,0.20625,0.125,0.018461538461538463,0.0
TPA-DEN,325,324,8.864197530864198,-1.0,0.20679012345679013,0.12654320987654322,0.003076923076923077,0.0
PHX-JFK,325,317,24.309148264984227,-1.0,0.22082018927444794,0.14195583596214512,0.024615384615384615,0.003076923076923077
DEN-TUS,325,324,14.904320987654321,0.0,0.22530864197530864,0.16049382716049382,0.003076923076923077,0.003076923076923077
ORD-TPA,324,320,12.165625,-3.0,0.20625,0.134375,0.012345679012345678,0.0030864197530864196
ATL-SEA,324,323,10.693498452012383,0.0,0.1826625386996904,0.10835913312693499,0.006172839506172839,0.0
DEN-EWR,324,324,19.462962962962962,0.0,0.2716049382716049,0.2006172839506173,0.0,0.006172839506172839
PHX-TUS,323,323,11.91950464396285,-4.0,0.15479876160990713,0.1021671826625387,0.0,0.0
MEM-ATL,323,319,7.147335423197492,-5.0,0.13479623824451412,0.09404388714733543,0.01238390092879257,0.0
STL-ORD,323,316,15.25632911392405,-4.0,0.18354430379746836,0.12658227848101267,0.021671826625386997,0.0
FLL-CLT,322,319,10.006269592476489,-4.0,0.19122257053291536,0.13479623824451412,0.009316770186335404,0.0
LAX-MIA,322,321,10.0,-1.0,0.16199376947040497,0.1059190031152648,0.003105590062111801,0.003105590062111801
SEA-JFK,321,315,11.028571428571428,0.0,0.23174603174603176,0.14285714285714285,0.018691588785046728,0.01557632398753894
DTW-EWR,320,310,21.083870967741934,-3.0,0.2645161290322581,0.2064516129032258,0.0375,0.0
BNA-DFW,320,311,26.684887459807072,-2.0,0.2604501607717042,0.19935691318327975,0.028125,0.003125
MCO-IAH,320,317,17.16403785488959,-3.0,0.21766561514195584,0.1640378548895899,0.009375,0.0125
OAK-BUR,320,314,9.589171974522293,-2.0,0.2197452229299363,0.13694267515923567,0.01875,0.0
CLT-FLL,320,314,12.636942675159236,-1.5,0.25477707006369427,0.1624203821656051,0.01875,0.0
SMF-BUR,319,312,6.333333333333333,-2.0,0.16346153846153846,0.09615384615384616,0.0219435736677116,0.003134796238244514
ATL-MCI,319,315,7.9714285714285715,-3.0,0.17777777777777778,0.11746031746031746,0.012539184952978056,0.003134796238244514
ORD-SAN,318,317,14.362776025236593,-1.0,0.21451104100946372,0.15457413249211358,0.0031446540880503146,0.006289308176100629
LAS-DAL,318,314,15.098726114649681,3.0,0.2898089171974522,0.14331210191082802,0.012578616352201259,0.009433962264150943
PDX-LAS,317,315,13.99047619047619,-1.0,0.20952380952380953,0.12063492063492064,0.006309148264984227,0.0031545741324921135
LGA-CMH,317,306,7.359477124183006,-6.0,0.18627450980392157,0.12418300653594772,0.03785488958990536,0.0
BUR-PHX,317,309,11.974110032362459,-4.0,0.14563106796116504,0.10679611650485436,0.025236593059936908,0.0
SGF-DFW,317,315,10.844444444444445,-3.0,0.18095238095238095,0.12698412698412698,0.00946372239747634,0.0031545741324921135
BNA-MCO,316,314,12.493630573248408,0.0,0.1942675159235669,0.12420382165605096,0.006329113924050633,0.0
IAH-MSY,316,311,10.27331189710611,-3.0,0.22508038585209003,0.14790996784565916,0.0189873417721519,0.0
MIA-PHL,316,309,13.94822006472492,-2.0,0.23624595469255663,0.16828478964401294,0.022151898734177215,0.0
AUS-BNA,316,315,12.974603174603175,-2.0,0.20317460317460317,0.13015873015873017,0.0031645569620253164,0.0031645569620253164
FLL-BWI,316,309,13.106796116504855,-1.0,0.23300970873786409,0.14563106796116504,0.022151898734177215,0.0
EWR-DFW,315,307,13.928338762214985,-3.0,0.19543973941368079,0.1498371335504886,0.02857142857142857,0.012698412698412698
BUR-OAK,314,307,6.250814332247557,-4.0,0.18241042345276873,0.10749185667752444,0.022292993630573247,0.0
DEN-ABQ,314,311,16.636655948553056,1.0,0.26688102893890675,0.18971061093247588,0.009554140127388535,0.0
DEN-TPA,314,313,9.907348242811501,0.0,0.22364217252396165,0.12140575079872204,0.0031847133757961785,0.0
SEA-ATL,313,306,16.19934640522876,-1.0,0.19607843137254902,0.12745098039215685,0.022364217252396165,0.009584664536741214
IAH-PHX,313,313,24.389776357827476,-2.0,0.23961661341853036,0.17891373801916932,0.0,0.0
OKC-DEN,313,310,10.464516129032258,-3.0,0.21935483870967742,0.14516129032258066,0.009584664536741214,0.0
PHL-MIA,313,307,17.90228013029316,-1.0,0.2182410423452769,0.1563517915309446,0.019169329073482427,0.0
SEA-HNL,312,310,20.57741935483871,3.0,0.3193548387096774,0.19032258064516128,0.00641025641025641,0.003205128205128205
PHX-IAH,311,307,4.869706840390879,-4.0,0.12052117263843648,0.08469055374592833,0.012861736334405145,0.003215434083601286
TPA-ORD,310,304,17.042763157894736,-4.0,0.17763157894736842,0.125,0.01935483870967742,0.0
LAS-DTW,310,309,6.313915857605178,-3.0,0.1423948220064725,0.09061488673139159,0.0032258064516129032,0.0
AUS-ORD,309,308,11.717532467532468,-3.0,0.22402597402597402,0.12987012987012986,0.003236245954692557,0.0
BWI-DEN,309,307,14.892508143322475,2.0,0.254071661237785,0.15309446254071662,0.006472491909385114,0.003236245954692557
HOU-ATL,308,304,8.226973684210526,-2.0,0.16776315789473684,0.10197368421052631,0.012987012987012988,0.0
HNL-SEA,308,304,14.299342105263158,0.0,0.21052631578947367,0.12171052631578948,0.016233766233766232,0.003246753246753247
TPA-MIA,308,305,18.695081967213113,-4.0,0.25245901639344265,0.17704918032786884,0.00974025974025974,0.006493506493506494
DFW-TUL,308,300,19.30666666666667,-1.0,0.27666666666666667,0.21666666666666667,0.025974025974025976,0.003246753246753247
MDW-ATL,308,303,8.448844884488448,-3.0,0.22112211221122113,0.13861386138613863,0.01948051948051948,0.0
RDU-LGA,308,291,22.676975945017183,-3.0,0.24054982817869416,0.19243986254295534,0.07792207792207792,0.0
TUS-PHX,308,307,10.37785016286645,-6.0,0.1563517915309446,0.10749185667752444,0.003246753246753247,0.0
PBI-LGA,308,302,20.039735099337747,0.0,0.28807947019867547,0.19205298013245034,0.022727272727272728,0.006493506493506494
SLC-ATL,308,305,9.344262295081966,-1.0,0.18360655737704917,0.12131147540983607,0.00974025974025974,0.0
AUS-PHX,308,307,9.602605863192183,-1.0,0.23127035830618892,0.1498371335504886,0.003246753246753247,0.0
MSY-DFW,308,293,21.392491467576793,-2.0,0.2764505119453925,0.18771331058020477,0.048701298701298704,0.0
ORD-SLC,307,306,13.11437908496732,-1.0,0.23529411764705882,0.16666666666666666,0.003257328990228013,0.0
SAT-DEN,307,304,9.960526315789474,-4.0,0.19407894736842105,0.13815789473684212,0.009771986970684038,0.003257328990228013
ORD-DSM,307,300,11.743333333333334,-2.0,0.21666666666666667,0.15333333333333332,0.02280130293159609,0.003257328990228013
BUR-SFO,306,305,11.734426229508196,-5.0,0.18032786885245902,0.1180327868852459,0.0032679738562091504,0.0032679738562091504
AUS-LAS,306,302,14.2682119205298,3.0,0.2682119205298013,0.15562913907284767,0.013071895424836602,0.0032679738562091504
BOS-BNA,306,304,20.023026315789473,-0.5,0.3092105263157895,0.22697368421052633,0.006535947712418301,0.0
BOS-TPA,305,301,20.21594684385382,-1.0,0.26245847176079734,0.20930232558139536,0.01639344262295082,0.0
ONT-PHX,304,304,5.440789473684211,-3.5,0.14802631578947367,0.11513157894736842,0.0,0.0
DTW-BOS,304,301,13.720930232558139,-3.0,0.2425249169435216,0.16943521594684385,0.009868421052631578,0.0
PHL-DEN,304,299,14.759197324414716,0.0,0.25752508361204013,0.17391304347826086,0.019736842105263157,0.0
ATL-HOU,304,301,13.538205980066445,-1.0,0.26578073089701,0.14285714285714285,0.009868421052631578,0.0
SFO-BUR,303,301,9.16611295681063,-4.0,0.16943521594684385,0.12624584717607973,0.006600660066006601,0.0033003300330033004
PHX-SJC,303,302,12.927152317880795,-1.0,0.23841059602649006,0.1357615894039735,0.0033003300330033004,0.0
ATL-BHM,303,302,10.735099337748345,-3.0,0.18543046357615894,0.13245033112582782,0.0033003300330033004,0.0033003300330033004
ATL-CHS,303,299,5.538461538461538,-4.0,0.15719063545150502,0.09698996655518395,0.013201320132013201,0.0
PHL-DTW,303,299,20.29096989966555,-3.0,0.24749163879598662,0.18394648829431437,0.0165016501650165,0.0033003300330033004
SFO-IAD,303,302,8.97019867549669,-1.0,0.16556291390728478,0.08940397350993377,0.0033003300330033004,0.0033003300330033004
EWR-TPA,302,294,11.744897959183673,-4.0,0.22448979591836735,0.15306122448979592,0.026490066225165563,0.0033112582781456954
DAL-SAT,302,300,9.123333333333333,-1.0,0.23333333333333334,0.12666666666666668,0.006622516556291391,0.0
MCO-RDU,302,297,9.488215488215488,-5.0,0.20202020202020202,0.15151515151515152,0.016556291390728478,0.0
MSP-PHX,302,302,11.811258278145695,-1.5,0.2119205298013245,0.1423841059602649,0.0033112582781456954,0.0033112582781456954
DEN-BOI,301,300,15.323333333333334,0.0,0.24333333333333335,0.16,0.0033222591362126247,0.0
DEN-BWI,301,300,12.27,0.5,0.23,0.13666666666666666,0.0033222591362126247,0.0033222591362126247
SJC-DEN,301,300,7.1066666666666665,-1.0,0.19,0.11,0.0033222591362126247,0.0033222591362126247
ATL-SAT,300,296,9.655405405405405,-2.0,0.2195945945945946,0.12837837837837837,0.013333333333333334,0.0
DFW-SNA,299,289,12.373702422145328,-2.0,0.25259515570934254,0.18685121107266436,0.033444816053511704,0.0
BUR-SMF,299,295,3.7898305084745765,-4.0,0.13559322033898305,0.0711864406779661,0.013377926421404682,0.0
RAP-DEN,298,296,18.6722972972973,-5.0,0.17905405405405406,0.13175675675675674,0.006711409395973154,0.0
SAT-ATL,298,294,14.07482993197279,-1.0,0.20408163265306123,0.14965986394557823,0.013422818791946308,0.006711409395973154
DAL-DEN,298,294,18.537414965986393,3.0,0.3299319727891156,0.20408163265306123,0.013422818791946308,0.003355704697986577
IAD-SFO,298,297,17.885521885521886,-1.0,0.2255892255892256,0.13804713804713806,0.003355704697986577,0.0
PHX-CLT,298,298,5.761744966442953,-3.0,0.13087248322147652,0.06711409395973154,0.0,0.003355704697986577
LAS-AUS,297,296,16.01689189189189,0.0,0.28378378378378377,0.17905405405405406,0.006734006734006734,0.003367003367003367
MCO-MDW,297,292,13.79109589041096,2.0,0.3116438356164384,0.17465753424657535,0.016835016835016835,0.003367003367003367
RNO-DEN,297,295,10.254237288135593,-2.0,0.18983050847457628,0.1152542372881356,0.006734006734006734,0.010101010101010102
BNA-PHL,297,295,21.647457627118644,-1.0,0.2983050847457627,0.20677966101694914,0.010101010101010102,0.0
DEN-DAL,296,293,14.938566552901024,4.0,0.2832764505119454,0.17064846416382254,0.010135135135135136,0.006756756756756757
ATL-CVG,296,295,12.440677966101696,-2.0,0.20677966101694914,0.12542372881355932,0.0033783783783783786,0.0
IAH-FLL,296,294,12.03061224489796,-2.0,0.17006802721088435,0.1054421768707483,0.006756756756756757,0.0
MSP-MDW,295,292,9.698630136986301,-2.0,0.1815068493150685,0.1232876712328767,0.010169491525423728,0.0
DEN-SAT,295,295,14.894915254237288,1.0,0.2542372881355932,0.16271186440677965,0.0,0.006779661016949152
CHS-ATL,295,289,5.134948096885813,-4.0,0.1384083044982699,0.08996539792387544,0.020338983050847456,0.0
BNA-BOS,294,288,13.32986111111111,0.0,0.2777777777777778,0.17708333333333334,0.02040816326530612,0.003401360544217687
CLT-BWI,294,288,14.503472222222221,0.0,0.2604166666666667,0.14583333333333334,0.02040816326530612,0.0
DSM-ORD,294,287,9.16376306620209,-5.0,0.18118466898954705,0.1289198606271777,0.027210884353741496,0.0
DCA-CLT,294,290,22.417241379310344,-4.0,0.20344827586206896,0.15172413793103448,0.013605442176870748,0.003401360544217687
ONT-DEN,294,293,18.331058020477816,0.0,0.2593856655290102,0.21160409556313994,0.003401360544217687,0.003401360544217687
LAX-MCO,294,293,11.93174061433447,-2.0,0.18430034129692832,0.13993174061433447,0.006802721088435374,0.003401360544217687
DTW-DEN,293,293,8.849829351535837,-1.0,0.1945392491467577,0.11945392491467577,0.0,0.013651877133105802
MDW-PHX,293,289,15.352941176470589,2.0,0.2906574394463668,0.2041522491349481,0.013651877133105802,0.0034129692832764505
BOI-DEN,293,292,11.571917808219178,-3.0,0.17465753424657535,0.1232876712328767,0.006825938566552901,0.0034129692832764505
DFW-FLL,293,280,13.928571428571429,0.0,0.24285714285714285,0.16785714285714284,0.04778156996587031,0.0034129692832764505
LAX-PHL,293,292,16.256849315068493,-1.0,0.2705479452054795,0.1780821917808219,0.0034129692832764505,0.0
PIT-LGA,292,281,2.790035587188612,-5.0,0.11743772241992882,0.06405693950177936,0.04452054794520548,0.0
MSY-IAH,291,290,4.468965517241379,-6.0,0.12758620689655173,0.09655172413793103,0.003436426116838488,0.0
MDW-MCO,291,286,10.846153846153847,-1.0,0.1993006993006993,0.11538461538461539,0.01718213058419244,0.0
IAH-AUS,291,289,15.01038062283737,-1.0,0.24567474048442905,0.1695501730103806,0.006872852233676976,0.003436426116838488
TPA-BOS,291,287,17.16724738675958,-2.0,0.2682926829268293,0.1916376306620209,0.013745704467353952,0.0
ATL-GSP,291,290,5.875862068965517,-3.5,0.1896551724137931,0.10344827586206896,0.003436426116838488,0.0
JFK-SEA,290,288,14.121527777777779,0.0,0.2569444444444444,0.1597222222222222,0.013793103448275862,0.006896551724137931
DCA-DTW,290,279,21.455197132616487,-3.0,0.2867383512544803,0.2007168458781362,0.03793103448275862,0.0
DTW-BNA,290,287,5.393728222996516,-3.0,0.156794425087108,0.09059233449477352,0.010344827586206896,0.0
ORD-STL,290,286,17.517482517482517,-1.0,0.2902097902097902,0.1993006993006993,0.013793103448275862,0.0034482758620689655
PHX-DAL,290,280,11.260714285714286,0.0,0.21428571428571427,0.14642857142857144,0.034482758620689655,0.006896551724137931
DEN-CLT,290,288,12.618055555555555,-1.0,0.22569444444444445,0.14930555555555555,0.006896551724137931,0.0
LIT-DFW,289,275,17.04,-1.0,0.23636363636363636,0.14545454545454545,0.04844290657439446,0.0034602076124567475
MAF-DFW,289,281,11.861209964412812,-5.0,0.2277580071174377,0.15658362989323843,0.02768166089965398,0.0034602076124567475
MCO-LAX,289,288,19.958333333333332,-2.0,0.20833333333333334,0.13541666666666666,0.0034602076124567475,0.0
DFW-TPA,288,279,25.956989247311828,1.0,0.31899641577060933,0.24731182795698925,0.034722222222222224,0.0
DTW-LAS,288,287,3.8536585365853657,-2.0,0.14982578397212543,0.07665505226480836,0.003472222222222222,0.0
FLL-PHL,288,282,27.24113475177305,-3.0,0.24468085106382978,0.1773049645390071,0.020833333333333332,0.003472222222222222
ORD-OMA,288,282,14.457446808510639,-1.0,0.21631205673758866,0.1524822695035461,0.024305555555555556,0.003472222222222222
RSW-ORD,288,284,7.52112676056338,-6.0,0.15845070422535212,0.11619718309859155,0.013888888888888888,0.0
DAL-PHX,288,283,12.97173144876325,2.0,0.2579505300353357,0.12367491166077739,0.020833333333333332,0.003472222222222222
ASE-DEN,287,276,21.278985507246375,-3.0,0.2753623188405797,0.20652173913043478,0.03832752613240418,0.0
DFW-ELP,287,276,22.307971014492754,4.5,0.38405797101449274,0.26811594202898553,0.03832752613240418,0.003484320557491289
LGA-TPA,287,284,19.5,-3.0,0.2323943661971831,0.15845070422535212,0.013937282229965157,0.006968641114982578
ONT-LAS,287,285,14.543859649122806,-2.0,0.1649122807017544,0.11578947368421053,0.006968641114982578,0.0
CLT-RIC,286,279,13.451612903225806,-1.0,0.27956989247311825,0.1827956989247312,0.024475524475524476,0.0
CLT-PHX,286,285,10.543859649122806,-1.0,0.22456140350877193,0.11228070175438597,0.0034965034965034965,0.0034965034965034965
LBB-DFW,286,281,8.526690391459075,-5.0,0.16370106761565836,0.12455516014234876,0.017482517482517484,0.0034965034965034965
LGA-STL,286,282,17.31560283687943,-1.0,0.24822695035460993,0.1524822695035461,0.017482517482517484,0.0034965034965034965
EWR-LAS,286,282,20.96808510638298,-4.0,0.24113475177304963,0.1773049645390071,0.013986013986013986,0.0
LGA-PBI,286,283,20.15547703180212,-1.0,0.2332155477031802,0.19081272084805653,0.01048951048951049,0.0034965034965034965
GSP-ATL,285,278,5.816546762589928,-5.0,0.12949640287769784,0.07913669064748201,0.02456140350877193,0.0
BWI-TPA,285,283,19.21201413427562,-1.0,0.22968197879858657,0.16607773851590105,0.007017543859649123,0.0
IAH-DCA,285,279,13.867383512544803,-1.0,0.22939068100358423,0.16487455197132617,0.021052631578947368,0.007017543859649123
DEN-PHL,284,283,20.413427561837455,2.0,0.30742049469964666,0.2049469964664311,0.0035211267605633804,0.01056338028169014
ATL-SAV,284,282,7.223404255319149,-3.0,0.14893617021276595,0.09929078014184398,0.007042253521126761,0.0
LAX-DTW,284,283,8.23321554770318,-2.0,0.18374558303886926,0.11307420494699646,0.0035211267605633804,0.0
TUS-DEN,284,281,6.540925266903915,-4.0,0.1494661921708185,0.10320284697508897,0.01056338028169014,0.0
SNA-SJC,284,282,7.131205673758865,-2.0,0.20212765957446807,0.10638297872340426,0.007042253521126761,0.0
SNA-DFW,284,272,16.977941176470587,-2.0,0.24632352941176472,0.13970588235294118,0.04929577464788732,0.0035211267605633804
SJC-PHX,284,284,6.866197183098592,-2.0,0.176056338028169,0.10915492957746478,0.0035211267605633804,0.0
PHX-MDW,283,282,16.921985815602838,2.0,0.2553191489361702,0.1524822695035461,0.0035335689045936395,0.007067137809187279
ATL-RIC,283,281,12.957295373665481,-2.0,0.2277580071174377,0.15302491103202848,0.007067137809187279,0.0
PVD-DCA,283,273,13.831501831501832,-4.0,0.24175824175824176,0.17216117216117216,0.0353356890459364,0.0
DTW-LAX,283,282,11.549645390070921,-0.5,0.2127659574468085,0.1276595744680851,0.0035335689045936395,0.0
CLT-SAV,282,275,17.38909090909091,-2.0,0.2545454545454545,0.1890909090909091,0.024822695035460994,0.0
RDU-MCO,282,279,17.949820788530467,-3.0,0.1935483870967742,0.11827956989247312,0.014184397163120567,0.0
CLT-DEN,282,280,13.185714285714285,-2.0,0.24285714285714285,0.1392857142857143,0.0070921985815602835,0.0
LAS-EWR,282,279,17.89605734767025,-3.0,0.22580645161290322,0.16845878136200718,0.010638297872340425,0.0
DEN-DTW,281,280,13.971428571428572,0.0,0.26071428571428573,0.17142857142857143,0.0035587188612099642,0.0
LGA-PIT,280,269,11.464684014869889,-5.0,0.21933085501858737,0.18587360594795538,0.039285714285714285,0.0
TPA-PHL,280,277,24.931407942238266,-3.0,0.259927797833935,0.21299638989169675,0.010714285714285714,0.0
DEN-MIA,280,279,18.842293906810035,0.0,0.2831541218637993,0.16487455197132617,0.0035714285714285713,0.0
SEA-ONT,280,277,7.317689530685921,-4.0,0.17328519855595667,0.09747292418772563,0.010714285714285714,0.0035714285714285713
PHL-FLL,280,277,20.866425992779785,-2.0,0.2924187725631769,0.19494584837545126,0.014285714285714285,0.0035714285714285713
DFW-SGF,280,272,5.165441176470588,-2.0,0.15808823529411764,0.08823529411764706,0.02857142857142857,0.007142857142857143
TPA-BWI,279,272,13.621323529411764,-1.5,0.22794117647058823,0.13602941176470587,0.025089605734767026,0.0
DTW-FLL,279,278,12.661870503597122,-1.0,0.2302158273381295,0.14028776978417265,0.0035842293906810036,0.0
DTW-PHL,279,275,13.763636363636364,-5.0,0.1890909090909091,0.15636363636363637,0.014336917562724014,0.0
ATL-SLC,279,279,10.304659498207885,0.0,0.2078853046594982,0.11469534050179211,0.0,0.0
SLC-ORD,278,277,15.11913357400722,-3.0,0.19494584837545126,0.1371841155234657,0.0035971223021582736,0.007194244604316547
CLT-DCA,278,274,20.795620437956206,-2.0,0.20802919708029197,0.14963503649635038,0.02158273381294964,0.0
ATL-ORF,278,274,6.755474452554744,-2.0,0.19708029197080293,0.12043795620437957,0.014388489208633094,0.0035971223021582736
MSP-SEA,278,278,6.424460431654676,-2.0,0.1618705035971223,0.07553956834532374,0.0,0.0035971223021582736
JFK-PHX,278,272,13.279411764705882,-3.0,0.1875,0.1323529411764706,0.025179856115107913,0.0035971223021582736
TUL-DFW,278,263,28.29277566539924,-4.0,0.21673003802281368,0.1634980988593156,0.06115107913669065,0.0
ORD-AUS,277,276,19.778985507246375,0.0,0.26811594202898553,0.17391304347826086,0.0036101083032490976,0.0
OMA-ORD,277,272,9.893382352941176,-5.0,0.17279411764705882,0.11397058823529412,0.018050541516245487,0.0036101083032490976
ATL-SAN,277,276,12.684782608695652,0.0,0.2463768115942029,0.15942028985507245,0.0036101083032490976,0.010830324909747292
ATL-RSW,277,274,13.554744525547445,-2.0,0.25547445255474455,0.16423357664233576,0.010830324909747292,0.0036101083032490976
DCA-IAH,277,272,11.136029411764707,-3.0,0.16911764705882354,0.10661764705882353,0.018050541516245487,0.0036101083032490976
BOS-DTW,276,273,16.87912087912088,-2.0,0.2673992673992674,0.20146520146520147,0.010869565217391304,0.0
CLT-CHS,276,273,11.311355311355312,-3.0,0.18681318681318682,0.1391941391941392,0.010869565217391304,0.0
DFW-LIT,275,269,16.55390334572491,-2.0,0.22676579925650558,0.15613382899628253,0.025454545454545455,0.0
TPA-DFW,275,270,17.696296296296296,-3.0,0.2111111111111111,0.15555555555555556,0.01818181818181818,0.007272727272727273
BOS-RDU,275,273,14.395604395604396,-4.0,0.2454212454212454,0.18315018315018314,0.007272727272727273,0.0
RSW-ATL,274,272,7.507352941176471,-5.0,0.125,0.08088235294117647,0.0072992700729927005,0.0036496350364963502
DFW-MSY,274,270,17.22962962962963,0.0,0.29259259259259257,0.18888888888888888,0.014598540145985401,0.0
GSO-ATL,274,272,6.599264705882353,-6.0,0.13602941176470587,0.09926470588235294,0.0072992700729927005,0.0
JFK-TPA,274,272,14.261029411764707,-2.0,0.17647058823529413,0.13970588235294118,0.010948905109489052,0.0036496350364963502
SAT-DAL,274,268,8.582089552238806,-3.0,0.16044776119402984,0.11194029850746269,0.021897810218978103,0.0036496350364963502
RDU-BOS,273,269,10.04460966542751,-6.0,0.20446096654275092,0.16356877323420074,0.014652014652014652,0.0
FLL-DFW,273,264,15.825757575757576,-3.0,0.24242424242424243,0.17424242424242425,0.03296703296703297,0.0
LAX-RNO,273,271,2.92619926199262,-5.0,0.13284132841328414,0.08118081180811808,0.007326007326007326,0.007326007326007326
SLC-SAN,272,271,9.402214022140221,-2.0,0.1918819188191882,0.11439114391143912,0.003676470588235294,0.003676470588235294
PHX-EWR,272,268,18.20149253731343,-1.5,0.23507462686567165,0.17164179104477612,0.014705882352941176,0.007352941176470588
CVG-ATL,272,270,9.285185185185185,-3.0,0.14814814814814814,0.08518518518518518,0.007352941176470588,0.0
ORD-FLL,272,271,15.18450184501845,-2.0,0.2177121771217712,0.12177121771217712,0.003676470588235294,0.003676470588235294
MCI-DFW,272,264,19.901515151515152,-2.5,0.26515151515151514,0.20075757575757575,0.029411764705882353,0.003676470588235294
ORD-RSW,272,271,8.232472324723247,-3.0,0.18450184501845018,0.12915129151291513,0.003676470588235294,0.003676470588235294
TPA-EWR,272,270,30.903703703703705,-2.0,0.28888888888888886,0.23703703703703705,0.007352941176470588,0.007352941176470588
FLL-DTW,272,268,21.72761194029851,-2.0,0.2574626865671642,0.1828358208955224,0.014705882352941176,0.003676470588235294
ATL-GSO,272,270,8.874074074074073,-3.0,0.1962962962962963,0.11851851851851852,0.007352941176470588,0.0
BZN-DEN,271,270,11.625925925925927,-2.0,0.2074074074074074,0.14444444444444443,0.0036900369003690036,0.01845018450184502
DEN-BZN,271,268,13.656716417910447,-1.0,0.23880597014925373,0.14925373134328357,0.01107011070110701,0.0036900369003690036
ELP-PHX,271,270,6.851851851851852,-5.0,0.15185185185185185,0.11481481481481481,0.0036900369003690036,0.0
ORD-SDF,271,265,8.441509433962263,-2.0,0.2,0.13584905660377358,0.02214022140221402,0.0
DFW-LBB,269,260,16.357692307692307,-2.0,0.23846153846153847,0.16923076923076924,0.03345724907063197,0.0037174721189591076
RIC-ATL,269,265,8.728301886792453,-3.0,0.1509433962264151,0.07547169811320754,0.01486988847583643,0.0
ICT-DFW,269,257,13.964980544747082,-4.0,0.2140077821011673,0.16731517509727625,0.04460966542750929,0.0037174721189591076
ATL-SDF,269,264,11.113636363636363,-4.0,0.18181818181818182,0.11742424242424243,0.01858736059479554,0.0037174721189591076
PNS-ATL,269,264,4.25,-6.0,0.10606060606060606,0.06060606060606061,0.01858736059479554,0.0037174721189591076
MIA-DEN,268,264,15.303030303030303,-0.5,0.23484848484848486,0.16666666666666666,0.014925373134328358,0.011194029850746268
SFO-AUS,268,265,9.060377358490566,-4.0,0.2,0.1471698113207547,0.011194029850746268,0.0037313432835820895
LAX-TUS,268,268,6.742537313432836,-5.0,0.19029850746268656,0.11194029850746269,0.0,0.0
MDW-DEN,268,260,20.003846153846155,0.0,0.29615384615384616,0.16923076923076924,0.029850746268656716,0.0037313432835820895
PHX-ELP,268,265,12.418867924528302,-1.0,0.2339622641509434,0.15849056603773584,0.011194029850746268,0.0
SDF-ATL,268,264,2.196969696969697,-6.0,0.14772727272727273,0.09848484848484848,0.014925373134328358,0.0037313432835820895
FLL-IAH,267,265,12.883018867924529,-3.0,0.2188679245283019,0.15849056603773584,0.00749063670411985,0.0
LGA-MDW,267,262,15.091603053435115,1.0,0.2366412213740458,0.15267175572519084,0.02247191011235955,0.00749063670411985
DFW-MFE,267,261,21.620689655172413,2.0,0.32950191570881227,0.2567049808429119,0.02247191011235955,0.0
ORF-ATL,267,262,8.34351145038168,-2.0,0.1984732824427481,0.1183206106870229,0.018726591760299626,0.0
SNA-OAK,267,265,6.867924528301887,-1.0,0.19622641509433963,0.11320754716981132,0.00749063670411985,0.0
PHL-BNA,266,260,16.115384615384617,-3.0,0.23461538461538461,0.16923076923076924,0.022556390977443608,0.007518796992481203
TUS-LAX,266,265,4.550943396226415,-6.0,0.1509433962264151,0.09056603773584905,0.0037593984962406013,0.0
PIT-ATL,266,263,6.931558935361217,-2.0,0.17110266159695817,0.08745247148288973,0.011278195488721804,0.011278195488721804
AUS-SFO,266,265,7.275471698113208,-2.0,0.17735849056603772,0.1169811320754717,0.0037593984962406013,0.0
DEN-ONT,266,263,16.920152091254753,3.0,0.33460076045627374,0.20912547528517111,0.011278195488721804,0.0
JFK-DCA,265,254,10.543307086614174,-4.0,0.2125984251968504,0.16535433070866143,0.045283018867924525,0.0
DEN-RNO,265,264,16.291666666666668,1.0,0.29545454545454547,0.1893939393939394,0.0037735849056603774,0.007547169811320755
SLC-PDX,265,265,6.188679245283019,-3.0,0.15849056603773584,0.1018867924528302,0.0,0.0
BNA-AUS,265,265,10.120754716981132,-2.0,0.21509433962264152,0.13584905660377358,0.0,0.0
SAV-ATL,264,255,2.3529411764705883,-4.0,0.12156862745098039,0.06666666666666667,0.03409090909090909,0.0
ELP-DFW,264,258,20.92248062015504,-4.0,0.24031007751937986,0.1821705426356589,0.022727272727272728,0.011363636363636364
PHX-SAT,264,261,10.89655172413793,0.0,0.23754789272030652,0.1417624521072797,0.011363636363636364,0.003787878787878788
PHL-TPA,264,258,20.441860465116278,-3.0,0.24806201550387597,0.16666666666666666,0.022727272727272728,0.003787878787878788
LGA-RDU,264,254,10.381889763779528,-4.0,0.22440944881889763,0.16141732283464566,0.041666666666666664,0.003787878787878788
RIC-CLT,264,261,17.78927203065134,-2.0,0.20306513409961685,0.16091954022988506,0.011363636363636364,0.0
DEN-RAP,264,258,12.7015503875969,-2.0,0.2131782945736434,0.15891472868217055,0.022727272727272728,0.003787878787878788
DFW-MAF,263,251,9.111553784860558,-3.0,0.22709163346613545,0.12749003984063745,0.045627376425855515,0.0
PHX-DTW,263,262,8.51908396946565,-3.5,0.20229007633587787,0.1450381679389313,0.0038022813688212928,0.0076045627376425855
BNA-PHX,263,261,11.157088122605364,0.0,0.21455938697318008,0.0842911877394636,0.0076045627376425855,0.0076045627376425855
DEN-MDW,263,257,21.957198443579767,6.0,0.3229571984435798,0.22178988326848248,0.022813688212927757,0.0
DEN-MKE,263,262,18.732824427480917,3.0,0.3053435114503817,0.21755725190839695,0.0038022813688212928,0.0
ORD-PDX,263,262,16.053435114503817,0.0,0.2900763358778626,0.16030534351145037,0.0038022813688212928,0.0038022813688212928
LAX-CLT,262,261,7.379310344827586,-2.0,0.1532567049808429,0.11494252873563218,0.003816793893129771,0.0
BWI-ORD,262,258,17.53488372093023,-3.0,0.1937984496124031,0.1511627906976744,0.019083969465648856,0.0
CPR-DEN,262,260,13.188461538461539,-5.5,0.19615384615384615,0.15384615384615385,0.007633587786259542,0.003816793893129771
MCO-AUS,261,261,11.045977011494253,-1.0,0.210727969348659,0.13026819923371646,0.0,0.0038314176245210726
ATL-PIT,261,258,10.0,-3.0,0.20155038759689922,0.1124031007751938,0.011494252873563218,0.0
BNA-DTW,261,259,9.127413127413128,-4.0,0.1891891891891892,0.11583011583011583,0.007662835249042145,0.0038314176245210726
RDU-MIA,261,258,21.65891472868217,-3.0,0.20930232558139536,0.16279069767441862,0.011494252873563218,0.0038314176245210726
BWI-MIA,261,256,16.9765625,0.0,0.2578125,0.17578125,0.019157088122605363,0.0
ORD-ATW,260,253,22.49407114624506,-1.0,0.2490118577075099,0.18972332015810275,0.03076923076923077,0.0038461538461538464
PHX-BNA,260,258,13.515503875968992,3.0,0.28294573643410853,0.1511627906976744,0.007692307692307693,0.0038461538461538464
MCO-IND,260,260,19.5,-1.5,0.2153846153846154,0.16538461538461538,0.0,0.0
RNO-LAX,260,256,4.82421875,-5.0,0.140625,0.08984375,0.015384615384615385,0.0
DFW-ICT,259,250,18.612,-3.0,0.224,0.156,0.03474903474903475,0.0
DEN-BUR,259,257,22.229571984435797,1.0,0.32684824902723736,0.23346303501945526,0.007722007722007722,0.003861003861003861
RNO-PHX,259,259,8.177606177606178,-5.0,0.13127413127413126,0.09266409266409266,0.003861003861003861,0.0
PSP-SFO,259,257,14.883268482490273,-4.0,0.2607003891050584,0.17898832684824903,0.007722007722007722,0.007722007722007722
ONT-SEA,259,255,6.031372549019608,-5.0,0.10588235294117647,0.058823529411764705,0.015444015444015444,0.0
DFW-ONT,259,250,26.86,3.5,0.38,0.248,0.03474903474903475,0.003861003861003861
CHS-CLT,258,254,3.9803149606299213,-6.0,0.11023622047244094,0.08661417322834646,0.015503875968992248,0.0
ORF-CLT,258,253,15.577075098814229,-5.0,0.20553359683794467,0.15019762845849802,0.01937984496124031,0.0
MCI-PHX,258,257,12.941634241245136,0.0,0.19066147859922178,0.1245136186770428,0.003875968992248062,0.0
IAD-MCO,258,256,10.88671875,-3.0,0.1796875,0.12109375,0.007751937984496124,0.0
MDW-LAS,258,257,10.680933852140077,2.0,0.22957198443579765,0.11673151750972763,0.003875968992248062,0.007751937984496124
MIA-RDU,258,255,17.96470588235294,-3.0,0.2823529411764706,0.22745098039215686,0.011627906976744186,0.0
TPA-JFK,257,252,10.043650793650794,-3.0,0.18253968253968253,0.1388888888888889,0.019455252918287938,0.007782101167315175
ORD-FAR,257,253,21.391304347826086,-1.0,0.2490118577075099,0.18181818181818182,0.01556420233463035,0.0038910505836575876
LAS-MDW,257,255,14.63921568627451,4.0,0.29411764705882354,0.1607843137254902,0.007782101167315175,0.0038910505836575876
PHX-MCI,257,255,13.427450980392157,0.0,0.26666666666666666,0.16470588235294117,0.007782101167315175,0.007782101167315175
ORD-OKC,257,255,21.929411764705883,-1.0,0.27058823529411763,0.2,0.007782101167315175,0.007782101167315175
ATL-PNS,257,250,5.74,-3.0,0.164,0.1,0.027237354085603113,0.0038910505836575876
LAS-ONT,257,253,9.280632411067193,-1.0,0.23715415019762845,0.1422924901185771,0.01556420233463035,0.0
TPA-BNA,256,254,12.893700787401574,-1.0,0.23228346456692914,0.1377952755905512,0.0078125,0.00390625
EWR-PHX,256,254,15.38976377952756,-3.0,0.18110236220472442,0.1220472440944882,0.01171875,0.00390625
DCA-JFK,256,246,8.252032520325203,-3.0,0.17073170731707318,0.11788617886178862,0.046875,0.0
TPA-LGA,256,249,29.72289156626506,-1.0,0.26907630522088355,0.1927710843373494,0.02734375,0.0
STL-LGA,256,253,12.454545454545455,-2.0,0.24110671936758893,0.16996047430830039,0.01171875,0.0078125
SDF-ORD,256,251,8.366533864541832,-5.0,0.11553784860557768,0.07569721115537849,0.01953125,0.00390625
ORD-BWI,256,249,16.285140562248998,-1.0,0.2289156626506024,0.14056224899598393,0.02734375,0.0
HNL-SFO,255,253,5.865612648221344,-2.0,0.16600790513833993,0.07509881422924901,0.00784313725490196,0.0
ATL-ECP,254,248,10.278225806451612,-3.0,0.18548387096774194,0.12096774193548387,0.027559055118110236,0.007874015748031496
DAL-AUS,254,251,11.796812749003983,-1.0,0.24701195219123506,0.1394422310756972,0.011811023622047244,0.0
SAT-IAH,254,251,4.48605577689243,-4.0,0.15139442231075698,0.11155378486055777,0.011811023622047244,0.0
AUS-IAH,253,249,8.606425702811245,-4.0,0.14457831325301204,0.12048192771084337,0.015810276679841896,0.0
DCA-STL,253,247,18.214574898785425,0.0,0.29554655870445345,0.1862348178137652,0.023715415019762844,0.0
DFW-MEM,253,244,19.25,-1.5,0.29508196721311475,0.20081967213114754,0.03557312252964427,0.0
IND-DEN,253,253,9.74703557312253,0.0,0.22924901185770752,0.12648221343873517,0.0,0.0
SAN-JFK,253,250,13.38,-2.5,0.164,0.104,0.011857707509881422,0.011857707509881422
DTW-DCA,253,249,11.417670682730924,-4.0,0.20481927710843373,0.14457831325301204,0.015810276679841896,0.0
ATL-SRQ,252,250,10.488,-3.0,0.196,0.148,0.007936507936507936,0.007936507936507936
TUL-DEN,251,251,14.294820717131474,-4.0,0.1952191235059761,0.15139442231075698,0.0,0.00398406374501992
CLT-JFK,251,247,25.408906882591094,0.0,0.2834008097165992,0.22672064777327935,0.01593625498007968,0.00398406374501992
MSP-CLT,251,249,7.590361445783133,-4.0,0.1686746987951807,0.12449799196787148,0.00796812749003984,0.0
SJU-MIA,251,248,18.544354838709676,-2.0,0.2217741935483871,0.16129032258064516,0.01195219123505976,0.00796812749003984
DFW-CRP,251,247,9.20242914979757,-3.0,0.17813765182186234,0.12550607287449392,0.01593625498007968,0.00796812749003984
DFW-MCI,251,245,28.220408163265308,0.0,0.3510204081632653,0.2612244897959184,0.02390438247011952,0.0
SAT-PHX,250,246,10.333333333333334,-3.5,0.17479674796747968,0.11788617886178862,0.016,0.0
LGA-IND,250,243,11.662551440329219,-5.0,0.16872427983539096,0.12345679012345678,0.036,0.0
CLT-MSP,250,250,12.548,-3.0,0.196,0.148,0.0,0.0
DFW-ABQ,249,241,19.759336099585063,1.0,0.33195020746887965,0.22821576763485477,0.0321285140562249,0.004016064257028112
DAL-MDW,249,248,15.237903225806452,3.0,0.3185483870967742,0.17338709677419356,0.004016064257028112,0.008032128514056224
PDX-ORD,249,248,4.612903225806452,-4.0,0.14112903225806453,0.09274193548387097,0.004016064257028112,0.004016064257028112
DAL-BNA,248,243,13.530864197530864,1.0,0.2222222222222222,0.13168724279835392,0.020161290322580645,0.0
BNA-DAL,248,245,16.440816326530612,1.0,0.2653061224489796,0.15510204081632653,0.012096774193548387,0.008064516129032258
PDX-SLC,248,248,4.076612903225806,-4.0,0.125,0.0846774193548387,0.0,0.0
RDU-PHL,248,243,25.843621399176953,-4.0,0.3004115226337449,0.21810699588477367,0.020161290322580645,0.0
ORD-SNA,247,246,10.65040650406504,0.0,0.24390243902439024,0.16666666666666666,0.004048582995951417,0.012145748987854251
SEA-MSP,247,246,4.369918699186992,-3.0,0.13414634146341464,0.09349593495934959,0.004048582995951417,0.008097165991902834
ORD-FWA,247,241,27.199170124481327,1.0,0.3153526970954357,0.24066390041493776,0.024291497975708502,0.004048582995951417
DEN-IND,247,246,20.06910569105691,0.0,0.2845528455284553,0.1910569105691057,0.004048582995951417,0.004048582995951417
MCO-DAL,247,244,15.913934426229508,2.0,0.2786885245901639,0.14754098360655737,0.012145748987854251,0.0
IAD-LAX,246,246,11.601626016260163,-2.0,0.2073170731707317,0.13008130081300814,0.0,0.0
JFK-RDU,246,237,11.835443037974683,-4.0,0.22784810126582278,0.16455696202531644,0.036585365853658534,0.0
DCA-MSP,246,241,20.62240663900415,-4.0,0.23236514522821577,0.17012448132780084,0.02032520325203252,0.0
MDW-LGA,246,241,17.33609958506224,3.0,0.3236514522821577,0.2033195020746888,0.02032520325203252,0.0
CRP-DFW,246,239,11.803347280334728,-5.0,0.14644351464435146,0.12552301255230125,0.028455284552845527,0.0
HOU-DEN,245,243,12.213991769547325,0.0,0.2345679012345679,0.13580246913580246,0.00816326530612245,0.004081632653061225
IAH-SAT,245,241,13.369294605809129,-3.0,0.21161825726141079,0.15352697095435686,0.0163265306122449,0.00816326530612245
AUS-DAL,245,235,8.561702127659574,-1.0,0.19148936170212766,0.11914893617021277,0.04081632653061224,0.004081632653061225
LAS-SAT,245,243,10.720164609053498,0.0,0.24691358024691357,0.12757201646090535,0.00816326530612245,0.0
DCA-PVD,245,237,18.666666666666668,-2.0,0.25738396624472576,0.189873417721519,0.036734693877551024,0.0
AUS-MCO,245,241,12.4149377593361,-1.0,0.2572614107883817,0.15767634854771784,0.0163265306122449,0.0
MIA-BWI,245,241,15.157676348547717,-1.0,0.24896265560165975,0.17842323651452283,0.0163265306122449,0.004081632653061225
CLT-ORF,244,240,21.945833333333333,-2.0,0.2875,0.19166666666666668,0.01639344262295082,0.0
BDL-ATL,244,237,9.881856540084389,-1.0,0.2109704641350211,0.11392405063291139,0.028688524590163935,0.0
SRQ-ATL,244,237,2.071729957805907,-4.0,0.10126582278481013,0.06329113924050633,0.028688524590163935,0.0
AMA-DFW,244,238,6.836134453781512,-5.5,0.14285714285714285,0.10504201680672269,0.02459016393442623,0.004098360655737705
DEN-HOU,244,243,20.23045267489712,6.0,0.3497942386831276,0.20164609053497942,0.004098360655737705,0.012295081967213115
MIA-SJU,244,243,17.497942386831276,-2.0,0.27983539094650206,0.205761316872428,0.004098360655737705,0.0
MSP-LAS,244,244,5.032786885245901,-3.0,0.1598360655737705,0.0942622950819672,0.0,0.00819672131147541
OAK-SNA,243,242,5.454545454545454,-2.0,0.17355371900826447,0.10330578512396695,0.00411522633744856,0.00411522633744856
DTW-PHX,243,242,20.731404958677686,-2.0,0.2066115702479339,0.15702479338842976,0.00411522633744856,0.00823045267489712
SAV-CLT,243,237,11.713080168776372,-5.0,0.18143459915611815,0.14345991561181434,0.024691358024691357,0.0
RSW-BOS,243,241,13.157676348547717,-4.0,0.23236514522821577,0.15352697095435686,0.00823045267489712,0.0
BNA-TPA,243,239,12.150627615062762,0.0,0.25523012552301255,0.13807531380753138,0.01646090534979424,0.0
IND-LGA,242,238,3.5840336134453783,-5.0,0.12605042016806722,0.08823529411764706,0.01652892561983471,0.0
SAN-LAX,242,240,4.133333333333334,-5.0,0.0875,0.058333333333333334,0.008264462809917356,0.0
DEN-ASE,242,236,27.072033898305083,-0.5,0.21610169491525424,0.16101694915254236,0.028925619834710745,0.012396694214876033
GRB-ORD,242,236,12.822033898305085,-5.0,0.19915254237288135,0.1652542372881356,0.024793388429752067,0.0
MKE-ATL,242,240,5.370833333333334,-4.5,0.125,0.0875,0.008264462809917356,0.004132231404958678
MDW-MSP,242,240,6.079166666666667,-3.0,0.15416666666666667,0.10833333333333334,0.008264462809917356,0.0
OKC-ORD,241,236,6.1059322033898304,-5.0,0.1652542372881356,0.09745762711864407,0.02074688796680498,0.008298755186721992
STL-DFW,241,233,24.44206008583691,-4.0,0.2317596566523605,0.16738197424892703,0.03734439834024896,0.004149377593360996
FAR-ORD,240,237,24.126582278481013,-4.0,0.23628691983122363,0.18565400843881857,0.0125,0.0125
MSY-DAL,240,234,11.384615384615385,0.0,0.23076923076923078,0.1452991452991453,0.025,0.0
EWR-SJU,240,238,21.0,-2.0,0.23949579831932774,0.16806722689075632,0.0125,0.004166666666666667
RDU-JFK,240,232,13.418103448275861,-2.0,0.23706896551724138,0.16379310344827586,0.03333333333333333,0.0
BUR-DEN,240,239,10.376569037656903,-2.0,0.20920502092050208,0.1506276150627615,0.004166666666666667,0.004166666666666667
JAX-CLT,240,238,5.071428571428571,-5.0,0.13025210084033614,0.09663865546218488,0.008333333333333333,0.0
PHX-RNO,239,239,13.661087866108787,-2.0,0.2217573221757322,0.13389121338912133,0.0,0.0041841004184100415
LIT-ATL,239,237,13.434599156118143,-5.0,0.18565400843881857,0.1350210970464135,0.008368200836820083,0.0
IAH-CLT,239,233,26.334763948497855,-4.0,0.22317596566523606,0.1759656652360515,0.02510460251046025,0.0
MSP-DCA,239,234,11.978632478632479,-2.0,0.23076923076923078,0.1752136752136752,0.02092050209205021,0.02092050209205021
ORD-BDL,239,236,14.483050847457626,-2.0,0.21610169491525424,0.1652542372881356,0.012552301255230125,0.0
TPA-DTW,239,237,2.759493670886076,-4.0,0.1308016877637131,0.09282700421940929,0.008368200836820083,0.0041841004184100415
ORD-MSY,239,235,12.187234042553191,-2.0,0.26382978723404255,0.1702127659574468,0.016736401673640166,0.0
CID-ORD,238,235,21.825531914893617,-4.0,0.23404255319148937,0.18723404255319148,0.012605042016806723,0.0
DFW-PDX,238,236,23.29237288135593,7.0,0.4025423728813559,0.2288135593220339,0.008403361344537815,0.004201680672268907
IND-DCA,238,228,11.192982456140351,-4.0,0.21929824561403508,0.14473684210526316,0.04201680672268908,0.0
MSY-HOU,238,236,11.733050847457626,-1.0,0.2245762711864407,0.1440677966101695,0.008403361344537815,0.004201680672268907
BOS-SEA,238,238,15.008403361344538,-1.0,0.23949579831932774,0.1722689075630252,0.0,0.004201680672268907
PDX-DFW,237,232,24.224137931034484,-2.0,0.23275862068965517,0.15086206896551724,0.02109704641350211,0.008438818565400843
CLT-LAX,237,235,14.285106382978723,-1.0,0.23404255319148937,0.15319148936170213,0.008438818565400843,0.0
MDW-DAL,237,233,13.201716738197424,0.0,0.24034334763948498,0.15450643776824036,0.016877637130801686,0.0
LAS-MSP,237,235,5.31063829787234,-5.0,0.13617021276595745,0.0851063829787234,0.008438818565400843,0.0
TUS-DFW,237,232,18.478448275862068,-2.0,0.2413793103448276,0.1896551724137931,0.02109704641350211,0.0
MKE-DEN,237,237,10.09704641350211,-1.0,0.2109704641350211,0.10970464135021098,0.0,0.004219409282700422
SAN-ATL,237,237,8.485232067510548,-1.0,0.12236286919831224,0.07172995780590717,0.0,0.0
DEN-CPR,236,233,22.51502145922747,-3.0,0.19742489270386265,0.16738197424892703,0.012711864406779662,0.00423728813559322
LAS-LGB,236,235,12.327659574468084,1.0,0.28085106382978725,0.14893617021276595,0.00423728813559322,0.0
SFO-PSP,236,233,13.36480686695279,-4.0,0.21030042918454936,0.1888412017167382,0.012711864406779662,0.0
DFW-TUS,236,228,20.18421052631579,0.0,0.31140350877192985,0.2236842105263158,0.03389830508474576,0.0
LAX-IAD,236,236,4.987288135593221,-2.0,0.1440677966101695,0.0635593220338983,0.00423728813559322,0.00423728813559322
DEN-TUL,236,236,15.483050847457626,-1.0,0.211864406779661,0.15254237288135594,0.0,0.00423728813559322
SJC-SNA,236,234,5.786324786324786,-3.0,0.18376068376068377,0.11965811965811966,0.00847457627118644,0.00423728813559322
PIT-BOS,236,232,13.017241379310345,-4.0,0.20689655172413793,0.15086206896551724,0.01694915254237288,0.0
ORD-CID,236,232,17.836206896551722,-1.0,0.2672413793103448,0.15517241379310345,0.01694915254237288,0.0
IND-MCO,235,232,11.573275862068966,-1.0,0.17672413793103448,0.11206896551724138,0.01276595744680851,0.00851063829787234
PHL-RDU,235,233,18.673819742489272,-3.0,0.2832618025751073,0.21888412017167383,0.00851063829787234,0.0
SMF-SNA,235,235,6.702127659574468,-1.0,0.20851063829787234,0.11914893617021277,0.0,0.00425531914893617
SJC-BUR,235,234,7.119658119658119,-4.0,0.19230769230769232,0.1282051282051282,0.00425531914893617,0.0
DSM-DEN,235,234,11.196581196581196,-4.0,0.1581196581196581,0.1111111111111111,0.00425531914893617,0.0
DFW-RDU,234,227,25.030837004405285,1.0,0.30837004405286345,0.19823788546255505,0.029914529914529916,0.004273504273504274
BHM-DFW,234,229,29.685589519650655,-2.0,0.2794759825327511,0.20087336244541484,0.021367521367521368,0.0
DAL-MSY,233,230,16.695652173913043,1.0,0.2782608695652174,0.1956521739130435,0.012875536480686695,0.004291845493562232
DFW-AMA,233,230,7.586956521739131,-3.0,0.2,0.1,0.02145922746781116,0.004291845493562232
ORD-SYR,233,231,12.021645021645021,-2.0,0.22943722943722944,0.16017316017316016,0.008583690987124463,0.004291845493562232
TVC-ORD,233,226,27.030973451327434,-1.0,0.26548672566371684,0.20353982300884957,0.030042918454935622,0.0
ABQ-DFW,232,221,15.800904977375566,-5.0,0.2398190045248869,0.167420814479638,0.04741379310344827,0.008620689655172414
SJU-EWR,232,227,19.687224669603523,-2.0,0.2599118942731278,0.16740088105726872,0.021551724137931036,0.008620689655172414
BOS-RSW,232,228,15.666666666666666,-2.0,0.2631578947368421,0.19736842105263158,0.017241379310344827,0.0
ORD-GRB,232,226,17.911504424778762,-1.0,0.2920353982300885,0.2079646017699115,0.02586206896551724,0.0
ATL-VPS,232,225,14.08,-3.0,0.26666666666666666,0.1688888888888889,0.03017241379310345,0.0
SEA-FAI,232,230,10.782608695652174,-1.0,0.23478260869565218,0.14782608695652175,0.008620689655172414,0.0
GJT-DEN,232,224,17.40625,-5.0,0.19196428571428573,0.16071428571428573,0.034482758620689655,0.0
ATW-ORD,232,222,17.3018018018018,-4.5,0.24324324324324326,0.19369369369369369,0.04310344827586207,0.004310344827586207
BNA-FLL,232,230,15.404347826086957,-1.0,0.25217391304347825,0.16521739130434782,0.008620689655172414,0.0
SJU-ATL,231,230,17.55217391304348,-2.0,0.18695652173913044,0.12608695652173912,0.004329004329004329,0.021645021645021644
BOS-PBI,231,230,17.343478260869563,0.0,0.26521739130434785,0.2,0.004329004329004329,0.012987012987012988
CLT-MYR,231,227,17.11894273127753,-2.0,0.2687224669603524,0.19823788546255505,0.017316017316017316,0.0
DEN-DRO,231,227,14.088105726872246,-1.0,0.24669603524229075,0.17180616740088106,0.017316017316017316,0.0
DFW-STL,231,224,22.102678571428573,1.0,0.29017857142857145,0.22321428571428573,0.030303030303030304,0.0
BDL-ORD,230,227,13.859030837004406,-5.0,0.15418502202643172,0.09691629955947137,0.013043478260869565,0.008695652173913044
BWI-DTW,230,226,12.853982300884956,-2.0,0.20353982300884957,0.12831858407079647,0.017391304347826087,0.0
FAI-SEA,230,229,0.7030567685589519,-7.0,0.10043668122270742,0.06550218340611354,0.008695652173913044,0.0
MCO-CLE,230,229,8.034934497816593,-6.0,0.1703056768558952,0.1222707423580786,0.004347826086956522,0.004347826086956522
LAS-HOU,230,229,13.218340611353712,2.0,0.2838427947598253,0.14847161572052403,0.008695652173913044,0.004347826086956522
MCO-IAD,230,228,11.846491228070175,-3.5,0.18859649122807018,0.13157894736842105,0.013043478260869565,0.0
DRO-DEN,229,223,16.919282511210763,-4.0,0.17040358744394618,0.13004484304932734,0.026200873362445413,0.0
RDU-DFW,229,222,16.756756756756758,-2.0,0.22972972972972974,0.16666666666666666,0.03056768558951965,0.008733624454148471
PHL-LAX,229,228,10.478070175438596,-1.5,0.17105263157894737,0.14912280701754385,0.004366812227074236,0.004366812227074236
JFK-SAN,229,224,1.5714285714285714,-4.0,0.11607142857142858,0.07142857142857142,0.026200873362445413,0.0
STL-DCA,228,224,18.424107142857142,-1.0,0.29464285714285715,0.22767857142857142,0.017543859649122806,0.013157894736842105
MSY-DEN,228,226,7.734513274336283,-2.0,0.2168141592920354,0.11504424778761062,0.008771929824561403,0.0
STL-PHX,228,225,22.42222222222222,0.0,0.29333333333333333,0.17333333333333334,0.013157894736842105,0.0
PIT-MCO,228,227,13.013215859030836,-1.0,0.2026431718061674,0.13656387665198239,0.0043859649122807015,0.0
SBN-ORD,228,225,30.377777777777776,-3.0,0.26222222222222225,0.19555555555555557,0.013157894736842105,0.0043859649122807015
LAX-BNA,228,226,8.70796460176991,-2.0,0.17699115044247787,0.10176991150442478,0.008771929824561403,0.0043859649122807015
MFE-DFW,228,225,17.604444444444443,-5.0,0.2088888888888889,0.1688888888888889,0.013157894736842105,0.0
CLT-IAH,228,225,11.786666666666667,-2.0,0.22666666666666666,0.14222222222222222,0.013157894736842105,0.0
ATL-LIT,227,223,8.103139013452914,-3.0,0.18385650224215247,0.13452914798206278,0.01762114537444934,0.0
ORD-SBN,227,222,30.292792792792792,0.0,0.2702702702702703,0.2072072072072072,0.022026431718061675,0.0
MSY-ORD,227,222,7.954954954954955,-4.0,0.15765765765765766,0.12162162162162163,0.022026431718061675,0.004405286343612335
SAN-SLC,227,227,9.28193832599119,-3.0,0.19383259911894274,0.11894273127753303,0.0,0.0
LGB-LAS,227,226,7.495575221238938,-2.0,0.18584070796460178,0.12831858407079647,0.004405286343612335,0.0
DAL-MCO,226,223,20.672645739910315,2.0,0.2914798206278027,0.17488789237668162,0.01327433628318584,0.0
IAH-DTW,226,220,10.204545454545455,-4.0,0.19090909090909092,0.11818181818181818,0.02654867256637168,0.004424778761061947
PIT-EWR,226,219,10.301369863013699,-5.0,0.1872146118721461,0.136986301369863,0.035398230088495575,0.0
DFW-BHM,226,222,19.64864864864865,-2.0,0.3108108108108108,0.23423423423423423,0.017699115044247787,0.004424778761061947
LAX-OAK,226,225,9.057777777777778,0.0,0.25333333333333335,0.1111111111111111,0.004424778761061947,0.0
CLT-PNS,226,223,18.977578475336323,-2.0,0.273542600896861,0.21973094170403587,0.01327433628318584,0.004424778761061947
HOU-DFW,226,216,10.981481481481481,-6.0,0.18981481481481483,0.1712962962962963,0.04424778761061947,0.004424778761061947
EWR-IND,225,219,7.6255707762557075,-4.0,0.1735159817351598,0.1278538812785388,0.02666666666666667,0.0
BOI-PHX,225,225,13.675555555555556,-1.0,0.21777777777777776,0.14222222222222222,0.0,0.0044444444444444444
BNA-MIA,225,219,11.127853881278538,-1.0,0.2054794520547945,0.1278538812785388,0.02666666666666667,0.0044444444444444444
ABQ-LAS,225,225,9.955555555555556,-1.0,0.19111111111111112,0.12444444444444444,0.0,0.0
IND-DFW,225,217,12.847926267281107,-4.0,0.19815668202764977,0.1336405529953917,0.035555555555555556,0.008888888888888889
DEN-DSM,224,221,16.266968325791854,-1.0,0.23076923076923078,0.16289592760180996,0.013392857142857142,0.0
DTW-BWI,224,223,9.0,-3.0,0.16591928251121077,0.09865470852017937,0.004464285714285714,0.0
JAN-ATL,224,220,9.586363636363636,-5.5,0.15454545454545454,0.11818181818181818,0.017857142857142856,0.0
AUS-SAN,224,223,16.00896860986547,2.0,0.3004484304932735,0.19730941704035873,0.004464285714285714,0.008928571428571428
ABQ-LAX,224,221,3.8461538461538463,-6.0,0.11312217194570136,0.08144796380090498,0.013392857142857142,0.0
ATL-SJU,224,221,17.04524886877828,-1.0,0.24434389140271492,0.17194570135746606,0.017857142857142856,0.004464285714285714
ICT-ORD,223,216,20.555555555555557,-5.0,0.24074074074074073,0.2037037037037037,0.03587443946188341,0.0
ORD-ROC,223,220,10.563636363636364,-1.0,0.18181818181818182,0.1318181818181818,0.013452914798206279,0.008968609865470852
EWR-PIT,223,217,10.612903225806452,-5.0,0.2073732718894009,0.14285714285714285,0.026905829596412557,0.0
DFW-IND,222,220,21.572727272727274,2.5,0.32727272727272727,0.22272727272727272,0.009009009009009009,0.009009009009009009
MSP-PHL,222,217,12.027649769585253,-4.0,0.17972350230414746,0.1336405529953917,0.02252252252252252,0.0
CHS-DCA,222,207,23.97584541062802,-4.0,0.28019323671497587,0.178743961352657,0.06756756756756757,0.009009009009009009
SMF-PDX,222,221,10.407239819004525,-1.0,0.2081447963800905,0.14027149321266968,0.0045045045045045045,0.0
ONT-DFW,221,219,20.009132420091323,-3.0,0.2511415525114155,0.1689497716894977,0.00904977375565611,0.00904977375565611
MCO-MSY,221,219,11.100456621004566,-1.0,0.2374429223744292,0.1552511415525114,0.00904977375565611,0.004524886877828055
STL-MCO,221,217,12.027649769585253,0.0,0.2119815668202765,0.14285714285714285,0.01809954751131222,0.00904977375565611
PHX-BOS,221,221,18.619909502262445,-2.0,0.24434389140271492,0.18099547511312217,0.0,0.0
SEA-BOS,221,220,15.590909090909092,-1.0,0.2681818181818182,0.17272727272727273,0.00904977375565611,0.00904977375565611
DCA-IND,221,210,9.023809523809524,-3.0,0.20952380952380953,0.13333333333333333,0.049773755656108594,0.0
LAS-MCI,221,219,9.502283105022832,0.0,0.2420091324200913,0.136986301369863,0.013574660633484163,0.0
MSP-LGA,221,214,13.574766355140186,-1.0,0.21962616822429906,0.13551401869158877,0.03167420814479638,0.0
ORD-BUF,221,217,21.806451612903224,-1.0,0.24423963133640553,0.20276497695852536,0.027149321266968326,0.0
DTW-IAH,220,218,7.5504587155963305,-3.0,0.1559633027522936,0.10091743119266056,0.00909090909090909,0.0
BTR-DFW,220,213,23.511737089201876,-4.0,0.23943661971830985,0.18779342723004694,0.031818181818181815,0.0
MCO-PIT,220,218,11.26605504587156,0.0,0.21559633027522937,0.13302752293577982,0.00909090909090909,0.0
MCO-CMH,220,219,14.118721461187215,-1.0,0.2374429223744292,0.1598173515981735,0.004545454545454545,0.0
MSY-MCO,219,217,14.036866359447005,-1.0,0.2304147465437788,0.17972350230414746,0.0091324200913242,0.0
ATL-HSV,219,215,12.418604651162791,-4.0,0.2186046511627907,0.15813953488372093,0.0182648401826484,0.0
MIA-BNA,219,217,16.35483870967742,-2.0,0.25806451612903225,0.15668202764976957,0.0091324200913242,0.0045662100456621
STL-DAL,219,213,13.338028169014084,1.0,0.22535211267605634,0.14553990610328638,0.0273972602739726,0.0136986301369863
SAN-AUS,219,216,18.28240740740741,1.0,0.2962962962962963,0.18055555555555555,0.0136986301369863,0.0
SJU-FLL,219,218,15.53211009174312,-1.5,0.22018348623853212,0.1651376146788991,0.0045662100456621,0.0045662100456621
PHX-BOI,219,219,19.945205479452056,-1.0,0.2694063926940639,0.1872146118721461,0.0,0.0045662100456621
IND-CLT,218,214,7.859813084112149,-4.0,0.19626168224299065,0.12149532710280374,0.01834862385321101,0.0
MDW-MCI,218,213,10.070422535211268,-2.0,0.215962441314554,0.1267605633802817,0.022935779816513763,0.0
FLL-SJU,218,218,12.362385321100918,0.0,0.25229357798165136,0.15137614678899083,0.0,0.0
DEN-GJT,218,214,20.789719626168225,-1.0,0.2336448598130841,0.16822429906542055,0.01834862385321101,0.0
CLT-GSP,218,215,27.3953488372093,0.0,0.32558139534883723,0.2372093023255814,0.01834862385321101,0.0
MYR-CLT,218,213,13.87793427230047,-4.0,0.2300469483568075,0.1596244131455399,0.027522935779816515,0.0
MEM-ORD,218,216,14.402777777777779,-3.0,0.20833333333333334,0.1574074074074074,0.009174311926605505,0.009174311926605505
CLT-JAX,217,213,9.774647887323944,-2.0,0.22065727699530516,0.1267605633802817,0.018433179723502304,0.0
PHX-PHL,217,214,6.607476635514018,-3.0,0.14953271028037382,0.09813084112149532,0.013824884792626729,0.0
SLC-SMF,217,216,6.777777777777778,-4.0,0.1574074074074074,0.09722222222222222,0.004608294930875576,0.0
PHX-STL,217,216,7.833333333333333,-1.0,0.16666666666666666,0.08796296296296297,0.004608294930875576,0.004608294930875576
DTW-TPA,217,217,9.101382488479263,-1.0,0.18433179723502305,0.1152073732718894,0.0,0.0
SFO-HNL,217,214,7.957943925233645,0.0,0.16822429906542055,0.06542056074766354,0.013824884792626729,0.004608294930875576
ORD-TVC,216,211,23.393364928909953,-1.0,0.27488151658767773,0.1895734597156398,0.023148148148148147,0.0
OAK-LAX,216,213,9.605633802816902,-2.0,0.2112676056338028,0.13615023474178403,0.013888888888888888,0.0
DEN-MSY,216,214,13.780373831775702,0.0,0.24299065420560748,0.14485981308411214,0.013888888888888888,0.0
MCO-STL,216,213,17.328638497652584,0.0,0.2676056338028169,0.19248826291079812,0.013888888888888888,0.004629629629629629
COS-DFW,216,208,28.528846153846153,-5.0,0.2692307692307692,0.20673076923076922,0.041666666666666664,0.013888888888888888
MCI-DAL,216,213,9.910798122065728,0.0,0.17370892018779344,0.11267605633802817,0.013888888888888888,0.0
MSP-LAX,216,214,7.070093457943925,-2.0,0.1822429906542056,0.11214953271028037,0.009259259259259259,0.0
SNA-ORD,216,211,6.682464454976303,-4.0,0.14218009478672985,0.10900473933649289,0.023148148148148147,0.004629629629629629
HOU-PHX,216,214,15.107476635514018,3.0,0.29439252336448596,0.17289719626168223,0.009259259259259259,0.0
PHL-PHX,216,215,14.716279069767442,-2.0,0.22790697674418606,0.14883720930232558,0.004629629629629629,0.0
ONT-SMF,216,214,7.892523364485982,-2.0,0.2102803738317757,0.11214953271028037,0.009259259259259259,0.0
ORD-MEM,216,214,14.80373831775701,-2.0,0.22429906542056074,0.1542056074766355,0.009259259259259259,0.0
EUG-SEA,216,213,1.136150234741784,-5.0,0.15023474178403756,0.0892018779342723,0.013888888888888888,0.0
DCA-FLL,216,206,13.733009708737864,-1.0,0.23786407766990292,0.1553398058252427,0.046296296296296294,0.004629629629629629
IND-BOS,216,214,14.780373831775702,-4.0,0.2336448598130841,0.17289719626168223,0.009259259259259259,0.0
CLT-RSW,216,215,10.018604651162791,-2.0,0.20930232558139536,0.15348837209302327,0.004629629629629629,0.0
MEM-DFW,215,209,22.440191387559807,-2.0,0.2727272727272727,0.19617224880382775,0.027906976744186046,0.0
ATL-LEX,215,212,10.334905660377359,-4.0,0.23113207547169812,0.15566037735849056,0.013953488372093023,0.0
SNA-SMF,215,213,3.676056338028169,-3.0,0.10328638497652583,0.051643192488262914,0.009302325581395349,0.0
FWA-ORD,215,209,36.90430622009569,-4.0,0.2727272727272727,0.21052631578947367,0.027906976744186046,0.004651162790697674
HSV-ATL,215,212,8.90566037735849,-6.0,0.16037735849056603,0.10849056603773585,0.013953488372093023,0.0
IAD-CLT,215,212,14.84433962264151,-5.0,0.18867924528301888,0.14622641509433962,0.023255813953488372,0.0
BUR-SJC,215,212,2.797169811320755,-5.0,0.1179245283018868,0.0660377358490566,0.013953488372093023,0.0
DFW-BTR,215,207,19.202898550724637,-3.0,0.24154589371980675,0.19806763285024154,0.037209302325581395,0.004651162790697674
LAX-SAN,214,213,7.812206572769953,-5.0,0.07981220657276995,0.06572769953051644,0.004672897196261682,0.0
MCO-BDL,214,213,12.03755868544601,-1.0,0.18309859154929578,0.11737089201877934,0.009345794392523364,0.004672897196261682
JFK-DFW,214,209,13.569377990430622,-2.0,0.215311004784689,0.1291866028708134,0.02336448598130841,0.0
CMH-MCO,214,212,14.650943396226415,-2.0,0.2028301886792453,0.15566037735849056,0.009345794392523364,0.0
DFW-HSV,214,208,14.254807692307692,-3.0,0.2692307692307692,0.1778846153846154,0.028037383177570093,0.0
LAX-SAT,214,213,9.375586854460094,-5.0,0.1784037558685446,0.10328638497652583,0.004672897196261682,0.0
DFW-HOU,214,203,9.300492610837438,-4.0,0.18226600985221675,0.11822660098522167,0.0514018691588785,0.009345794392523364
DFW-JFK,214,211,15.208530805687204,-1.0,0.22274881516587677,0.15639810426540285,0.014018691588785047,0.004672897196261682
LEX-ATL,213,211,2.909952606635071,-7.0,0.14691943127962084,0.10900473933649289,0.009389671361502348,0.0
DEN-PSP,213,212,13.68867924528302,-1.0,0.2169811320754717,0.1320754716981132,0.004694835680751174,0.0
HOU-LAS,213,212,11.29245283018868,0.5,0.24528301886792453,0.1650943396226415,0.004694835680751174,0.0
BOS-PIT,213,212,11.44811320754717,-5.0,0.21226415094339623,0.16037735849056603,0.004694835680751174,0.0
CLT-BHM,213,210,17.2,-3.0,0.20952380952380953,0.14285714285714285,0.018779342723004695,0.004694835680751174
CLT-LAS,213,213,9.7981220657277,-1.0,0.20657276995305165,0.12206572769953052,0.0,0.0
SAT-LAS,213,210,7.314285714285714,-2.0,0.18095238095238095,0.09047619047619047,0.014084507042253521,0.0
OAK-PHX,213,213,12.39906103286385,0.0,0.24882629107981222,0.13615023474178403,0.0,0.004694835680751174
DEN-GEG,213,213,16.6056338028169,3.0,0.3004694835680751,0.16901408450704225,0.0,0.0
FLL-DCA,212,207,13.294685990338165,-1.0,0.27053140096618356,0.1642512077294686,0.02358490566037736,0.009433962264150943
SDF-DFW,212,206,9.781553398058252,-3.0,0.20388349514563106,0.1407766990291262,0.02830188679245283,0.0047169811320754715
PVD-BWI,212,206,7.878640776699029,-1.0,0.18932038834951456,0.0970873786407767,0.02830188679245283,0.0
PBI-BOS,212,208,24.245192307692307,-1.0,0.3701923076923077,0.25961538461538464,0.018867924528301886,0.0
ATL-MKE,212,206,3.8009708737864076,-4.0,0.16019417475728157,0.0970873786407767,0.02830188679245283,0.0
CLT-ILM,212,208,16.64903846153846,-2.0,0.2644230769230769,0.16826923076923078,0.018867924528301886,0.0
MSP-DTW,212,212,9.523584905660377,-2.0,0.17452830188679244,0.09433962264150944,0.0,0.0
CLT-MSY,211,207,7.913043478260869,-3.0,0.178743961352657,0.10628019323671498,0.018957345971563982,0.0
GSO-LGA,211,203,8.201970443349754,-4.0,0.15270935960591134,0.10837438423645321,0.037914691943127965,0.0
CLE-MCO,211,207,14.671497584541063,-3.0,0.1932367149758454,0.13043478260869565,0.018957345971563982,0.0
DFW-SHV,211,201,12.850746268656716,-3.0,0.24378109452736318,0.1791044776119403,0.04739336492890995,0.0
MDW-BWI,211,206,13.490291262135923,-1.0,0.23786407766990292,0.16019417475728157,0.023696682464454975,0.0
IAD-SEA,211,211,9.23222748815166,-2.0,0.1848341232227488,0.10900473933649289,0.0,0.004739336492890996
ECP-ATL,211,206,6.053398058252427,-4.5,0.17475728155339806,0.11165048543689321,0.023696682464454975,0.0
VPS-ATL,211,206,13.800970873786408,-5.0,0.1650485436893204,0.13592233009708737,0.023696682464454975,0.004739336492890996
DFW-COS,210,206,25.402912621359224,0.0,0.3155339805825243,0.22815533980582525,0.01904761904761905,0.004761904761904762
LAS-CLT,210,208,8.0,-4.0,0.15384615384615385,0.10096153846153846,0.009523809523809525,0.0
SEA-PSC,210,209,7.3971291866028706,-3.0,0.14354066985645933,0.09569377990430622,0.009523809523809525,0.0
MDW-DCA,209,207,16.03864734299517,1.0,0.28502415458937197,0.19806763285024154,0.009569377990430622,0.004784688995215311
PHX-OKC,209,209,12.44976076555024,-2.0,0.22966507177033493,0.1674641148325359,0.0,0.004784688995215311
ATL-JAN,209,205,10.970731707317073,-3.0,0.2097560975609756,0.14634146341463414,0.023923444976076555,0.009569377990430622
BUF-ORD,209,207,13.93719806763285,-2.0,0.25120772946859904,0.14492753623188406,0.009569377990430622,0.0
SHV-DFW,208,201,27.592039800995025,-2.0,0.3034825870646766,0.208955223880597,0.03365384615384615,0.0
JFK-PBI,208,202,17.633663366336634,-1.5,0.2376237623762376,0.16831683168316833,0.028846153846153848,0.004807692307692308
EWR-MSP,208,203,24.995073891625616,-4.0,0.2413793103448276,0.17733990147783252,0.02403846153846154,0.0
PBI-JFK,208,204,16.21078431372549,-0.5,0.29411764705882354,0.18137254901960784,0.019230769230769232,0.004807692307692308
PNS-CLT,208,206,31.95631067961165,-5.0,0.19902912621359223,0.1650485436893204,0.009615384615384616,0.0
CMH-DCA,208,200,12.1,-3.0,0.215,0.125,0.038461538461538464,0.0
IAD-ORD,208,207,10.782608695652174,-3.0,0.13043478260869565,0.10628019323671498,0.004807692307692308,0.0
ROC-ORD,208,205,15.731707317073171,-3.0,0.2,0.15609756097560976,0.019230769230769232,0.0
OMA-PHX,208,205,6.317073170731708,-3.0,0.16097560975609757,0.05853658536585366,0.014423076923076924,0.0
AUS-EWR,208,207,25.10144927536232,-3.0,0.2753623188405797,0.20772946859903382,0.004807692307692308,0.004807692307692308
DFW-JAN,208,197,15.299492385786802,-3.0,0.23857868020304568,0.17258883248730963,0.057692307692307696,0.0
DCA-MDW,207,201,14.467661691542288,0.0,0.23880597014925373,0.15920398009950248,0.028985507246376812,0.0
SMF-SLC,207,206,2.995145631067961,-5.0,0.13592233009708737,0.09223300970873786,0.004830917874396135,0.0
PHX-OMA,207,205,6.780487804878049,-1.0,0.1902439024390244,0.0975609756097561,0.00966183574879227,0.0
DAL-ELP,206,204,13.78921568627451,0.5,0.27450980392156865,0.16176470588235295,0.009708737864077669,0.0
LAX-FLL,206,205,14.570731707317073,-2.0,0.23414634146341465,0.18048780487804877,0.0048543689320388345,0.0048543689320388345
RSW-EWR,206,203,12.699507389162562,-4.0,0.20689655172413793,0.1330049261083744,0.014563106796116505,0.014563106796116505
GSP-CLT,206,206,18.42718446601942,-4.0,0.2087378640776699,0.16990291262135923,0.0,0.0
LAX-ABQ,205,205,-1.7658536585365854,-7.0,0.07804878048780488,0.05365853658536585,0.0,0.004878048780487805
BHM-CLT,205,201,9.164179104477611,-7.0,0.1691542288557214,0.12437810945273632,0.01951219512195122,0.0
HNL-LAS,204,204,13.808823529411764,0.0,0.18137254901960784,0.13725490196078433,0.0,0.0
SEA-IAH,204,202,9.188118811881187,-1.0,0.16336633663366337,0.09405940594059406,0.00980392156862745,0.0
ILM-CLT,204,199,14.693467336683417,-5.0,0.17587939698492464,0.1457286432160804,0.024509803921568627,0.004901960784313725
DTW-MSP,204,204,7.642156862745098,-2.0,0.1323529411764706,0.08333333333333333,0.0,0.0
JFK-CLT,204,200,7.47,-3.0,0.13,0.075,0.0196078431372549,0.0
BOS-PHX,204,204,10.627450980392156,-2.0,0.17647058823529413,0.15196078431372548,0.0,0.004901960784313725
TPA-DCA,203,199,9.256281407035177,-3.0,0.19597989949748743,0.1407035175879397,0.019704433497536946,0.009852216748768473
SEA-EUG,203,201,8.527363184079602,-4.0,0.1691542288557214,0.11940298507462686,0.009852216748768473,0.0
SEA-IAD,203,203,15.389162561576354,-3.0,0.22167487684729065,0.1330049261083744,0.0049261083743842365,0.0049261083743842365
DCA-BDL,203,196,16.867346938775512,-1.5,0.33163265306122447,0.22959183673469388,0.034482758620689655,0.0
DEN-ICT,203,202,15.495049504950495,-1.5,0.23267326732673269,0.16336633663366337,0.0049261083743842365,0.0
PHX-HOU,203,203,11.901477832512315,2.0,0.2561576354679803,0.10837438423645321,0.0049261083743842365,0.0049261083743842365
SEA-DTW,202,201,6.477611940298507,-2.0,0.16417910447761194,0.05970149253731343,0.0049504950495049506,0.0
SAT-LAX,202,202,5.02970297029703,-5.0,0.14356435643564355,0.08415841584158416,0.0,0.0
RSW-CLT,202,199,9.43718592964824,-5.0,0.18090452261306533,0.10552763819095477,0.01485148514851485,0.0
SJU-BOS,202,198,16.095959595959595,-1.0,0.25757575757575757,0.18686868686868688,0.019801980198019802,0.0049504950495049506
HOU-MSY,202,201,5.472636815920398,-1.0,0.15920398009950248,0.06467661691542288,0.0049504950495049506,0.0
ORD-XNA,202,200,7.585,-2.0,0.19,0.095,0.009900990099009901,0.0049504950495049506
JFK-SLC,202,202,5.767326732673268,-2.0,0.14356435643564355,0.08415841584158416,0.0049504950495049506,0.0049504950495049506
DTW-STL,201,199,11.71859296482412,-2.0,0.24120603015075376,0.1708542713567839,0.009950248756218905,0.0
LGA-MSP,201,200,5.075,-4.0,0.145,0.085,0.004975124378109453,0.0
EWR-SEA,201,198,19.92929292929293,-1.0,0.21717171717171718,0.15656565656565657,0.014925373134328358,0.0
STL-DTW,201,198,6.0353535353535355,-5.0,0.17676767676767677,0.1111111111111111,0.014925373134328358,0.0
DEN-BIL,201,200,8.39,-2.0,0.2,0.125,0.004975124378109453,0.004975124378109453
ORD-TYS,201,198,23.87878787878788,-3.0,0.2676767676767677,0.21717171717171718,0.014925373134328358,0.0
IAD-IAH,201,200,8.17,-2.0,0.16,0.09,0.004975124378109453,0.0
MCI-MDW,200,196,12.63265306122449,1.0,0.23469387755102042,0.12244897959183673,0.02,0.0
MSP-SFO,200,199,11.442211055276381,-2.0,0.17587939698492464,0.1306532663316583,0.005,0.0
SLC-BOI,200,200,6.665,-4.0,0.155,0.085,0.0,0.0
RDU-BNA,200,199,10.758793969849247,-3.0,0.21105527638190955,0.135678391959799,0.005,0.005
FLL-BNA,200,199,13.974874371859297,-1.0,0.24120603015075376,0.17587939698492464,0.005,0.005
CLT-IAD,200,193,13.093264248704664,-3.0,0.19170984455958548,0.15025906735751296,0.035,0.0
CLE-LGA,200,192,10.494791666666666,-5.5,0.18229166666666666,0.125,0.045,0.005
EWR-RSW,200,197,14.385786802030458,-4.0,0.2233502538071066,0.16751269035532995,0.015,0.0
IND-EWR,200,191,17.50785340314136,-5.0,0.18848167539267016,0.13089005235602094,0.045,0.0
IAH-BOS,200,198,14.93939393939394,-2.0,0.24242424242424243,0.18686868686868688,0.01,0.0
PHL-MSP,200,199,25.13065326633166,-4.0,0.22613065326633167,0.19095477386934673,0.015,0.0
ORD-PIA,199,193,12.191709844559586,-2.0,0.23316062176165803,0.17098445595854922,0.03015075376884422,0.0
ATL-BDL,199,197,10.299492385786802,-3.0,0.233502538071066,0.17766497461928935,0.010050251256281407,0.010050251256281407
MCO-MSP,199,197,16.64467005076142,-2.0,0.2131979695431472,0.15228426395939088,0.010050251256281407,0.005025125628140704
PDX-SMF,199,199,9.542713567839195,0.0,0.22613065326633167,0.1306532663316583,0.0,0.005025125628140704
DCA-TPA,199,195,21.215384615384615,-3.0,0.24102564102564103,0.17435897435897435,0.020100502512562814,0.0
CMH-CLT,199,194,12.257731958762887,-4.0,0.15979381443298968,0.13402061855670103,0.03015075376884422,0.0
EWR-BNA,199,197,10.050761421319796,-4.0,0.18274111675126903,0.1319796954314721,0.010050251256281407,0.0
BWI-LAS,199,198,15.95959595959596,2.0,0.3181818181818182,0.13636363636363635,0.005025125628140704,0.005025125628140704
BNA-BWI,199,195,15.507692307692308,1.0,0.2564102564102564,0.16923076923076924,0.020100502512562814,0.0
AUS-SEA,198,197,7.182741116751269,-2.0,0.18274111675126903,0.1065989847715736,0.005050505050505051,0.0
PSP-DEN,198,197,15.928934010152284,-3.0,0.2436548223350254,0.17766497461928935,0.005050505050505051,0.005050505050505051
BNA-MDW,198,196,10.64795918367347,1.0,0.24489795918367346,0.14795918367346939,0.010101010101010102,0.0
JAX-DFW,198,186,11.795698924731182,-4.0,0.1881720430107527,0.13978494623655913,0.06565656565656566,0.010101010101010102
DEN-OAK,198,198,23.13131313131313,8.0,0.3787878787878788,0.23232323232323232,0.0,0.0
AUS-MSY,198,197,8.558375634517766,-2.0,0.18274111675126903,0.10152284263959391,0.005050505050505051,0.0
ATL-CAE,198,196,9.612244897959183,-3.0,0.17857142857142858,0.1326530612244898,0.010101010101010102,0.0
CVG-DFW,197,191,21.05759162303665,-1.0,0.20418848167539266,0.13089005235602094,0.03553299492385787,0.005076142131979695
MSY-CLT,197,194,9.231958762886597,-4.0,0.1958762886597938,0.0979381443298969,0.02030456852791878,0.0
JFK-AUS,197,195,6.041025641025641,-3.0,0.14871794871794872,0.11794871794871795,0.015228426395939087,0.0
DCA-MSY,197,189,14.851851851851851,0.0,0.2751322751322751,0.19047619047619047,0.04060913705583756,0.005076142131979695
RDU-DCA,197,188,14.26063829787234,-4.0,0.22340425531914893,0.17553191489361702,0.050761421319796954,0.0
STL-CLT,197,192,17.015625,-3.0,0.20833333333333334,0.15104166666666666,0.025380710659898477,0.0
IAH-PHL,196,195,26.497435897435896,-3.0,0.24102564102564103,0.17435897435897435,0.00510204081632653,0.0
STL-LAS,196,195,15.97948717948718,0.0,0.2205128205128205,0.15384615384615385,0.00510204081632653,0.00510204081632653
CMH-EWR,196,186,9.63978494623656,-4.0,0.1774193548387097,0.12903225806451613,0.05612244897959184,0.0
HSV-DFW,196,185,25.805405405405406,0.0,0.32972972972972975,0.16216216216216217,0.05612244897959184,0.0
BOS-IND,196,192,7.8125,-5.0,0.203125,0.140625,0.02040816326530612,0.0
CMH-JFK,195,184,4.461956521739131,-3.5,0.13043478260869565,0.10326086956521739,0.05641025641025641,0.0
BWI-MDW,195,192,14.276041666666666,3.0,0.3072916666666667,0.16145833333333334,0.015384615384615385,0.005128205128205128
MIA-AUS,195,193,21.202072538860104,0.0,0.3005181347150259,0.22279792746113988,0.010256410256410256,0.0
MSP-EWR,195,193,29.46113989637306,-3.0,0.2849740932642487,0.24870466321243523,0.010256410256410256,0.005128205128205128
CLT-PIT,195,194,13.123711340206185,-2.0,0.22164948453608246,0.15979381443298968,0.005128205128205128,0.005128205128205128
BNA-LAX,195,194,17.010309278350515,0.0,0.2268041237113402,0.15979381443298968,0.010256410256410256,0.0
DAL-DCA,195,194,17.103092783505154,2.0,0.27835051546391754,0.18041237113402062,0.005128205128205128,0.005128205128205128
CVG-CLT,194,188,33.1436170212766,0.0,0.2712765957446808,0.18617021276595744,0.030927835051546393,0.0
BNA-RDU,194,192,7.833333333333333,-1.0,0.20833333333333334,0.11979166666666667,0.010309278350515464,0.005154639175257732
EWR-CLE,194,192,12.567708333333334,-4.0,0.16666666666666666,0.11979166666666667,0.015463917525773196,0.0
PIA-ORD,194,193,29.39896373056995,-4.0,0.24352331606217617,0.16062176165803108,0.005154639175257732,0.005154639175257732
IAH-IAD,194,193,10.989637305699482,2.0,0.22797927461139897,0.12435233160621761,0.005154639175257732,0.0
LGA-CLE,194,189,12.375661375661375,-4.0,0.19576719576719576,0.15343915343915343,0.02577319587628866,0.0
DAL-STL,193,191,13.204188481675393,1.0,0.2774869109947644,0.13089005235602094,0.010362694300518135,0.0
DAL-MCI,193,189,12.037037037037036,1.0,0.2751322751322751,0.13756613756613756,0.02072538860103627,0.0051813471502590676
SMF-ONT,193,193,5.575129533678757,-3.0,0.15025906735751296,0.08290155440414508,0.0,0.0051813471502590676
BIL-DEN,193,192,6.166666666666667,-7.0,0.15625,0.125,0.0051813471502590676,0.0
GEG-DEN,193,193,8.487046632124352,-1.0,0.17616580310880828,0.10880829015544041,0.0,0.010362694300518135
MCI-LAS,193,191,8.502617801047121,0.0,0.18324607329842932,0.11518324607329843,0.010362694300518135,0.0
LAS-HNL,193,192,21.697916666666668,2.0,0.234375,0.11458333333333333,0.0051813471502590676,0.010362694300518135
DFW-GRK,193,184,11.902173913043478,-3.0,0.23369565217391305,0.17391304347826086,0.05181347150259067,0.0051813471502590676
BDL-DCA,193,188,15.430851063829786,-4.0,0.2712765957446808,0.18085106382978725,0.025906735751295335,0.010362694300518135
SEA-RDM,192,190,3.2473684210526317,-4.0,0.1368421052631579,0.07368421052631578,0.015625,0.0
DFW-CLE,192,191,22.172774869109947,0.0,0.35602094240837695,0.24083769633507854,0.005208333333333333,0.0
OMA-ATL,192,189,4.925925925925926,-4.0,0.1693121693121693,0.10052910052910052,0.015625,0.0
LAX-OGG,192,192,5.135416666666667,-3.0,0.15104166666666666,0.06770833333333333,0.0,0.010416666666666666
OGG-SEA,192,190,13.147368421052631,-2.0,0.18421052631578946,0.11578947368421053,0.015625,0.010416666666666666
RSW-DTW,192,191,8.654450261780104,-5.0,0.1518324607329843,0.08900523560209424,0.005208333333333333,0.005208333333333333
DFW-JAX,191,188,24.72872340425532,2.0,0.34574468085106386,0.24468085106382978,0.015706806282722512,0.0
LAX-MSP,191,191,6.371727748691099,-2.0,0.14659685863874344,0.08376963350785341,0.0,0.0
BDL-MCO,191,188,12.52127659574468,-3.5,0.19148936170212766,0.14361702127659576,0.015706806282722512,0.0
MSY-DCA,191,184,30.63586956521739,-2.0,0.34782608695652173,0.2391304347826087,0.03664921465968586,0.015706806282722512
ALB-BWI,191,189,7.169312169312169,-3.0,0.13756613756613756,0.08994708994708994,0.010471204188481676,0.0
SEA-PSP,191,191,3.9581151832460733,-4.0,0.1256544502617801,0.09424083769633508,0.0,0.0
ALB-ORD,191,190,3.5,-5.0,0.11052631578947368,0.07894736842105263,0.005235602094240838,0.0
MSP-MCO,191,189,12.835978835978835,-2.0,0.18518518518518517,0.1164021164021164,0.010471204188481676,0.005235602094240838
SAN-IAH,190,188,4.585106382978723,-4.0,0.1276595744680851,0.06914893617021277,0.010526315789473684,0.005263157894736842
MCO-CVG,190,189,19.77777777777778,-1.0,0.30158730158730157,0.19047619047619047,0.005263157894736842,0.0
LAS-BNA,190,189,10.899470899470899,1.0,0.19047619047619047,0.1164021164021164,0.005263157894736842,0.005263157894736842
OAK-DEN,190,190,12.284210526315789,2.0,0.2736842105263158,0.15789473684210525,0.0,0.010526315789473684
SLC-JFK,189,189,21.48148148148148,-1.0,0.2328042328042328,0.164021164021164,0.0,0.0
MCO-HOU,189,188,15.063829787234043,2.5,0.3191489361702128,0.16489361702127658,0.005291005291005291,0.0
BWI-RDU,189,187,8.807486631016042,-1.0,0.1711229946524064,0.10160427807486631,0.010582010582010581,0.0
PHX-MCO,189,189,12.83068783068783,2.0,0.2222222222222222,0.13227513227513227,0.0,0.015873015873015872
MIA-JAX,189,188,20.143617021276597,-3.0,0.21808510638297873,0.14361702127659576,0.005291005291005291,0.0
SJC-SLC,189,188,5.212765957446808,-6.0,0.11170212765957446,0.06914893617021277,0.005291005291005291,0.0
CMH-BOS,189,189,6.338624338624339,-5.0,0.14814814814814814,0.12169312169312169,0.0,0.0
DCA-CMH,189,183,11.551912568306012,-2.0,0.22950819672131148,0.12568306010928962,0.037037037037037035,0.0
RNO-SFO,188,186,5.467741935483871,-5.0,0.13978494623655913,0.10215053763440861,0.010638297872340425,0.0
LAX-BWI,188,186,5.150537634408602,0.0,0.14516129032258066,0.07526881720430108,0.010638297872340425,0.0
RDM-SEA,188,184,4.054347826086956,-5.0,0.125,0.07065217391304347,0.02127659574468085,0.0
CLE-BOS,188,187,13.0,-4.0,0.21390374331550802,0.1443850267379679,0.005319148936170213,0.0
SLC-IAH,188,188,11.053191489361701,-4.0,0.13297872340425532,0.06382978723404255,0.0,0.0
SFO-RNO,188,186,11.102150537634408,-3.0,0.1935483870967742,0.15053763440860216,0.010638297872340425,0.0
PBI-DCA,187,184,21.445652173913043,0.0,0.2717391304347826,0.18478260869565216,0.016042780748663103,0.016042780748663103
CLE-EWR,187,183,18.907103825136613,-3.0,0.21311475409836064,0.17486338797814208,0.0213903743315508,0.0053475935828877
CLE-DEN,187,187,3.6042780748663104,-4.0,0.12834224598930483,0.0855614973262032,0.0,0.0053475935828877
IAH-SLC,187,186,11.682795698924732,-3.0,0.17204301075268819,0.10215053763440861,0.0053475935828877,0.0
ORD-MLI,187,183,21.18032786885246,-2.0,0.3005464480874317,0.22950819672131148,0.0213903743315508,0.0053475935828877
BWI-BNA,187,186,12.28494623655914,-0.5,0.23118279569892472,0.15053763440860216,0.0053475935828877,0.0
LGB-OAK,187,187,1.0748663101604279,-4.0,0.13368983957219252,0.053475935828877004,0.0,0.0
ORD-ICT,187,182,21.505494505494507,-0.5,0.3021978021978022,0.23626373626373626,0.026737967914438502,0.0053475935828877
SYR-ORD,186,182,5.1208791208791204,-5.0,0.15384615384615385,0.1043956043956044,0.021505376344086023,0.005376344086021506
LGA-RIC,186,177,5.096045197740113,-6.0,0.15819209039548024,0.13559322033898305,0.04838709677419355,0.0
LAS-BWI,186,185,17.78918918918919,5.0,0.2972972972972973,0.1837837837837838,0.005376344086021506,0.0
TUL-ORD,186,186,13.064516129032258,-4.0,0.15591397849462366,0.12903225806451613,0.0,0.010752688172043012
IAH-SEA,186,185,13.972972972972974,0.0,0.23243243243243245,0.16756756756756758,0.010752688172043012,0.0
TPA-IAH,186,183,12.327868852459016,-4.0,0.16393442622950818,0.14207650273224043,0.016129032258064516,0.0
PDX-SAN,186,185,4.427027027027027,-2.0,0.15135135135135136,0.07027027027027027,0.005376344086021506,0.005376344086021506
ORD-SGF,186,182,14.598901098901099,-2.0,0.25824175824175827,0.21978021978021978,0.021505376344086023,0.010752688172043012
SEA-AUS,186,186,7.935483870967742,-3.0,0.1881720430107527,0.10752688172043011,0.0,0.0
ELP-DEN,186,186,8.258064516129032,-4.0,0.1774193548387097,0.14516129032258066,0.0,0.0
ORD-IAD,186,185,17.524324324324326,0.0,0.25405405405405407,0.15135135135135136,0.005376344086021506,0.0
CLT-AUS,186,184,16.630434782608695,-2.0,0.27717391304347827,0.20108695652173914,0.010752688172043012,0.0
FAT-LAS,185,184,8.891304347826088,-3.0,0.15217391304347827,0.09239130434782608,0.005405405405405406,0.0
JFK-CMH,185,181,5.6353591160221,-5.0,0.1270718232044199,0.09944751381215469,0.021621621621621623,0.005405405405405406
SLC-SJC,185,185,3.027027027027027,-4.0,0.12972972972972974,0.0918918918918919,0.0,0.0
SAT-ORD,185,183,11.759562841530055,-5.0,0.15300546448087432,0.12021857923497267,0.010810810810810811,0.0
MDW-HOU,185,181,13.845303867403315,3.0,0.32044198895027626,0.19889502762430938,0.021621621621621623,0.005405405405405406
LGB-SMF,185,184,4.7228260869565215,-4.0,0.15217391304347827,0.08695652173913043,0.005405405405405406,0.0
LAS-ABQ,185,185,9.367567567567567,0.0,0.23783783783783785,0.13513513513513514,0.0,0.0
PHL-SFO,185,185,22.232432432432432,-1.0,0.23243243243243245,0.14594594594594595,0.005405405405405406,0.0
SLC-SGU,184,184,2.6902173913043477,-5.0,0.08152173913043478,0.04891304347826087,0.0,0.0
BOI-SLC,184,184,0.266304347826087,-6.5,0.08152173913043478,0.03260869565217391,0.0,0.0
CLT-CMH,184,182,15.384615384615385,-1.0,0.23626373626373626,0.16483516483516483,0.016304347826086956,0.0
JFK-ORD,184,174,21.551724137931036,-3.0,0.25862068965517243,0.1781609195402299,0.05434782608695652,0.0
HOU-MCO,184,183,12.612021857923498,0.0,0.22404371584699453,0.11475409836065574,0.005434782608695652,0.005434782608695652
MCO-PHX,184,183,20.42622950819672,0.0,0.2459016393442623,0.14754098360655737,0.005434782608695652,0.005434782608695652
LAS-STL,184,184,10.88586956521739,1.0,0.2608695652173913,0.13043478260869565,0.005434782608695652,0.0
MSP-IAH,184,181,11.033149171270718,-3.0,0.1878453038674033,0.11049723756906077,0.016304347826086956,0.005434782608695652
AUS-JFK,184,183,13.781420765027322,-2.0,0.2185792349726776,0.1366120218579235,0.005434782608695652,0.0
BWI-ALB,184,181,11.480662983425415,2.0,0.27624309392265195,0.143646408839779,0.016304347826086956,0.005434782608695652
ORD-SAT,184,181,19.77900552486188,1.0,0.292817679558011,0.18232044198895028,0.016304347826086956,0.0
PSC-SEA,184,183,1.6775956284153006,-6.0,0.10382513661202186,0.06557377049180328,0.005434782608695652,0.0
FSD-ORD,183,179,11.843575418994414,-4.0,0.2122905027932961,0.1452513966480447,0.02185792349726776,0.0
CLT-PBI,183,179,12.513966480446927,-2.0,0.25139664804469275,0.1787709497206704,0.02185792349726776,0.00546448087431694
CHA-DFW,183,177,19.51412429378531,-2.0,0.24858757062146894,0.1638418079096045,0.03278688524590164,0.00546448087431694
ATL-OKC,183,180,9.161111111111111,-3.0,0.21666666666666667,0.15,0.01639344262295082,0.0
MDW-STL,183,180,8.077777777777778,-2.0,0.22777777777777777,0.12222222222222222,0.01639344262295082,0.0
PDX-SJC,183,182,8.456043956043956,0.0,0.25824175824175827,0.10989010989010989,0.00546448087431694,0.0
ORD-CHS,183,181,7.348066298342541,-2.0,0.19889502762430938,0.12154696132596685,0.01092896174863388,0.0
SNA-SLC,183,182,16.032967032967033,-5.0,0.19230769230769232,0.13736263736263737,0.00546448087431694,0.0
LRD-DFW,183,173,17.809248554913296,-6.0,0.18497109826589594,0.12716763005780346,0.0546448087431694,0.0
CLE-CLT,183,179,16.28491620111732,-3.0,0.16759776536312848,0.11173184357541899,0.02185792349726776,0.0
FSD-DEN,183,180,14.916666666666666,-6.0,0.20555555555555555,0.17222222222222222,0.01639344262295082,0.01092896174863388
DEN-CMH,182,182,14.357142857142858,1.5,0.2802197802197802,0.16483516483516483,0.0,0.0
DCA-CHS,182,169,20.727810650887573,-2.0,0.28994082840236685,0.21301775147928995,0.07142857142857142,0.005494505494505495
ATL-AVL,182,181,14.237569060773481,-3.0,0.24861878453038674,0.1712707182320442,0.005494505494505495,0.0
SMF-LGB,182,181,7.933701657458563,-2.0,0.17679558011049723,0.09944751381215469,0.005494505494505495,0.0
JAC-DEN,182,181,12.176795580110497,-3.0,0.19337016574585636,0.14917127071823205,0.005494505494505495,0.016483516483516484
BOS-SJU,182,181,16.34254143646409,0.0,0.27624309392265195,0.1878453038674033,0.005494505494505495,0.005494505494505495
PIT-JFK,182,179,5.167597765363128,-5.0,0.11731843575418995,0.09497206703910614,0.02197802197802198,0.0
CLT-CLE,182,179,19.910614525139664,-1.0,0.2905027932960894,0.2011173184357542,0.016483516483516484,0.0
RDU-EWR,182,175,25.588571428571427,-2.0,0.2342857142857143,0.18857142857142858,0.04395604395604396,0.0
DEN-FSD,182,181,8.453038674033149,-3.0,0.20441988950276244,0.14917127071823205,0.005494505494505495,0.0
DFW-CVG,181,176,26.755681818181817,2.0,0.3181818181818182,0.24431818181818182,0.027624309392265192,0.016574585635359115
DEN-RDU,181,181,17.116022099447513,3.0,0.2596685082872928,0.18232044198895028,0.0,0.0
BOS-IAH,181,181,9.861878453038674,-2.0,0.1712707182320442,0.09944751381215469,0.0,0.011049723756906077
ABI-DFW,181,179,5.76536312849162,-5.0,0.16759776536312848,0.12849162011173185,0.011049723756906077,0.0055248618784530384
IAH-MSP,181,180,17.372222222222224,-2.0,0.24444444444444444,0.18888888888888888,0.0055248618784530384,0.0
EWR-RDU,181,172,16.97093023255814,-3.0,0.2616279069767442,0.19186046511627908,0.055248618784530384,0.0
OKC-PHX,181,181,12.05524861878453,-4.0,0.18232044198895028,0.13812154696132597,0.0,0.0055248618784530384
BNA-EWR,181,177,24.112994350282484,-1.0,0.3220338983050847,0.2542372881355932,0.027624309392265192,0.0055248618784530384
BOS-CMH,180,178,10.724719101123595,-5.0,0.19101123595505617,0.12359550561797752,0.011111111111111112,0.0
CLT-CVG,180,175,20.685714285714287,-2.0,0.2914285714285714,0.2,0.027777777777777776,0.005555555555555556
LEX-CLT,180,174,22.93103448275862,-6.0,0.2413793103448276,0.1724137931034483,0.03333333333333333,0.011111111111111112
ICT-DEN,180,178,13.567415730337078,-5.0,0.16292134831460675,0.12359550561797752,0.011111111111111112,0.0
LGA-GSO,180,169,5.988165680473373,-5.0,0.17159763313609466,0.11834319526627218,0.06111111111111111,0.0
TYS-ORD,180,174,28.735632183908045,-5.0,0.2413793103448276,0.21264367816091953,0.03333333333333333,0.0
DFW-SAF,180,176,17.210227272727273,-3.0,0.26136363636363635,0.20454545454545456,0.022222222222222223,0.005555555555555556
ATL-OMA,180,180,13.694444444444445,-3.0,0.25,0.17222222222222222,0.0,0.0
ORD-TUL,180,178,15.106741573033707,-2.0,0.2247191011235955,0.16292134831460675,0.011111111111111112,0.0
DAL-BWI,180,180,14.605555555555556,3.0,0.2222222222222222,0.12222222222222222,0.0,0.0
DTW-RSW,180,177,15.711864406779661,-1.0,0.22033898305084745,0.1751412429378531,0.016666666666666666,0.011111111111111112
ORD-FSD,180,173,17.578034682080926,0.0,0.3352601156069364,0.2254335260115607,0.03888888888888889,0.0
MCO-SEA,180,180,4.7444444444444445,-2.0,0.14444444444444443,0.08888888888888889,0.0,0.005555555555555556
DTW-MDW,180,179,5.581005586592179,-1.0,0.16759776536312848,0.0782122905027933,0.005555555555555556,0.005555555555555556
OGG-LAX,179,177,32.983050847457626,-4.0,0.14689265536723164,0.1016949152542373,0.0111731843575419,0.0
OAK-SLC,179,178,1.7415730337078652,-5.0,0.1404494382022472,0.07865168539325842,0.00558659217877095,0.0
MDW-DTW,179,176,8.306818181818182,-3.0,0.18181818181818182,0.10795454545454546,0.01675977653631285,0.0
MCI-DCA,179,171,10.514619883040936,-3.0,0.2046783625730994,0.1286549707602339,0.05027932960893855,0.00558659217877095
DCA-PBI,179,176,16.664772727272727,-2.0,0.2556818181818182,0.19886363636363635,0.01675977653631285,0.0
OKC-ATL,179,175,11.371428571428572,-6.0,0.19428571428571428,0.12571428571428572,0.0223463687150838,0.0111731843575419
DTW-SEA,179,178,8.196629213483146,0.0,0.19101123595505617,0.08426966292134831,0.00558659217877095,0.0
SEA-OAK,179,179,13.150837988826815,2.0,0.3128491620111732,0.19553072625698323,0.0,0.0
DCA-PIT,179,173,12.063583815028903,-4.0,0.20809248554913296,0.16184971098265896,0.0335195530726257,0.0
GNV-ATL,178,176,12.971590909090908,-8.0,0.19318181818181818,0.14772727272727273,0.011235955056179775,0.0
DCA-RDU,178,170,24.241176470588236,-3.0,0.31176470588235294,0.24705882352941178,0.056179775280898875,0.0
MCO-BUF,178,176,15.579545454545455,-1.0,0.26136363636363635,0.17045454545454544,0.011235955056179775,0.0
STL-HOU,178,176,14.522727272727273,0.5,0.2556818181818182,0.1875,0.011235955056179775,0.0
SJC-PDX,178,178,9.140449438202246,-3.0,0.21348314606741572,0.1348314606741573,0.0,0.0
DEN-JAC,178,178,21.230337078651687,-2.0,0.21348314606741572,0.15730337078651685,0.0,0.011235955056179775
MSY-MIA,178,176,32.32954545454545,-2.0,0.26704545454545453,0.17045454545454544,0.011235955056179775,0.0
SAN-CLT,178,177,27.129943502824858,-1.0,0.22033898305084745,0.1638418079096045,0.0056179775280898875,0.0056179775280898875
AUS-CLT,178,176,29.28409090909091,-4.0,0.2215909090909091,0.1590909090909091,0.011235955056179775,0.0
RIC-LGA,177,173,21.520231213872833,-4.0,0.23699421965317918,0.17341040462427745,0.022598870056497175,0.0
SAN-DAL,177,174,16.862068965517242,4.0,0.3103448275862069,0.15517241379310345,0.01694915254237288,0.011299435028248588
MSY-AUS,177,175,14.817142857142857,1.0,0.3142857142857143,0.17142857142857143,0.011299435028248588,0.0
DTW-MIA,177,176,4.0227272727272725,-3.0,0.13636363636363635,0.09659090909090909,0.005649717514124294,0.0
MLI-ORD,177,173,19.057803468208093,-5.0,0.21965317919075145,0.17341040462427745,0.022598870056497175,0.0
EWR-AUS,177,177,20.785310734463277,-3.0,0.2542372881355932,0.1977401129943503,0.005649717514124294,0.0
DEN-CLE,177,177,23.062146892655367,0.0,0.2768361581920904,0.1977401129943503,0.0,0.0
EWR-SAN,177,177,7.497175141242938,-4.0,0.1977401129943503,0.11299435028248588,0.0,0.0
DEN-ELP,177,177,12.790960451977401,0.0,0.23728813559322035,0.15819209039548024,0.0,0.0
BNA-LAS,176,176,16.710227272727273,1.5,0.3181818181818182,0.17045454545454544,0.0,0.0
SEA-MCO,176,174,9.172413793103448,0.0,0.20689655172413793,0.10344827586206896,0.011363636363636364,0.011363636363636364
LBB-DAL,176,171,12.198830409356725,-4.0,0.18128654970760233,0.14035087719298245,0.028409090909090908,0.011363636363636364
DTW-RDU,176,176,3.039772727272727,-5.0,0.11931818181818182,0.09659090909090909,0.0,0.0
BUF-LGA,176,168,11.583333333333334,-4.0,0.17261904761904762,0.125,0.045454545454545456,0.0
PHX-MIA,176,175,5.074285714285714,-3.0,0.12571428571428572,0.06857142857142857,0.005681818181818182,0.0
CLT-STL,176,172,13.412790697674419,-1.0,0.25,0.1569767441860465,0.022727272727272728,0.0
PHX-OAK,176,175,14.325714285714286,4.0,0.3028571428571429,0.16,0.005681818181818182,0.0
IAD-SAN,176,175,6.6571428571428575,-4.0,0.16,0.10285714285714286,0.005681818181818182,0.017045454545454544
PNS-DFW,176,165,48.14545454545455,-1.0,0.3575757575757576,0.2787878787878788,0.0625,0.005681818181818182
SLC-GEG,176,176,14.897727272727273,-4.0,0.17045454545454544,0.11363636363636363,0.005681818181818182,0.0
ELP-DAL,175,175,5.08,-2.0,0.18285714285714286,0.11428571428571428,0.0,0.0
GRK-DFW,175,170,7.864705882352941,-5.0,0.2235294117647059,0.1411764705882353,0.02857142857142857,0.0
MIA-PHX,175,174,14.706896551724139,-2.0,0.20689655172413793,0.16666666666666666,0.005714285714285714,0.005714285714285714
ORF-ORD,175,172,10.813953488372093,-3.5,0.19186046511627908,0.13372093023255813,0.017142857142857144,0.0
IDA-DEN,175,174,17.683908045977013,-6.0,0.20114942528735633,0.16091954022988506,0.005714285714285714,0.022857142857142857
SLC-SNA,175,175,6.497142857142857,-3.0,0.22285714285714286,0.12,0.0,0.005714285714285714
PBI-CLT,175,173,7.393063583815029,-5.0,0.15606936416184972,0.10404624277456648,0.011428571428571429,0.005714285714285714
CHS-ORD,175,168,15.011904761904763,-4.0,0.19642857142857142,0.125,0.04,0.005714285714285714
DFW-SDF,175,169,20.34319526627219,-1.0,0.33136094674556216,0.23076923076923078,0.03428571428571429,0.005714285714285714
FLL-LAX,175,175,13.742857142857142,-3.0,0.18857142857142858,0.14857142857142858,0.0,0.0
IAH-TPA,174,171,11.701754385964913,-3.0,0.22807017543859648,0.1286549707602339,0.017241379310344827,0.0
SAN-PDX,174,172,3.0290697674418605,-4.0,0.11046511627906977,0.08139534883720931,0.011494252873563218,0.0
LAS-MIA,174,173,16.24277456647399,-2.0,0.17341040462427745,0.10404624277456648,0.005747126436781609,0.0
AUS-SLC,174,173,12.132947976878613,-2.0,0.2254335260115607,0.13872832369942195,0.005747126436781609,0.0
ORD-RIC,174,171,18.502923976608187,0.0,0.3508771929824561,0.2631578947368421,0.017241379310344827,0.0
CLT-XNA,174,169,12.8698224852071,-2.0,0.17159763313609466,0.1242603550295858,0.028735632183908046,0.0
SFO-PHL,174,174,2.5229885057471266,-4.0,0.12643678160919541,0.08045977011494253,0.0,0.0
DFW-ABI,174,171,9.777777777777779,-3.0,0.21637426900584794,0.14035087719298245,0.022988505747126436,0.005747126436781609
BWI-BDL,173,171,12.654970760233919,3.0,0.29239766081871343,0.1286549707602339,0.011560693641618497,0.0
JAX-BOS,173,170,23.458823529411763,-1.0,0.3352941176470588,0.25882352941176473,0.017341040462427744,0.005780346820809248
LAX-DAL,173,171,11.421052631578947,2.0,0.25146198830409355,0.1286549707602339,0.011560693641618497,0.0
SAF-DFW,173,170,18.594117647058823,-8.0,0.2529411764705882,0.18235294117647058,0.017341040462427744,0.011560693641618497
FAT-DEN,173,173,6.3468208092485545,-2.0,0.15606936416184972,0.10404624277456648,0.0,0.005780346820809248
TYS-ATL,173,171,16.064327485380115,-6.0,0.21052631578947367,0.14619883040935672,0.011560693641618497,0.0
AUS-MIA,172,171,14.660818713450292,-1.0,0.22807017543859648,0.15789473684210525,0.005813953488372093,0.005813953488372093
DTW-SFO,172,171,17.52046783625731,-2.0,0.18128654970760233,0.1286549707602339,0.005813953488372093,0.005813953488372093
HOU-BNA,172,172,8.023255813953488,0.0,0.22093023255813954,0.0872093023255814,0.0,0.005813953488372093
KOA-LAX,172,172,13.453488372093023,-3.0,0.18023255813953487,0.09302325581395349,0.0,0.005813953488372093
BOS-MSP,172,172,10.5,-2.5,0.1686046511627907,0.11046511627906977,0.0,0.0
ORD-JFK,172,171,26.31578947368421,0.0,0.32748538011695905,0.23976608187134502,0.005813953488372093,0.0
DFW-CMH,172,167,18.604790419161677,0.0,0.2634730538922156,0.17964071856287425,0.029069767441860465,0.005813953488372093
SEA-JNU,171,166,14.180722891566266,1.0,0.26506024096385544,0.16265060240963855,0.029239766081871343,0.0
BWI-DAL,171,168,14.523809523809524,4.0,0.2916666666666667,0.1130952380952381,0.017543859649122806,0.005847953216374269
DCA-MCI,171,165,22.67878787878788,1.0,0.3151515151515151,0.24848484848484848,0.04093567251461988,0.005847953216374269
PBI-PHL,171,170,27.305882352941175,-0.5,0.31176470588235294,0.17647058823529413,0.005847953216374269,0.0
SEA-OGG,171,167,8.431137724550899,-1.0,0.2275449101796407,0.09580838323353294,0.023391812865497075,0.005847953216374269
SLC-AUS,171,171,7.619883040935672,-3.0,0.21052631578947367,0.15789473684210525,0.0,0.0
CVG-MCO,171,170,14.894117647058824,-3.0,0.2411764705882353,0.15294117647058825,0.005847953216374269,0.0
JAX-MIA,171,169,13.2603550295858,-4.0,0.15384615384615385,0.1242603550295858,0.011695906432748537,0.0
ONT-OAK,171,171,9.847953216374268,-2.0,0.17543859649122806,0.12280701754385964,0.0,0.0
TYS-DFW,170,165,19.848484848484848,-2.0,0.2545454545454545,0.17575757575757575,0.029411764705882353,0.0
MSP-BNA,170,168,8.119047619047619,-3.0,0.1488095238095238,0.08333333333333333,0.011764705882352941,0.0058823529411764705
ORD-FNT,170,166,24.174698795180724,0.5,0.3072289156626506,0.20481927710843373,0.023529411764705882,0.0
MIA-SFO,170,170,13.68235294117647,0.0,0.24705882352941178,0.15294117647058825,0.0,0.0058823529411764705
RDU-BWI,170,168,5.488095238095238,-1.0,0.16666666666666666,0.07738095238095238,0.011764705882352941,0.0
PSP-PHX,170,168,6.285714285714286,-7.0,0.20833333333333334,0.125,0.011764705882352941,0.0
LAX-MSY,170,168,9.279761904761905,-4.0,0.14285714285714285,0.07142857142857142,0.011764705882352941,0.0
EWR-CMH,170,160,9.01875,-5.0,0.1625,0.1125,0.058823529411764705,0.0
PHX-FAT,170,170,18.08823529411765,-4.0,0.2235294117647059,0.19411764705882353,0.0,0.0
LAS-PHL,169,165,6.575757575757576,-4.0,0.18787878787878787,0.12121212121212122,0.023668639053254437,0.0
SEA-EWR,169,162,18.71604938271605,0.5,0.29012345679012347,0.1728395061728395,0.04142011834319527,0.011834319526627219
JFK-BNA,169,165,12.206060606060607,-4.0,0.20606060606060606,0.15151515151515152,0.03550295857988166,0.0
SJU-TPA,169,168,14.297619047619047,0.0,0.24404761904761904,0.13690476190476192,0.005917159763313609,0.005917159763313609
SLC-OAK,169,168,3.4285714285714284,-2.0,0.1130952380952381,0.047619047619047616,0.005917159763313609,0.0
JAX-PHL,169,165,15.781818181818181,-6.0,0.26666666666666666,0.20606060606060606,0.029585798816568046,0.0
IAD-BOS,169,169,11.47337278106509,-1.0,0.1952662721893491,0.14792899408284024,0.0,0.0
SAN-BOS,169,168,21.25595238095238,-1.0,0.32142857142857145,0.16666666666666666,0.011834319526627219,0.011834319526627219
DEN-XWA,169,166,16.50602409638554,-3.0,0.21686746987951808,0.1566265060240964,0.01775147928994083,0.005917159763313609
MDW-BNA,169,167,9.449101796407186,-1.0,0.17964071856287425,0.08982035928143713,0.011834319526627219,0.0
BRO-DFW,168,158,9.784810126582279,-6.0,0.18354430379746836,0.12025316455696203,0.05952380952380952,0.0
DEN-IDA,168,167,16.856287425149702,-2.0,0.2155688622754491,0.16766467065868262,0.005952380952380952,0.005952380952380952
MDT-ORD,168,168,11.523809523809524,-2.0,0.23214285714285715,0.13095238095238096,0.0,0.0
OAK-LGB,168,167,4.6946107784431135,-2.0,0.1497005988023952,0.09580838323353294,0.005952380952380952,0.0
CLE-DFW,168,167,16.323353293413174,-3.0,0.2215568862275449,0.1317365269461078,0.005952380952380952,0.0
SFO-BOI,168,168,12.303571428571429,-4.0,0.21428571428571427,0.14285714285714285,0.0,0.0
LAS-IND,168,166,9.957831325301205,1.0,0.2469879518072289,0.12048192771084337,0.011904761904761904,0.0
CLT-MEM,168,165,16.084848484848486,-2.0,0.21212121212121213,0.1696969696969697,0.017857142857142856,0.005952380952380952
LNK-DEN,168,165,17.181818181818183,-6.0,0.21818181818181817,0.19393939393939394,0.017857142857142856,0.0
LFT-DFW,168,160,27.19375,-2.0,0.28125,0.225,0.047619047619047616,0.0
DFW-IAD,168,166,16.951807228915662,-2.0,0.23493975903614459,0.15060240963855423,0.011904761904761904,0.005952380952380952
CLT-IND,168,165,21.315151515151516,-1.0,0.2727272727272727,0.24242424242424243,0.017857142857142856,0.005952380952380952
IAH-SAN,168,167,9.550898203592814,-2.0,0.20359281437125748,0.11976047904191617,0.005952380952380952,0.005952380952380952
MCO-PVD,168,167,17.089820359281436,0.0,0.281437125748503,0.20359281437125748,0.005952380952380952,0.0
DFW-TYS,168,162,30.030864197530864,0.0,0.3395061728395062,0.2345679012345679,0.03571428571428571,0.0
LAX-DCA,167,166,11.41566265060241,-3.0,0.1746987951807229,0.13253012048192772,0.005988023952095809,0.005988023952095809
DFW-SMF,167,164,28.091463414634145,3.0,0.34146341463414637,0.2621951219512195,0.017964071856287425,0.0
OAK-SEA,167,166,5.897590361445783,-2.0,0.18674698795180722,0.10240963855421686,0.005988023952095809,0.0
BOS-SAN,167,165,9.55151515151515,-1.0,0.21818181818181817,0.13333333333333333,0.011976047904191617,0.011976047904191617
RDU-DEN,167,167,15.455089820359282,0.0,0.2634730538922156,0.17365269461077845,0.0,0.005988023952095809
CLT-SDF,167,161,10.409937888198758,-3.0,0.2236024844720497,0.14906832298136646,0.03592814371257485,0.0
SEA-BUR,167,166,7.662650602409639,-2.0,0.2289156626506024,0.10843373493975904,0.011976047904191617,0.0
PIT-CLT,166,164,2.5,-4.0,0.10365853658536585,0.07317073170731707,0.012048192771084338,0.0
TLH-ATL,166,165,5.090909090909091,-7.0,0.15151515151515152,0.12727272727272726,0.006024096385542169,0.0
MIA-LAS,166,166,19.548192771084338,0.0,0.3072289156626506,0.23493975903614459,0.0,0.0
BOS-IAD,166,164,7.146341463414634,-2.5,0.12804878048780488,0.0975609756097561,0.012048192771084338,0.0
BOS-RIC,166,163,12.515337423312884,-3.0,0.2331288343558282,0.15950920245398773,0.018072289156626505,0.0
HOU-SAT,166,166,11.259036144578314,-1.0,0.2710843373493976,0.16265060240963855,0.0,0.006024096385542169
DCA-CLE,166,155,20.64516129032258,3.0,0.4,0.2903225806451613,0.0783132530120482,0.0
ORD-DAY,166,162,40.34567901234568,-1.0,0.3148148148148148,0.25308641975308643,0.030120481927710843,0.0
MCI-LGA,165,162,11.932098765432098,-2.0,0.2345679012345679,0.16666666666666666,0.024242424242424242,0.0
SJU-PHL,165,163,45.0,-4.0,0.25766871165644173,0.17791411042944785,0.01818181818181818,0.0
CLT-BDL,165,164,12.359756097560975,-2.0,0.24390243902439024,0.17073170731707318,0.006060606060606061,0.0
DEN-PIT,165,164,18.98780487804878,0.0,0.27439024390243905,0.18902439024390244,0.006060606060606061,0.0
BNA-JFK,165,156,8.301282051282051,-4.0,0.20512820512820512,0.1282051282051282,0.05454545454545454,0.0
ORD-JAX,165,164,18.536585365853657,-2.0,0.24390243902439024,0.18902439024390244,0.012121212121212121,0.0
SFO-MIA,165,165,4.006060606060606,-2.0,0.10303030303030303,0.07272727272727272,0.0,0.012121212121212121
MDW-PHL,165,163,16.460122699386503,1.0,0.294478527607362,0.1901840490797546,0.012121212121212121,0.0
MIA-MSY,165,162,15.592592592592593,-2.0,0.2654320987654321,0.16666666666666666,0.01818181818181818,0.0
LAX-LIH,164,164,5.579268292682927,-4.0,0.16463414634146342,0.08536585365853659,0.0,0.0
BWI-BUF,164,163,11.901840490797547,0.0,0.2392638036809816,0.13496932515337423,0.006097560975609756,0.0
BOS-CVG,164,161,10.043478260869565,-4.0,0.19254658385093168,0.13664596273291926,0.018292682926829267,0.006097560975609756
HPN-PBI,164,162,12.08641975308642,-5.0,0.2037037037037037,0.13580246913580246,0.012195121951219513,0.0
DAY-ORD,164,161,12.360248447204969,-7.0,0.18012422360248448,0.16149068322981366,0.018292682926829267,0.006097560975609756
MSY-BNA,164,163,11.56441717791411,0.0,0.19631901840490798,0.11042944785276074,0.006097560975609756,0.006097560975609756
BWI-PVD,164,161,12.217391304347826,1.0,0.22981366459627328,0.14285714285714285,0.018292682926829267,0.0
ORD-LEX,164,160,22.5125,-1.0,0.33125,0.24375,0.024390243902439025,0.012195121951219513
LGB-SLC,164,164,0.7439024390243902,-5.0,0.10365853658536585,0.04878048780487805,0.0,0.0
DEN-BIS,164,164,30.4390243902439,-3.0,0.29878048780487804,0.2073170731707317,0.0,0.012195121951219513
SFO-MSP,164,163,2.4539877300613497,-4.0,0.09815950920245399,0.03680981595092025,0.006097560975609756,0.006097560975609756
LAS-FAT,163,163,9.349693251533742,-1.0,0.25153374233128833,0.147239263803681,0.0,0.0
MIA-DTW,163,163,18.834355828220858,-2.0,0.26993865030674846,0.18404907975460122,0.0,0.0
TPA-MDW,163,159,20.21383647798742,3.0,0.3018867924528302,0.18867924528301888,0.024539877300613498,0.012269938650306749
CMH-DEN,163,163,15.411042944785276,0.0,0.2085889570552147,0.147239263803681,0.0,0.006134969325153374
CLT-PVD,163,160,15.3,-2.0,0.24375,0.14375,0.018404907975460124,0.006134969325153374
AVL-ATL,163,160,10.15625,-4.0,0.2125,0.1625,0.018404907975460124,0.0
BNA-MSY,163,160,10.4875,0.5,0.23125,0.14375,0.018404907975460124,0.006134969325153374
PHL-JAX,163,161,27.055900621118013,-3.0,0.2795031055900621,0.18633540372670807,0.012269938650306749,0.0
XNA-ORD,163,161,10.521739130434783,-4.0,0.2236024844720497,0.16770186335403728,0.012269938650306749,0.006134969325153374
BOS-LAS,163,163,5.288343558282208,-4.0,0.15950920245398773,0.09815950920245399,0.0,0.0
PHL-IND,163,159,23.19496855345912,-4.0,0.2641509433962264,0.20754716981132076,0.03067484662576687,0.0
BIS-DEN,163,160,37.20625,-5.0,0.24375,0.2125,0.018404907975460124,0.006134969325153374
PHL-SJU,163,160,27.5875,2.5,0.325,0.25,0.018404907975460124,0.006134969325153374
JAX-ORD,162,159,9.0125786163522,-5.0,0.15723270440251572,0.11320754716981132,0.018518518518518517,0.006172839506172839
BDL-BWI,162,160,7.78125,-3.0,0.1625,0.09375,0.012345679012345678,0.0
PVD-CLT,162,159,7.2075471698113205,-4.0,0.16981132075471697,0.1069182389937107,0.018518518518518517,0.0
GEG-SLC,162,162,5.080246913580247,-7.0,0.1111111111111111,0.08641975308641975,0.0,0.0
HOU-MDW,162,162,10.253086419753087,1.5,0.2345679012345679,0.12962962962962962,0.0,0.0
PHX-MRY,162,160,4.125,-4.0,0.13125,0.08125,0.012345679012345678,0.012345679012345678
BWI-DFW,162,158,23.354430379746834,-0.5,0.31645569620253167,0.20253164556962025,0.024691358024691357,0.006172839506172839
BDL-CLT,162,158,11.044303797468354,-3.0,0.15822784810126583,0.12025316455696203,0.024691358024691357,0.006172839506172839
SMF-DFW,162,160,17.225,-3.0,0.15625,0.11875,0.012345679012345678,0.0
STL-MSP,162,159,7.264150943396227,-5.0,0.12578616352201258,0.07547169811320754,0.018518518518518517,0.0
BWI-MHT,162,161,17.472049689440993,1.0,0.3105590062111801,0.18012422360248448,0.006172839506172839,0.0
DFW-OMA,162,155,19.24516129032258,0.0,0.3096774193548387,0.23870967741935484,0.043209876543209874,0.0
LGA-BUF,161,161,13.763975155279503,-5.0,0.2857142857142857,0.19254658385093168,0.012422360248447204,0.0
MSY-LGA,161,161,21.47826086956522,3.0,0.32298136645962733,0.2670807453416149,0.0,0.012422360248447204
MEM-CLT,161,159,11.9937106918239,-4.0,0.22641509433962265,0.16352201257861634,0.012422360248447204,0.0
HOU-AUS,161,160,14.425,0.0,0.275,0.16875,0.006211180124223602,0.0
HNL-SAN,161,160,6.2375,-1.0,0.1125,0.0625,0.006211180124223602,0.0
BOS-CLE,161,157,17.331210191082803,-3.0,0.27388535031847133,0.20382165605095542,0.024844720496894408,0.0
DFW-LFT,161,158,20.835443037974684,-2.0,0.3037974683544304,0.21518987341772153,0.018633540372670808,0.0
MSY-LAX,161,157,15.369426751592357,-1.0,0.2229299363057325,0.14012738853503184,0.024844720496894408,0.0
MSP-STL,160,160,6.9875,-3.0,0.2,0.1125,0.0,0.0
ORD-HPN,160,154,11.474025974025974,-1.0,0.2012987012987013,0.14285714285714285,0.04375,0.00625
PSP-SEA,160,160,-0.05,-5.0,0.13125,0.0625,0.0,0.0
OMA-DFW,160,153,25.0718954248366,-3.0,0.20261437908496732,0.13725490196078433,0.04375,0.0
DFW-HRL,160,155,4.032258064516129,-3.0,0.14838709677419354,0.08387096774193549,0.0375,0.0
CLT-SAN,160,160,12.15625,-0.5,0.24375,0.1625,0.0,0.0
MSP-BOS,160,160,7.8875,-1.0,0.25,0.1125,0.0,0.0
CLT-AVL,160,158,17.481012658227847,-1.0,0.2911392405063291,0.24050632911392406,0.01875,0.0
CLT-SRQ,160,158,9.544303797468354,-2.0,0.22151898734177214,0.1518987341772152,0.0125,0.0
OGG-SFO,159,158,-0.7468354430379747,-5.0,0.08227848101265822,0.02531645569620253,0.006289308176100629,0.0
RIC-BOS,159,154,7.512987012987013,-5.0,0.18831168831168832,0.12987012987012986,0.031446540880503145,0.0
PHX-PSP,159,159,14.754716981132075,-3.0,0.1949685534591195,0.15723270440251572,0.0,0.0
ORD-ALB,159,158,8.791139240506329,-1.5,0.21518987341772153,0.14556962025316456,0.006289308176100629,0.0
MCI-MCO,159,159,9.943396226415095,-2.0,0.1320754716981132,0.09433962264150944,0.0,0.0
BUR-SLC,159,158,7.455696202531645,-6.0,0.18354430379746836,0.10126582278481013,0.006289308176100629,0.0
AUS-HOU,159,158,11.291139240506329,-2.5,0.2468354430379747,0.15822784810126583,0.006289308176100629,0.0
HOU-BWI,159,157,12.662420382165605,1.0,0.25477707006369427,0.15286624203821655,0.012578616352201259,0.0
LGA-ORF,158,155,6.638709677419355,-5.0,0.17419354838709677,0.11612903225806452,0.02531645569620253,0.0
ATL-GNV,158,155,8.35483870967742,-5.0,0.1935483870967742,0.1032258064516129,0.0189873417721519,0.0
MAF-DEN,158,158,23.968354430379748,-5.0,0.20253164556962025,0.17088607594936708,0.0,0.006329113924050633
MKE-PHX,158,158,15.664556962025317,-1.0,0.15822784810126583,0.10126582278481013,0.0,0.0
LGB-PHX,158,156,4.782051282051282,-3.0,0.14743589743589744,0.07051282051282051,0.012658227848101266,0.0
PHL-LAS,158,156,19.762820512820515,-2.0,0.2564102564102564,0.1858974358974359,0.012658227848101266,0.0
BNA-HOU,158,155,12.361290322580645,3.0,0.2838709677419355,0.12903225806451613,0.0189873417721519,0.0
FNT-ORD,157,154,45.857142857142854,-3.0,0.2597402597402597,0.22727272727272727,0.01910828025477707,0.0
DAL-LBB,157,155,12.12258064516129,-1.0,0.2129032258064516,0.17419354838709677,0.012738853503184714,0.0
MSP-AUS,157,157,14.095541401273886,-3.0,0.21019108280254778,0.14012738853503184,0.0,0.0
DFW-CHA,157,152,13.243421052631579,-3.0,0.23026315789473684,0.19736842105263158,0.03184713375796178,0.0
SAN-HNL,157,156,11.833333333333334,2.0,0.2564102564102564,0.14743589743589744,0.006369426751592357,0.012738853503184714
SLC-LGB,157,157,1.070063694267516,-3.0,0.09554140127388536,0.03184713375796178,0.0,0.0
SFO-DTW,157,155,10.929032258064517,-2.0,0.1870967741935484,0.10967741935483871,0.012738853503184714,0.006369426751592357
IAD-EWR,157,155,29.083870967741934,-1.0,0.23225806451612904,0.16129032258064516,0.01910828025477707,0.0
DEN-LIT,157,155,14.32258064516129,-1.0,0.2129032258064516,0.12903225806451613,0.012738853503184714,0.0
CMH-DFW,157,153,16.915032679738562,-3.0,0.2679738562091503,0.19607843137254902,0.025477707006369428,0.006369426751592357
LGA-MCI,157,154,25.032467532467532,0.0,0.2922077922077922,0.22727272727272727,0.03184713375796178,0.0
LIH-LAX,157,157,7.968152866242038,-2.0,0.18471337579617833,0.10191082802547771,0.0,0.0
PHL-PBI,157,154,26.603896103896105,-1.0,0.2727272727272727,0.22727272727272727,0.01910828025477707,0.0
BUF-MCO,157,155,9.380645161290323,-3.0,0.2,0.12903225806451613,0.012738853503184714,0.0
OGG-LIH,156,156,0.8910256410256411,-2.0,0.11538461538461539,0.01282051282051282,0.0,0.00641025641025641
GSP-ORD,156,153,10.470588235294118,-3.0,0.24836601307189543,0.16339869281045752,0.019230769230769232,0.00641025641025641
MSP-BWI,156,156,10.653846153846153,-3.0,0.21153846153846154,0.11538461538461539,0.0,0.0
PDX-ATL,156,155,8.548387096774194,-2.0,0.1032258064516129,0.05806451612903226,0.00641025641025641,0.00641025641025641
YUM-PHX,156,155,10.864516129032259,-7.0,0.12258064516129032,0.1032258064516129,0.00641025641025641,0.0
SLC-DTW,156,156,8.044871794871796,-4.0,0.14102564102564102,0.10897435897435898,0.0,0.0
CAE-ATL,156,156,2.7115384615384617,-4.0,0.08333333333333333,0.04487179487179487,0.0,0.0
CLT-SFO,156,155,20.06451612903226,1.0,0.3096774193548387,0.18064516129032257,0.00641025641025641,0.0
SFO-SBA,156,154,9.123376623376624,-4.0,0.15584415584415584,0.09740259740259741,0.01282051282051282,0.00641025641025641
PIT-DEN,155,155,15.316129032258065,-1.0,0.2709677419354839,0.18064516129032257,0.0,0.0064516129032258064
ABQ-DAL,155,154,7.422077922077922,-1.0,0.14935064935064934,0.09090909090909091,0.0064516129032258064,0.01935483870967742
MSP-SLC,155,155,7.7290322580645165,-2.0,0.1870967741935484,0.09032258064516129,0.0,0.0
DEN-MAF,155,153,26.22222222222222,-2.0,0.24836601307189543,0.2222222222222222,0.012903225806451613,0.012903225806451613
MKE-MCO,155,154,7.3311688311688314,-1.5,0.19480519480519481,0.12987012987012986,0.0064516129032258064,0.012903225806451613
ATL-BUF,155,153,9.679738562091503,-4.0,0.1830065359477124,0.10457516339869281,0.012903225806451613,0.0
CLT-SAT,155,155,18.677419354838708,-1.0,0.2645161290322581,0.2,0.0,0.0064516129032258064
CVG-DEN,155,154,10.857142857142858,-3.0,0.19480519480519481,0.1038961038961039,0.0064516129032258064,0.01935483870967742
LEX-ORD,155,153,9.92156862745098,-5.0,0.19607843137254902,0.13071895424836602,0.012903225806451613,0.0064516129032258064
PIT-DCA,155,152,2.236842105263158,-5.0,0.14473684210526316,0.08552631578947369,0.01935483870967742,0.0064516129032258064
CLT-LEX,155,151,11.827814569536423,-3.0,0.2251655629139073,0.152317880794702,0.03225806451612903,0.012903225806451613
DFW-BWI,155,152,23.894736842105264,4.0,0.34210526315789475,0.26973684210526316,0.01935483870967742,0.012903225806451613
MDW-TPA,154,153,13.026143790849673,0.0,0.24183006535947713,0.1568627450980392,0.006493506493506494,0.0
DEN-FAR,154,152,28.210526315789473,-1.0,0.27631578947368424,0.18421052631578946,0.012987012987012988,0.0
DFW-VPS,154,151,29.52980132450331,0.0,0.33112582781456956,0.2582781456953642,0.01948051948051948,0.006493506493506494
ATL-GRR,154,152,5.2631578947368425,-4.0,0.13815789473684212,0.09868421052631579,0.012987012987012988,0.0
ORD-CAK,154,151,16.788079470198674,-2.0,0.2052980132450331,0.1456953642384106,0.01948051948051948,0.0
EWR-IAD,154,152,20.44736842105263,-1.0,0.2236842105263158,0.17763157894736842,0.012987012987012988,0.0
DFW-LRD,154,152,3.6842105263157894,-3.0,0.13815789473684212,0.08552631578947369,0.012987012987012988,0.0
DCA-JAX,154,149,17.38255033557047,-4.0,0.2550335570469799,0.15436241610738255,0.032467532467532464,0.0
PVD-MCO,154,153,11.50326797385621,-3.0,0.1503267973856209,0.1111111111111111,0.006493506493506494,0.012987012987012988
RSW-PHL,154,152,15.789473684210526,-3.5,0.23026315789473684,0.16447368421052633,0.012987012987012988,0.006493506493506494
PBI-HPN,154,153,15.65359477124183,-3.0,0.27450980392156865,0.1437908496732026,0.006493506493506494,0.012987012987012988
SRQ-CLT,154,152,15.861842105263158,-6.0,0.17763157894736842,0.11842105263157894,0.012987012987012988,0.0
JAN-DFW,154,152,18.710526315789473,-1.0,0.2565789473684211,0.20394736842105263,0.012987012987012988,0.0
IAH-BNA,154,150,18.906666666666666,-1.0,0.25333333333333335,0.2,0.025974025974025976,0.0
FLL-DEN,154,153,8.5359477124183,-2.0,0.20261437908496732,0.09803921568627451,0.006493506493506494,0.0
BOS-STL,153,152,12.868421052631579,-1.0,0.27631578947368424,0.20394736842105263,0.006535947712418301,0.0
FAT-SAN,153,151,6.483443708609271,-5.0,0.17880794701986755,0.12582781456953643,0.013071895424836602,0.006535947712418301
MYR-ATL,153,149,11.36241610738255,-6.0,0.19463087248322147,0.14093959731543623,0.026143790849673203,0.0
BOS-JAX,153,151,13.986754966887418,-3.0,0.2913907284768212,0.2185430463576159,0.013071895424836602,0.0
DAB-ATL,153,148,14.324324324324325,-5.0,0.14189189189189189,0.0945945945945946,0.032679738562091505,0.0
SDF-LGA,153,148,2.864864864864865,-5.0,0.13513513513513514,0.08783783783783784,0.032679738562091505,0.006535947712418301
SDF-CLT,153,153,21.470588235294116,-6.0,0.1568627450980392,0.1111111111111111,0.0,0.0
BNA-MSP,153,150,4.906666666666666,-5.0,0.14666666666666667,0.08666666666666667,0.0196078431372549,0.0
LAS-BOS,153,153,16.764705882352942,-2.0,0.2222222222222222,0.1830065359477124,0.0,0.006535947712418301
LIH-OGG,153,152,3.236842105263158,-2.0,0.15789473684210525,0.06578947368421052,0.006535947712418301,0.0
PHL-PIT,153,149,27.496644295302012,-4.0,0.2483221476510067,0.20134228187919462,0.026143790849673203,0.0
DTW-MKE,152,150,13.893333333333333,-3.0,0.23333333333333334,0.16666666666666666,0.013157894736842105,0.0
PHX-LGB,152,152,14.730263157894736,0.0,0.2565789473684211,0.15789473684210525,0.0,0.0
ONT-SJC,152,152,8.894736842105264,-2.0,0.19736842105263158,0.125,0.0,0.0
ATL-TUL,152,146,12.061643835616438,-5.0,0.19863013698630136,0.13013698630136986,0.039473684210526314,0.0
KOA-OGG,152,152,3.210526315789474,-2.0,0.1118421052631579,0.05263157894736842,0.0,0.0
CLE-DCA,152,142,16.380281690140844,-6.0,0.28169014084507044,0.2323943661971831,0.06578947368421052,0.006578947368421052
DEN-FLL,152,152,10.210526315789474,0.0,0.21710526315789475,0.1118421052631579,0.0,0.0
PHL-IAH,151,150,13.1,-2.0,0.2,0.14,0.006622516556291391,0.006622516556291391
SGF-ORD,151,148,29.945945945945947,-1.0,0.2702702702702703,0.20270270270270271,0.019867549668874173,0.0
DSM-DFW,151,144,35.68055555555556,0.0,0.2708333333333333,0.2361111111111111,0.046357615894039736,0.0
JFK-PIT,151,146,14.397260273972602,-5.0,0.2465753424657534,0.15753424657534246,0.033112582781456956,0.006622516556291391
TPA-SJU,151,151,9.410596026490067,1.0,0.2119205298013245,0.11258278145695365,0.0,0.0
BUF-BWI,151,147,12.435374149659864,-1.0,0.17687074829931973,0.1360544217687075,0.026490066225165563,0.0
ATL-EYW,151,150,5.793333333333333,-5.0,0.16,0.12,0.006622516556291391,0.0
DEN-CVG,151,150,9.26,-1.0,0.18666666666666668,0.1,0.006622516556291391,0.0
LAS-BOI,151,151,11.47682119205298,0.0,0.2847682119205298,0.1390728476821192,0.0,0.0
BWI-ORF,151,149,12.966442953020135,3.0,0.2751677852348993,0.15436241610738255,0.013245033112582781,0.0
MAF-DAL,151,150,3.34,-3.0,0.12,0.06666666666666667,0.006622516556291391,0.006622516556291391
SFO-CLT,151,151,3.7086092715231787,-4.0,0.10596026490066225,0.08609271523178808,0.0,0.0
DCA-DAL,151,147,18.27891156462585,6.0,0.2789115646258503,0.19047619047619047,0.026490066225165563,0.0
IAD-TPA,151,151,4.860927152317881,-4.0,0.12582781456953643,0.10596026490066225,0.0,0.0
ATL-PDX,151,150,6.833333333333333,-2.5,0.14,0.09333333333333334,0.006622516556291391,0.0
DAL-ABQ,150,149,14.046979865771812,0.0,0.2550335570469799,0.18791946308724833,0.006666666666666667,0.0
KOA-SEA,150,144,3.5277777777777777,-4.0,0.1388888888888889,0.0763888888888889,0.04,0.0
ATL-TLH,150,149,8.731543624161073,-5.0,0.174496644295302,0.12751677852348994,0.006666666666666667,0.006666666666666667
JAX-JFK,150,145,8.317241379310344,-4.0,0.20689655172413793,0.12413793103448276,0.03333333333333333,0.006666666666666667
CLT-GSO,150,149,15.248322147651006,-2.0,0.24161073825503357,0.18791946308724833,0.013333333333333334,0.0
BOI-LAX,150,150,-3.1933333333333334,-7.0,0.08,0.03333333333333333,0.0,0.0
GRR-DTW,150,148,19.91216216216216,-6.0,0.22972972972972974,0.17567567567567569,0.013333333333333334,0.0
PHL-RSW,150,147,12.394557823129253,-3.0,0.19047619047619047,0.1360544217687075,0.02,0.006666666666666667
SLC-MCO,150,150,7.42,-2.0,0.15333333333333332,0.1,0.0,0.0
MHT-BWI,150,149,8.10738255033557,-3.0,0.18120805369127516,0.10738255033557047,0.006666666666666667,0.0
SLC-MSP,150,150,4.546666666666667,-3.0,0.12,0.1,0.0,0.0
DFW-BRO,149,145,9.882758620689655,-3.0,0.21379310344827587,0.13793103448275862,0.026845637583892617,0.006711409395973154
RIC-ORD,149,144,17.993055555555557,-5.0,0.24305555555555555,0.1736111111111111,0.03355704697986577,0.006711409395973154
BOI-SFO,149,149,1.1610738255033557,-6.0,0.12751677852348994,0.06040268456375839,0.0,0.006711409395973154
DFW-RSW,149,145,30.855172413793102,2.0,0.3931034482758621,0.3103448275862069,0.026845637583892617,0.0
DFW-PIT,149,147,22.360544217687075,0.0,0.3401360544217687,0.23129251700680273,0.013422818791946308,0.0
IAH-OKC,149,149,20.40268456375839,-1.0,0.20134228187919462,0.1476510067114094,0.0,0.013422818791946308
SGU-SLC,149,149,-5.2885906040268456,-10.0,0.026845637583892617,0.026845637583892617,0.0,0.0
MIA-PNS,149,145,3.503448275862069,-3.0,0.13793103448275862,0.07586206896551724,0.026845637583892617,0.013422818791946308
SEA-KOA,149,148,10.635135135135135,0.0,0.2702702702702703,0.14189189189189189,0.006711409395973154,0.006711409395973154
XNA-CLT,149,143,12.846153846153847,-3.0,0.24475524475524477,0.14685314685314685,0.040268456375838924,0.0
XWA-DEN,149,149,18.42281879194631,-5.0,0.22818791946308725,0.18120805369127516,0.0,0.006711409395973154
DAY-DFW,148,145,8.013793103448275,-6.0,0.18620689655172415,0.1103448275862069,0.02027027027027027,0.006756756756756757
CAK-ORD,148,142,40.40845070422535,-8.0,0.2746478873239437,0.24647887323943662,0.04054054054054054,0.0
CLT-DAB,148,145,12.041379310344828,-3.0,0.2206896551724138,0.1724137931034483,0.02027027027027027,0.0
DFW-FAT,148,147,27.1156462585034,6.0,0.35374149659863946,0.2108843537414966,0.006756756756756757,0.0
SBA-SFO,148,147,6.585034013605442,-5.0,0.17687074829931973,0.1292517006802721,0.006756756756756757,0.0
STL-MDW,148,145,11.2,0.0,0.21379310344827587,0.12413793103448276,0.02027027027027027,0.0
BUR-SEA,148,145,2.2,-6.0,0.1793103448275862,0.0896551724137931,0.02027027027027027,0.006756756756756757
JNU-SEA,148,145,5.848275862068966,-5.0,0.21379310344827587,0.1103448275862069,0.02027027027027027,0.0
ATL-TYS,148,147,18.020408163265305,-3.0,0.272108843537415,0.1836734693877551,0.006756756756756757,0.0
AUS-MDW,148,147,12.5578231292517,1.0,0.21768707482993196,0.14285714285714285,0.006756756756756757,0.006756756756756757
LGA-SDF,148,146,17.945205479452056,-5.0,0.2328767123287671,0.15753424657534246,0.013513513513513514,0.0
PHX-IND,148,147,15.70748299319728,2.0,0.3469387755102041,0.21768707482993196,0.006756756756756757,0.0
DEN-FAT,147,147,9.863945578231293,-1.0,0.23809523809523808,0.16326530612244897,0.0,0.0
HRL-DFW,147,140,10.142857142857142,-6.5,0.17142857142857143,0.12142857142857143,0.047619047619047616,0.0
PHL-STL,147,146,27.431506849315067,2.0,0.3219178082191781,0.2602739726027397,0.013605442176870748,0.006802721088435374
HPN-DCA,147,134,17.65671641791045,-8.0,0.26865671641791045,0.208955223880597,0.08843537414965986,0.0
LAX-KOA,147,147,7.904761904761905,-5.0,0.14285714285714285,0.10204081632653061,0.0,0.0
ORD-PVD,147,146,18.506849315068493,-1.0,0.2328767123287671,0.1780821917808219,0.006802721088435374,0.006802721088435374
DEN-HDN,147,146,27.273972602739725,-1.0,0.2534246575342466,0.18493150684931506,0.013605442176870748,0.0
ISP-MCO,147,145,12.213793103448277,-2.0,0.2413793103448276,0.16551724137931034,0.013605442176870748,0.0
BWI-JAX,147,145,20.544827586206896,1.0,0.31724137931034485,0.1724137931034483,0.013605442176870748,0.006802721088435374
OKC-IAH,147,147,6.979591836734694,-5.0,0.1292517006802721,0.08163265306122448,0.0,0.006802721088435374
IND-PHL,147,145,32.36551724137931,-4.0,0.1724137931034483,0.11724137931034483,0.013605442176870748,0.0
MKE-MSP,147,144,4.770833333333333,-8.0,0.11805555555555555,0.0763888888888889,0.02040816326530612,0.0
BWI-STL,147,145,15.917241379310346,3.0,0.30344827586206896,0.15172413793103448,0.013605442176870748,0.0
MDW-BOS,147,145,26.875862068965517,4.0,0.3724137931034483,0.2689655172413793,0.013605442176870748,0.0
IAD-DFW,147,144,23.708333333333332,-2.0,0.18055555555555555,0.1388888888888889,0.02040816326530612,0.013605442176870748
MSP-TPA,147,146,8.883561643835616,-2.5,0.136986301369863,0.11643835616438356,0.006802721088435374,0.0
GRR-ATL,146,143,4.2377622377622375,-4.0,0.11888111888111888,0.08391608391608392,0.02054794520547945,0.0
CVG-BOS,146,145,11.944827586206896,-2.0,0.22758620689655173,0.15862068965517243,0.00684931506849315,0.0
RSW-DFW,146,142,21.422535211267604,-2.0,0.2323943661971831,0.15492957746478872,0.0273972602739726,0.0
PDX-SNA,146,143,-1.3916083916083917,-5.0,0.09090909090909091,0.04195804195804196,0.02054794520547945,0.00684931506849315
BWI-CHS,146,144,11.118055555555555,0.0,0.2152777777777778,0.13194444444444445,0.0136986301369863,0.0
PHL-CMH,146,141,9.851063829787234,-5.0,0.1773049645390071,0.14893617021276595,0.03424657534246575,0.0
AUS-DTW,146,145,15.124137931034483,-5.0,0.15862068965517243,0.10344827586206896,0.00684931506849315,0.0
MCO-SFO,146,146,11.191780821917808,-2.0,0.2328767123287671,0.14383561643835616,0.0,0.0
ORF-LGA,146,142,25.95774647887324,-5.0,0.1619718309859155,0.14788732394366197,0.0273972602739726,0.0
CHA-ATL,146,141,20.382978723404257,-2.0,0.22695035460992907,0.15602836879432624,0.03424657534246575,0.0
PHL-MDW,146,144,18.708333333333332,2.5,0.3055555555555556,0.18055555555555555,0.0136986301369863,0.00684931506849315
BNA-IAH,145,142,12.67605633802817,-4.0,0.2112676056338028,0.14788732394366197,0.020689655172413793,0.0
MCO-MKE,145,144,11.166666666666666,-1.0,0.2361111111111111,0.11805555555555555,0.006896551724137931,0.0
BWI-HOU,145,140,15.478571428571428,3.0,0.29285714285714287,0.1357142857142857,0.034482758620689655,0.006896551724137931
DSM-ATL,145,143,17.097902097902097,-6.0,0.16783216783216784,0.13986013986013987,0.013793103448275862,0.0
LIT-ORD,145,140,14.757142857142858,-1.0,0.2642857142857143,0.17857142857142858,0.041379310344827586,0.006896551724137931
PDX-MSP,145,145,-0.06206896551724138,-4.0,0.07586206896551724,0.041379310344827586,0.0,0.0
MSP-OMA,145,145,27.77241379310345,-1.0,0.23448275862068965,0.2,0.0,0.0
BWI-RSW,145,142,13.295774647887324,0.0,0.2535211267605634,0.16901408450704225,0.020689655172413793,0.0
ATL-DSM,145,144,10.506944444444445,-4.0,0.1736111111111111,0.10416666666666667,0.013793103448275862,0.0
SEA-BNA,145,145,7.537931034482758,-3.0,0.2413793103448276,0.14482758620689656,0.0,0.0
ORD-GSP,144,137,10.145985401459853,-2.0,0.17518248175182483,0.12408759124087591,0.04861111111111111,0.0
MKE-DTW,144,144,15.493055555555555,-5.0,0.1527777777777778,0.125,0.0,0.0
MCO-ISP,144,144,15.11111111111111,-1.0,0.24305555555555555,0.16666666666666666,0.0,0.0
LAS-MCO,144,144,14.402777777777779,3.0,0.25,0.19444444444444445,0.0,0.006944444444444444
CLT-CAK,144,143,16.93006993006993,-4.0,0.2097902097902098,0.17482517482517482,0.006944444444444444,0.0
RSW-BWI,144,144,5.465277777777778,-2.0,0.1875,0.09722222222222222,0.0,0.0
AUS-BOS,144,141,23.75886524822695,0.0,0.3262411347517731,0.24822695035460993,0.020833333333333332,0.027777777777777776
MCO-LAS,144,143,11.93006993006993,2.0,0.2517482517482518,0.15384615384615385,0.006944444444444444,0.0
DAB-CLT,144,138,18.318840579710145,-7.0,0.16666666666666666,0.12318840579710146,0.041666666666666664,0.0
STL-BOS,144,141,15.921985815602836,0.0,0.24113475177304963,0.15602836879432624,0.020833333333333332,0.0
SAT-HOU,144,144,6.645833333333333,-3.0,0.18055555555555555,0.125,0.0,0.006944444444444444
SAV-ORD,143,142,11.71830985915493,-5.0,0.14788732394366197,0.07042253521126761,0.013986013986013986,0.006993006993006993
IND-LAS,143,141,15.01418439716312,1.0,0.2765957446808511,0.14184397163120568,0.013986013986013986,0.006993006993006993
DTW-SLC,143,143,11.251748251748252,-1.0,0.16783216783216784,0.0979020979020979,0.0,0.006993006993006993
DEN-JFK,143,141,13.553191489361701,-1.0,0.24822695035460993,0.1702127659574468,0.013986013986013986,0.0
IND-PHX,143,142,31.711267605633804,1.0,0.2887323943661972,0.13380281690140844,0.006993006993006993,0.0
SLC-BUR,143,143,8.783216783216783,-4.0,0.16783216783216784,0.0979020979020979,0.0,0.006993006993006993
FAT-DFW,143,141,8.52482269503546,-3.0,0.20567375886524822,0.14184397163120568,0.02097902097902098,0.006993006993006993
PHL-CHS,143,142,19.788732394366196,-4.0,0.22535211267605634,0.13380281690140844,0.006993006993006993,0.006993006993006993
DFW-GSP,143,138,19.44927536231884,0.0,0.2826086956521739,0.2318840579710145,0.03496503496503497,0.006993006993006993
STL-BWI,143,141,9.98581560283688,0.0,0.22695035460992907,0.11347517730496454,0.013986013986013986,0.0
DCA-BUF,143,136,24.764705882352942,2.5,0.39705882352941174,0.2867647058823529,0.06293706293706294,0.0
SAN-EWR,143,142,20.683098591549296,-2.0,0.23943661971830985,0.18309859154929578,0.006993006993006993,0.013986013986013986
DFW-PNS,143,136,18.352941176470587,1.5,0.3161764705882353,0.22794117647058823,0.04895104895104895,0.013986013986013986
HOU-LGA,142,141,20.73758865248227,2.0,0.2624113475177305,0.19148936170212766,0.007042253521126761,0.014084507042253521
MIA-EYW,142,142,0.9788732394366197,-4.0,0.11267605633802817,0.07042253521126761,0.0,0.0
JFK-RSW,142,140,6.65,-4.0,0.17142857142857143,0.1,0.014084507042253521,0.014084507042253521
TUL-PHX,142,142,9.71830985915493,-4.0,0.18309859154929578,0.14084507042253522,0.0,0.0
DAL-LAX,142,139,20.050359712230215,6.0,0.34532374100719426,0.2517985611510791,0.02112676056338028,0.0
RDU-DTW,142,142,1.8028169014084507,-4.0,0.11971830985915492,0.056338028169014086,0.0,0.0
TUS-LAS,141,139,8.273381294964029,-1.0,0.17985611510791366,0.08633093525179857,0.014184397163120567,0.0
OGG-KOA,141,141,3.219858156028369,-3.0,0.1276595744680851,0.04964539007092199,0.0,0.0
EYW-ATL,141,139,12.093525179856115,-3.0,0.22302158273381295,0.1366906474820144,0.014184397163120567,0.0070921985815602835
DCA-LAX,141,140,17.314285714285713,-1.0,0.2,0.12142857142857143,0.0070921985815602835,0.0
DCA-HSV,141,134,21.76865671641791,-3.0,0.30597014925373134,0.2537313432835821,0.04964539007092199,0.0
HOU-STL,141,140,3.15,-2.0,0.11428571428571428,0.04285714285714286,0.0070921985815602835,0.0
VPS-DFW,141,139,18.51798561151079,-1.0,0.2446043165467626,0.16546762589928057,0.014184397163120567,0.02127659574468085
LIT-CLT,141,135,9.540740740740741,-2.0,0.25925925925925924,0.15555555555555556,0.0425531914893617,0.0
MCO-MCI,141,140,18.314285714285713,0.0,0.32857142857142857,0.22857142857142856,0.0070921985815602835,0.0
PVD-ORD,141,138,29.1231884057971,-5.0,0.2318840579710145,0.1956521739130435,0.02127659574468085,0.0
TPA-IAD,141,140,12.092857142857143,-5.0,0.24285714285714285,0.15714285714285714,0.0070921985815602835,0.0
MSP-GRR,141,140,6.142857142857143,-3.0,0.17857142857142858,0.10714285714285714,0.0070921985815602835,0.0
OMA-MDW,141,140,7.678571428571429,-2.0,0.14285714285714285,0.1,0.0070921985815602835,0.0
BWI-LAX,141,141,13.23404255319149,0.0,0.2624113475177305,0.16312056737588654,0.0,0.0070921985815602835
MRY-PHX,141,140,8.414285714285715,-5.0,0.17857142857142858,0.12142857142857143,0.0070921985815602835,0.0070921985815602835
LIT-DEN,140,138,16.608695652173914,-2.0,0.26811594202898553,0.18115942028985507,0.014285714285714285,0.014285714285714285
GSO-CLT,140,137,7.306569343065694,-5.0,0.15328467153284672,0.10948905109489052,0.02142857142857143,0.0
PHX-HNL,140,140,4.707142857142857,-2.0,0.10714285714285714,0.07142857142857142,0.0,0.014285714285714285
MSY-BWI,140,138,9.028985507246377,-2.0,0.21739130434782608,0.10869565217391304,0.014285714285714285,0.0
PHX-SBP,140,140,14.17142857142857,-4.0,0.19285714285714287,0.14285714285714285,0.0,0.0
PIT-PHL,140,136,14.382352941176471,-4.0,0.2647058823529412,0.18382352941176472,0.02857142857142857,0.0
OAK-ONT,140,140,8.385714285714286,-2.0,0.16428571428571428,0.1,0.0,0.0
ORF-BWI,140,139,5.438848920863309,-3.0,0.17985611510791366,0.07194244604316546,0.007142857142857143,0.0
LGA-CHS,140,134,12.723880597014926,-4.0,0.26119402985074625,0.1791044776119403,0.04285714285714286,0.0
SAT-CLT,140,140,19.35,-4.0,0.1357142857142857,0.09285714285714286,0.0,0.0
SNA-PDX,140,137,-2.4671532846715327,-7.0,0.06569343065693431,0.051094890510948905,0.02142857142857143,0.0
ATL-CHA,140,138,12.934782608695652,-3.0,0.21014492753623187,0.15942028985507245,0.014285714285714285,0.0
DFW-DAY,140,137,12.766423357664234,-3.0,0.27007299270072993,0.1897810218978102,0.02142857142857143,0.0
CHS-BWI,140,136,10.639705882352942,-1.0,0.22058823529411764,0.15441176470588236,0.02857142857142857,0.007142857142857143
PWM-ORD,140,139,24.26618705035971,-4.0,0.22302158273381295,0.18705035971223022,0.014285714285714285,0.007142857142857143
STL-PHL,139,137,6.394160583941606,-3.0,0.16058394160583941,0.11678832116788321,0.014388489208633094,0.0
JFK-DEN,139,136,8.397058823529411,-3.0,0.22794117647058823,0.16911764705882354,0.02158273381294964,0.007194244604316547
ELP-LAX,139,139,2.4820143884892087,-7.0,0.1366906474820144,0.05755395683453238,0.0,0.0
PHX-IAD,139,139,7.345323741007194,-2.0,0.14388489208633093,0.08633093525179857,0.0,0.0
DTW-MBS,139,139,17.0,-3.0,0.2014388489208633,0.15827338129496402,0.0,0.0
DTW-CMH,139,139,3.8633093525179856,-4.0,0.08633093525179857,0.07194244604316546,0.0,0.007194244604316547
ATL-MYR,139,137,9.686131386861314,-4.0,0.21897810218978103,0.16058394160583941,0.014388489208633094,0.0
CLT-SEA,138,138,28.434782608695652,2.5,0.30434782608695654,0.21739130434782608,0.0,0.0
BWI-SJU,138,135,19.118518518518517,5.0,0.26666666666666666,0.17777777777777778,0.021739130434782608,0.0
FLL-MCO,138,135,5.548148148148148,-3.0,0.11851851851851852,0.07407407407407407,0.021739130434782608,0.0
DCA-PWM,138,132,20.545454545454547,-2.0,0.3409090909090909,0.25,0.043478260869565216,0.0
DTW-BDL,138,134,5.932835820895522,-5.0,0.14925373134328357,0.1044776119402985,0.028985507246376812,0.0
JFK-JAX,138,134,24.29850746268657,-2.0,0.2835820895522388,0.20149253731343283,0.028985507246376812,0.0
MSP-FAR,138,138,22.41304347826087,-2.0,0.2608695652173913,0.16666666666666666,0.0,0.0
ISP-PBI,138,138,15.934782608695652,-1.0,0.2318840579710145,0.18115942028985507,0.0,0.0
MTJ-DEN,138,137,27.21897810218978,-2.0,0.291970802919708,0.25547445255474455,0.007246376811594203,0.0
MCO-FLL,138,137,18.014598540145986,1.0,0.26277372262773724,0.16058394160583941,0.007246376811594203,0.0
OAK-PDX,138,136,8.330882352941176,-2.0,0.21323529411764705,0.16176470588235295,0.014492753623188406,0.0
RSW-JFK,138,136,25.727941176470587,-5.0,0.2647058823529412,0.20588235294117646,0.014492753623188406,0.007246376811594203
DAL-AMA,138,138,12.91304347826087,-1.0,0.2246376811594203,0.15942028985507245,0.0,0.007246376811594203
ATL-DAY,138,138,12.695652173913043,-2.0,0.2608695652173913,0.15942028985507245,0.0,0.0
SAN-IAD,138,138,8.76086956521739,-4.0,0.13043478260869565,0.07246376811594203,0.0,0.007246376811594203
BLI-SEA,138,137,11.525547445255475,-2.0,0.15328467153284672,0.10218978102189781,0.007246376811594203,0.0
MSP-SAN,138,137,10.036496350364963,-2.0,0.15328467153284672,0.10948905109489052,0.007246376811594203,0.014492753623188406
SGF-CLT,137,134,14.522388059701493,-1.0,0.20149253731343283,0.11940298507462686,0.0364963503649635,0.0
HOU-LAX,137,136,12.610294117647058,5.0,0.3235294117647059,0.13970588235294118,0.0072992700729927005,0.0
JFK-BUF,137,136,16.235294117647058,-2.5,0.29411764705882354,0.20588235294117646,0.0072992700729927005,0.0
COU-ORD,137,132,15.015151515151516,-4.5,0.19696969696969696,0.1590909090909091,0.0364963503649635,0.0
VPS-CLT,137,134,28.388059701492537,-4.0,0.21641791044776118,0.17164179104477612,0.021897810218978103,0.0
DAY-ATL,137,132,6.825757575757576,-7.0,0.14393939393939395,0.09090909090909091,0.0364963503649635,0.0
PHX-MKE,136,136,15.588235294117647,2.5,0.3014705882352941,0.19852941176470587,0.0,0.0
TPA-RDU,136,135,7.222222222222222,-5.0,0.16296296296296298,0.1037037037037037,0.007352941176470588,0.0
SAF-DEN,136,136,6.3161764705882355,-6.0,0.15441176470588236,0.1323529411764706,0.0,0.007352941176470588
BOS-CHS,136,135,9.34074074074074,-3.0,0.2,0.14814814814814814,0.007352941176470588,0.0
LGA-MSY,136,133,10.526315789473685,-3.0,0.2556390977443609,0.18045112781954886,0.022058823529411766,0.0
PHX-FLG,136,136,26.125,-4.0,0.18382352941176472,0.14705882352941177,0.0,0.0
SAN-RNO,136,133,13.473684210526315,-3.0,0.3157894736842105,0.14285714285714285,0.022058823529411766,0.007352941176470588
CLE-MDW,136,136,7.867647058823529,-2.5,0.15441176470588236,0.07352941176470588,0.0,0.0
DEN-EGE,136,135,8.940740740740742,-2.0,0.13333333333333333,0.0962962962962963,0.007352941176470588,0.0
EYW-MIA,135,135,12.377777777777778,-5.0,0.17037037037037037,0.13333333333333333,0.0,0.0
MDW-OMA,135,133,9.142857142857142,-2.0,0.22556390977443608,0.12030075187969924,0.014814814814814815,0.0
HPN-CLT,135,126,15.420634920634921,-7.0,0.2222222222222222,0.16666666666666666,0.06666666666666667,0.0
FAT-PHX,135,135,10.533333333333333,-4.0,0.2,0.14814814814814814,0.0,0.0
MSP-BIS,135,133,16.969924812030076,-3.0,0.16541353383458646,0.12030075187969924,0.022222222222222223,0.0
DEN-SGF,135,135,13.674074074074074,-2.0,0.21481481481481482,0.11851851851851852,0.0,0.0
BNA-SEA,135,135,9.074074074074074,-1.0,0.1925925925925926,0.14074074074074075,0.0,0.0
HNL-PHX,135,135,12.703703703703704,-2.0,0.1037037037037037,0.05925925925925926,0.0,0.0
MSP-MOT,135,130,4.376923076923077,-3.0,0.11538461538461539,0.06153846153846154,0.037037037037037035,0.0
DAL-LGA,135,135,26.511111111111113,2.0,0.2814814814814815,0.22962962962962963,0.0,0.022222222222222223
EWR-JAX,135,130,13.323076923076924,-4.0,0.19230769230769232,0.16153846153846155,0.037037037037037035,0.0
FAR-DEN,135,135,23.16296296296296,-4.0,0.2074074074074074,0.14074074074074075,0.0,0.0
ROC-BWI,135,132,13.621212121212121,0.0,0.25757575757575757,0.14393939393939395,0.022222222222222223,0.0
SLC-PSC,135,135,6.977777777777778,-5.0,0.14814814814814814,0.08148148148148149,0.0,0.0
MCO-HPN,135,135,8.422222222222222,-3.0,0.1925925925925926,0.1037037037037037,0.007407407407407408,0.014814814814814815
IND-BWI,134,132,12.318181818181818,-1.0,0.15151515151515152,0.10606060606060606,0.014925373134328358,0.007462686567164179
LGA-DAL,134,131,19.374045801526716,1.0,0.26717557251908397,0.20610687022900764,0.022388059701492536,0.007462686567164179
SJU-ORD,134,134,15.126865671641792,-4.0,0.1417910447761194,0.1044776119402985,0.0,0.0
MSP-PDX,134,133,7.7669172932330826,-2.0,0.17293233082706766,0.12030075187969924,0.007462686567164179,0.0
ACV-SFO,134,132,27.37121212121212,-5.0,0.20454545454545456,0.17424242424242425,0.014925373134328358,0.007462686567164179
BOI-LAS,134,134,10.186567164179104,-1.0,0.20149253731343283,0.14925373134328357,0.0,0.0
BOS-MDW,134,134,19.37313432835821,1.0,0.2835820895522388,0.21641791044776118,0.0,0.0
MLB-ATL,134,132,7.765151515151516,-4.5,0.1893939393939394,0.12121212121212122,0.014925373134328358,0.0
EYW-CLT,134,134,9.947761194029852,-1.5,0.20149253731343283,0.13432835820895522,0.007462686567164179,0.007462686567164179
DEN-LNK,134,133,16.037593984962406,-2.0,0.21804511278195488,0.15037593984962405,0.007462686567164179,0.007462686567164179
BWI-IND,134,134,11.164179104477611,2.0,0.23134328358208955,0.1417910447761194,0.0,0.0
BNA-SLC,134,134,5.701492537313433,-3.0,0.15671641791044777,0.11940298507462686,0.0,0.0
AUS-MSP,134,134,11.67910447761194,-3.0,0.26865671641791045,0.1865671641791045,0.0,0.0
DAL-SAN,134,131,12.297709923664122,2.0,0.22900763358778625,0.12213740458015267,0.022388059701492536,0.0
SLC-EWR,134,132,20.416666666666668,-1.0,0.23484848484848486,0.18181818181818182,0.014925373134328358,0.007462686567164179
HOU-HRL,133,130,13.715384615384615,-1.0,0.23076923076923078,0.15384615384615385,0.022556390977443608,0.0
MCO-SLC,133,133,9.857142857142858,-3.0,0.15789473684210525,0.10526315789473684,0.0,0.0
FLG-PHX,133,131,14.541984732824428,-7.0,0.16030534351145037,0.13740458015267176,0.015037593984962405,0.0
SFO-MCO,133,133,4.7293233082706765,-3.0,0.15037593984962405,0.08270676691729323,0.0,0.0
PHX-TPA,133,133,13.06766917293233,0.0,0.2631578947368421,0.17293233082706766,0.0,0.0
LAS-IAD,133,133,8.19548872180451,-4.0,0.13533834586466165,0.10526315789473684,0.0,0.007518796992481203
SLC-JAC,133,133,2.225563909774436,-4.0,0.10526315789473684,0.06015037593984962,0.0,0.007518796992481203
AUS-BWI,133,129,6.503875968992248,-3.0,0.15503875968992248,0.07751937984496124,0.03007518796992481,0.0
IAD-RDU,133,130,6.6692307692307695,-4.0,0.1076923076923077,0.09230769230769231,0.022556390977443608,0.0
ALB-DTW,133,132,9.303030303030303,-6.0,0.17424242424242425,0.12121212121212122,0.007518796992481203,0.0
SEA-BLI,133,132,5.651515151515151,-2.0,0.17424242424242425,0.09848484848484848,0.007518796992481203,0.0
ECP-DFW,132,126,19.476190476190474,-4.0,0.24603174603174602,0.1746031746031746,0.05303030303030303,0.015151515151515152
DTW-MCI,132,132,8.454545454545455,-2.0,0.20454545454545456,0.10606060606060606,0.007575757575757576,0.007575757575757576
FAT-SLC,132,132,3.25,-6.0,0.09090909090909091,0.06818181818181818,0.0,0.0
AMA-DAL,132,130,3.2153846153846155,-4.0,0.12307692307692308,0.08461538461538462,0.015151515151515152,0.0
XNA-DEN,132,128,14.71875,-3.0,0.2109375,0.171875,0.030303030303030304,0.007575757575757576
PBI-ISP,132,132,24.204545454545453,1.0,0.3181818181818182,0.22727272727272727,0.0,0.0
ORD-SJU,132,132,7.181818181818182,-2.0,0.14393939393939395,0.10606060606060606,0.0,0.0
ATL-DAB,132,131,6.106870229007634,-3.0,0.12213740458015267,0.09923664122137404,0.007575757575757576,0.0
LAX-BOI,132,132,5.113636363636363,-5.0,0.12878787878787878,0.08333333333333333,0.0,0.0
SFO-OGG,132,131,8.450381679389313,-3.0,0.0916030534351145,0.061068702290076333,0.007575757575757576,0.007575757575757576
BFL-PHX,132,131,0.16030534351145037,-6.0,0.11450381679389313,0.061068702290076333,0.007575757575757576,0.007575757575757576
JAX-BWI,132,129,11.147286821705427,-2.0,0.18604651162790697,0.10852713178294573,0.022727272727272728,0.0
CLT-MLB,132,130,19.676923076923078,-3.0,0.2153846153846154,0.13846153846153847,0.015151515151515152,0.0
ORD-MDT,132,128,16.5078125,-1.0,0.296875,0.203125,0.030303030303030304,0.0
SRQ-BWI,132,131,14.267175572519085,-1.0,0.22900763358778625,0.12213740458015267,0.007575757575757576,0.015151515151515152
MKE-DCA,132,130,42.715384615384615,-4.0,0.13846153846153847,0.1,0.015151515151515152,0.007575757575757576
ONT-SFO,132,132,22.12878787878788,-3.0,0.24242424242424243,0.19696969696969696,0.0,0.0
MKE-LAS,132,132,13.272727272727273,-2.0,0.23484848484848486,0.12878787878787878,0.0,0.0
RDU-FLL,132,131,8.122137404580153,-4.0,0.1450381679389313,0.0916030534351145,0.007575757575757576,0.0
HOU-OKC,132,131,9.83206106870229,-1.0,0.21374045801526717,0.11450381679389313,0.007575757575757576,0.0
ATL-MLB,132,131,6.305343511450381,-3.0,0.17557251908396945,0.12213740458015267,0.007575757575757576,0.0
PHX-BWI,132,130,7.961538461538462,2.0,0.2,0.1,0.015151515151515152,0.0
DFW-SJC,131,131,25.114503816793892,2.0,0.366412213740458,0.24427480916030533,0.0,0.007633587786259542
IAD-LAS,131,131,15.122137404580153,-2.0,0.2595419847328244,0.2366412213740458,0.0,0.007633587786259542
ORD-GSO,131,127,11.582677165354331,-1.0,0.2283464566929134,0.14960629921259844,0.030534351145038167,0.0
SFO-SMF,131,129,7.341085271317829,-3.0,0.15503875968992248,0.08527131782945736,0.015267175572519083,0.0
SBA-PHX,131,130,17.03846153846154,-4.0,0.2153846153846154,0.16923076923076924,0.007633587786259542,0.007633587786259542
CMH-MDW,131,131,7.969465648854962,-2.0,0.15267175572519084,0.07633587786259542,0.0,0.0
DTW-GRR,131,131,15.229007633587786,-2.0,0.2366412213740458,0.16793893129770993,0.0,0.0
PBI-ORD,131,129,25.07751937984496,-1.0,0.24031007751937986,0.17054263565891473,0.015267175572519083,0.0
SJU-BWI,131,130,11.815384615384616,0.0,0.16923076923076924,0.11538461538461539,0.007633587786259542,0.007633587786259542
CAK-CLT,131,129,17.697674418604652,-8.0,0.15503875968992248,0.12403100775193798,0.015267175572519083,0.007633587786259542
OMA-MSP,131,131,17.65648854961832,-5.0,0.21374045801526717,0.16793893129770993,0.0,0.0
MCI-BNA,131,131,11.0,0.0,0.17557251908396945,0.09923664122137404,0.0,0.015267175572519083
CMH-PHL,131,124,9.935483870967742,-5.0,0.16129032258064516,0.12903225806451613,0.05343511450381679,0.0
SJC-LGB,131,131,9.435114503816793,-2.0,0.21374045801526717,0.1297709923664122,0.0,0.0
DEN-SAF,131,129,18.94573643410853,-3.0,0.21705426356589147,0.16279069767441862,0.015267175572519083,0.0
MOT-MSP,131,131,8.511450381679388,-6.0,0.12213740458015267,0.10687022900763359,0.0,0.0
EWR-CHS,131,127,15.559055118110237,-4.0,0.2204724409448819,0.15748031496062992,0.030534351145038167,0.0
LNK-ORD,131,129,21.666666666666668,-5.0,0.21705426356589147,0.18604651162790697,0.015267175572519083,0.007633587786259542
JFK-IND,131,124,13.298387096774194,-6.0,0.1935483870967742,0.12903225806451613,0.061068702290076333,0.0
MDW-CMH,130,128,12.53125,-1.0,0.3046875,0.15625,0.015384615384615385,0.0
ANC-JNU,130,130,3.2615384615384615,-5.0,0.19230769230769232,0.1,0.0,0.007692307692307693
CMH-PHX,130,130,7.946153846153846,-2.0,0.12307692307692308,0.07692307692307693,0.0,0.0
DEN-MSO,130,130,10.176923076923076,-1.0,0.15384615384615385,0.11538461538461539,0.0,0.007692307692307693
MDW-AUS,130,130,9.792307692307693,1.0,0.25384615384615383,0.15384615384615385,0.0,0.0
SBP-PHX,130,130,22.892307692307693,-5.0,0.18461538461538463,0.13076923076923078,0.0,0.0
FAR-MSP,130,130,-1.8,-5.0,0.05384615384615385,0.038461538461538464,0.0,0.0
LAS-TUS,130,130,15.607692307692307,1.0,0.2923076923076923,0.19230769230769232,0.0,0.0
SLC-FAT,130,130,-2.376923076923077,-5.0,0.046153846153846156,0.023076923076923078,0.0,0.0
ORD-COU,130,128,13.4765625,-1.0,0.2421875,0.1796875,0.015384615384615385,0.0
HDN-DEN,130,129,16.96124031007752,-3.0,0.2248062015503876,0.17054263565891473,0.007692307692307693,0.0
PIT-MDW,130,129,4.9147286821705425,-2.0,0.14728682170542637,0.06976744186046512,0.007692307692307693,0.0
ELP-LAS,130,130,3.853846153846154,-2.0,0.13846153846153847,0.08461538461538462,0.0,0.0
DEN-MEM,130,129,24.147286821705425,3.0,0.3333333333333333,0.2558139534883721,0.007692307692307693,0.0
JAX-EWR,130,124,36.225806451612904,-3.0,0.28225806451612906,0.21774193548387097,0.05384615384615385,0.007692307692307693
CLT-ALB,130,129,14.457364341085272,0.0,0.24806201550387597,0.16279069767441862,0.007692307692307693,0.007692307692307693
BIS-MSP,130,130,16.0,-4.0,0.16923076923076924,0.12307692307692308,0.0,0.0
DEN-DCA,130,129,11.775193798449612,-2.0,0.2248062015503876,0.14728682170542637,0.007692307692307693,0.0
PWM-DCA,130,123,31.284552845528456,-6.0,0.21138211382113822,0.16260162601626016,0.05384615384615385,0.007692307692307693
DTW-AUS,129,128,8.1015625,-3.0,0.203125,0.125,0.007751937984496124,0.0
IAD-PHX,129,127,14.26771653543307,-1.0,0.1968503937007874,0.12598425196850394,0.015503875968992248,0.007751937984496124
KTN-SEA,129,122,4.778688524590164,-8.0,0.1721311475409836,0.10655737704918032,0.05426356589147287,0.0
DFW-SBN,129,126,18.61904761904762,-3.0,0.2857142857142857,0.1984126984126984,0.023255813953488372,0.0
SFO-ACV,129,128,7.7109375,-2.0,0.1640625,0.125,0.015503875968992248,0.015503875968992248
BWI-AUS,129,124,15.661290322580646,0.0,0.2661290322580645,0.1532258064516129,0.03875968992248062,0.007751937984496124
MFR-SEA,129,125,-3.272,-7.0,0.04,0.024,0.031007751937984496,0.007751937984496124
SHV-ATL,129,128,9.7265625,-5.0,0.171875,0.1171875,0.007751937984496124,0.015503875968992248
SMF-SFO,129,126,18.357142857142858,-5.0,0.20634920634920634,0.16666666666666666,0.023255813953488372,0.0
FCA-SLC,129,128,-0.6171875,-6.0,0.046875,0.0234375,0.007751937984496124,0.0
OKC-LAS,129,129,5.449612403100775,-2.0,0.14728682170542637,0.09302325581395349,0.0,0.0
BOS-AUS,129,128,23.2890625,0.5,0.296875,0.2109375,0.007751937984496124,0.0
PWM-BWI,129,127,9.173228346456693,0.0,0.16535433070866143,0.08661417322834646,0.015503875968992248,0.0
CLT-MCI,128,127,10.078740157480315,-2.0,0.2283464566929134,0.15748031496062992,0.0078125,0.0
EWR-MSY,128,126,17.88095238095238,-3.0,0.20634920634920634,0.15873015873015872,0.015625,0.0
HRL-HOU,128,126,9.706349206349206,-1.0,0.16666666666666666,0.1111111111111111,0.0234375,0.0
CLT-SGF,128,122,7.860655737704918,-2.0,0.1885245901639344,0.13114754098360656,0.046875,0.0
BNA-MCI,128,127,10.125984251968504,0.0,0.25196850393700787,0.14960629921259844,0.0078125,0.0078125
CLT-EYW,128,125,10.504,-3.0,0.16,0.112,0.0234375,0.0234375
IAH-SNA,128,128,8.90625,-2.0,0.1796875,0.1171875,0.0,0.0
TUL-ATL,128,127,12.015748031496063,-5.0,0.14173228346456693,0.09448818897637795,0.0078125,0.0078125
ORD-ORF,128,125,16.016,-2.0,0.28,0.192,0.0234375,0.0
BUF-ATL,128,126,9.404761904761905,-1.0,0.2222222222222222,0.15079365079365079,0.015625,0.0
LAX-MDW,128,128,12.7578125,4.0,0.2421875,0.1171875,0.0,0.0078125
GRR-DEN,128,128,11.4375,-4.0,0.140625,0.0703125,0.0,0.0
SLC-BOS,128,128,12.6328125,-3.0,0.234375,0.1484375,0.0,0.0078125
TPA-AUS,128,128,13.9140625,-1.0,0.2421875,0.1875,0.0,0.0
CLT-BUF,128,125,19.04,1.0,0.296,0.232,0.0234375,0.0
EGE-DEN,128,126,5.476190476190476,-4.0,0.15873015873015872,0.10317460317460317,0.015625,0.0078125
MSP-MKE,128,128,6.3125,-4.0,0.234375,0.140625,0.0,0.0
MSN-MSP,127,127,17.968503937007874,-5.0,0.15748031496062992,0.12598425196850394,0.0,0.0
SEA-KTN,127,127,11.385826771653543,-1.0,0.2204724409448819,0.10236220472440945,0.0,0.015748031496062992
PHX-SBA,127,126,12.507936507936508,-4.0,0.14285714285714285,0.12698412698412698,0.007874015748031496,0.007874015748031496
SEA-MCI,127,126,5.73015873015873,-3.0,0.1984126984126984,0.12698412698412698,0.015748031496062992,0.0
IAD-PIT,127,125,6.648,-4.0,0.128,0.112,0.015748031496062992,0.0
CHS-EWR,127,122,44.19672131147541,-1.0,0.3524590163934426,0.28688524590163933,0.03937007874015748,0.0
OKC-HOU,127,126,9.952380952380953,-1.5,0.19047619047619047,0.1349206349206349,0.007874015748031496,0.0
SAN-FAT,127,126,9.920634920634921,-3.0,0.2222222222222222,0.15079365079365079,0.007874015748031496,0.0
LAS-ELP,127,127,13.48031496062992,0.0,0.2677165354330709,0.16535433070866143,0.0,0.0
PHX-YUM,127,126,4.166666666666667,-4.0,0.15079365079365079,0.07936507936507936,0.007874015748031496,0.0
LGA-HOU,127,125,21.904,4.0,0.352,0.248,0.015748031496062992,0.0
DEN-MTJ,127,127,9.543307086614174,1.0,0.2125984251968504,0.10236220472440945,0.0,0.0
SJC-ONT,127,127,7.464566929133858,-3.0,0.1889763779527559,0.07874015748031496,0.0,0.0
HPN-ORD,127,123,8.869918699186991,-3.0,0.2032520325203252,0.12195121951219512,0.03937007874015748,0.0
BWI-MSY,126,125,17.96,0.0,0.232,0.136,0.007936507936507936,0.0
CLT-DAY,126,126,14.873015873015873,-3.0,0.2777777777777778,0.20634920634920634,0.0,0.0
MCI-DTW,126,124,7.580645161290323,-7.5,0.12096774193548387,0.08870967741935484,0.015873015873015872,0.0
HOU-MAF,126,123,8.40650406504065,-1.0,0.22764227642276422,0.12195121951219512,0.023809523809523808,0.0
RDM-SFO,126,124,9.588709677419354,-5.0,0.18548387096774194,0.12903225806451613,0.015873015873015872,0.0
GPT-ATL,126,121,3.7768595041322315,-6.0,0.12396694214876033,0.08264462809917356,0.03968253968253968,0.0
DCA-ROC,126,115,17.095652173913045,-1.0,0.3391304347826087,0.2782608695652174,0.0873015873015873,0.0
MEM-DEN,126,126,23.92063492063492,-2.0,0.24603174603174602,0.2222222222222222,0.0,0.015873015873015872
RSW-MSP,126,125,9.4,-6.0,0.176,0.136,0.007936507936507936,0.0
MSP-RDU,126,126,11.047619047619047,-3.0,0.16666666666666666,0.1111111111111111,0.0,0.0
SEA-CLT,126,125,13.424,-4.0,0.152,0.096,0.007936507936507936,0.007936507936507936
HSV-DCA,126,118,41.813559322033896,0.0,0.3389830508474576,0.3050847457627119,0.06349206349206349,0.023809523809523808
DTW-MSN,126,124,20.153225806451612,-3.0,0.27419354838709675,0.20967741935483872,0.015873015873015872,0.0
JAC-SLC,126,126,9.317460317460318,-7.5,0.12698412698412698,0.10317460317460317,0.0,0.0
MHT-DCA,125,122,35.75409836065574,-5.0,0.27049180327868855,0.1885245901639344,0.032,0.008
PDX-OAK,125,123,21.227642276422763,3.0,0.2845528455284553,0.17886178861788618,0.016,0.008
JAX-DCA,125,119,24.126050420168067,-2.0,0.29411764705882354,0.226890756302521,0.048,0.016
DTW-SDF,125,124,13.774193548387096,-3.0,0.24193548387096775,0.1774193548387097,0.008,0.0
TPA-PHX,125,124,18.669354838709676,-1.0,0.22580645161290322,0.16129032258064516,0.008,0.0
BWI-PHX,125,125,13.104,3.0,0.232,0.104,0.0,0.0
BWI-MSP,125,124,16.43548387096774,-2.0,0.1774193548387097,0.10483870967741936,0.008,0.0
SFO-FLL,125,123,11.682926829268293,-3.0,0.12195121951219512,0.08130081300813008,0.016,0.016
EWR-SLC,125,123,12.040650406504065,-2.0,0.23577235772357724,0.15447154471544716,0.016,0.0
MSY-FLL,125,120,15.75,-1.0,0.20833333333333334,0.125,0.04,0.0
DFW-DSM,125,123,21.024390243902438,0.0,0.3170731707317073,0.17073170731707318,0.016,0.0
AUS-SJC,125,125,19.192,2.0,0.304,0.216,0.0,0.008
PHX-TUL,125,125,18.28,0.0,0.288,0.2,0.0,0.008
ATL-SHV,125,125,26.352,-4.0,0.256,0.176,0.0,0.0
PIT-DFW,125,122,12.770491803278688,-4.0,0.22131147540983606,0.18032786885245902,0.024,0.0
SFO-ONT,125,123,9.024390243902438,-4.0,0.16260162601626016,0.13821138211382114,0.016,0.0
BNA-STL,125,123,13.560975609756097,1.0,0.3170731707317073,0.1951219512195122,0.024,0.0
DCA-MKE,125,120,14.408333333333333,-3.0,0.25,0.15833333333333333,0.048,0.0
BDL-SJU,124,123,29.008130081300813,0.0,0.25203252032520324,0.17886178861788618,0.008064516129032258,0.024193548387096774
CLT-VPS,124,121,11.942148760330578,-2.0,0.2231404958677686,0.1652892561983471,0.03225806451612903,0.0
RNO-SAN,124,122,7.868852459016393,-4.0,0.22950819672131148,0.1721311475409836,0.016129032258064516,0.0
SAN-MSP,124,123,7.764227642276423,-3.0,0.13821138211382114,0.10569105691056911,0.008064516129032258,0.0
DFW-FSM,124,121,5.933884297520661,-3.0,0.18181818181818182,0.11570247933884298,0.024193548387096774,0.0
BWI-PBI,124,124,10.846774193548388,0.0,0.24193548387096775,0.12903225806451613,0.0,0.0
SLC-BNA,124,124,6.040322580645161,-3.0,0.1693548387096774,0.12096774193548387,0.0,0.008064516129032258
CLT-SYR,124,121,16.25619834710744,-1.0,0.23140495867768596,0.1487603305785124,0.024193548387096774,0.0
PIT-IAD,124,122,-1.3688524590163935,-7.0,0.07377049180327869,0.05737704918032787,0.016129032258064516,0.0
DFW-COU,124,118,7.508474576271187,-4.0,0.1694915254237288,0.11016949152542373,0.04838709677419355,0.0
DCA-DEN,124,123,19.357723577235774,-5.0,0.17886178861788618,0.15447154471544716,0.008064516129032258,0.008064516129032258
LAX-HOU,124,122,8.90983606557377,2.0,0.18032786885245902,0.11475409836065574,0.016129032258064516,0.008064516129032258
MEM-DCA,124,120,12.3,-3.0,0.24166666666666667,0.18333333333333332,0.03225806451612903,0.008064516129032258
IND-FLL,124,123,9.284552845528456,-3.0,0.14634146341463414,0.08130081300813008,0.008064516129032258,0.0
LGB-SJC,123,123,2.813008130081301,-5.0,0.13008130081300814,0.08130081300813008,0.0,0.0
ONT-SLC,123,122,-2.2459016393442623,-7.5,0.08196721311475409,0.04918032786885246,0.008130081300813009,0.0
BUF-JFK,123,118,13.11864406779661,-4.5,0.2033898305084746,0.17796610169491525,0.04065040650406504,0.0
MSP-MSN,123,123,9.983739837398375,-3.0,0.23577235772357724,0.16260162601626016,0.0,0.0
ISP-BWI,123,122,10.51639344262295,0.0,0.1885245901639344,0.13114754098360656,0.008130081300813009,0.0
DAL-TPA,123,122,21.081967213114755,5.5,0.36065573770491804,0.22950819672131148,0.008130081300813009,0.0
TYS-DCA,123,114,22.236842105263158,-2.0,0.34210526315789475,0.24561403508771928,0.07317073170731707,0.008130081300813009
MSP-IND,123,123,4.967479674796748,-5.0,0.10569105691056911,0.06504065040650407,0.0,0.0
FLL-CVG,123,119,13.453781512605042,-3.0,0.226890756302521,0.10084033613445378,0.032520325203252036,0.0
MDW-LAX,123,123,22.308943089430894,6.0,0.34146341463414637,0.2601626016260163,0.0,0.0
BUF-DCA,123,119,21.705882352941178,-4.0,0.226890756302521,0.18487394957983194,0.032520325203252036,0.0
MIA-TLH,123,120,1.2166666666666666,-5.0,0.125,0.08333333333333333,0.024390243902439025,0.008130081300813009
CHS-PHL,123,118,17.677966101694917,-3.5,0.2627118644067797,0.2033898305084746,0.04065040650406504,0.0
SAV-DCA,123,113,21.150442477876105,-5.0,0.3185840707964602,0.24778761061946902,0.08130081300813008,0.008130081300813009
CHS-BOS,123,120,39.25,0.0,0.4,0.30833333333333335,0.024390243902439025,0.0
MCO-RIC,123,122,9.21311475409836,-2.0,0.2459016393442623,0.18032786885245902,0.008130081300813009,0.0
DCA-MHT,123,112,16.044642857142858,-3.0,0.25,0.20535714285714285,0.08943089430894309,0.0
BTV-DCA,123,114,16.649122807017545,-4.0,0.21052631578947367,0.17543859649122806,0.07317073170731707,0.008130081300813009
HSV-ORD,123,121,10.041322314049587,-5.0,0.2066115702479339,0.1487603305785124,0.016260162601626018,0.008130081300813009
MSY-PHL,122,121,15.173553719008265,-4.0,0.2396694214876033,0.1652892561983471,0.00819672131147541,0.00819672131147541
MHK-DFW,122,118,16.28813559322034,-3.5,0.17796610169491525,0.11864406779661017,0.03278688524590164,0.0
AUS-STL,122,122,13.049180327868852,-1.0,0.26229508196721313,0.19672131147540983,0.0,0.0
HPN-MCO,122,120,13.508333333333333,-4.5,0.21666666666666667,0.13333333333333333,0.01639344262295082,0.02459016393442623
FLL-SFO,122,122,13.139344262295081,-3.0,0.22131147540983606,0.14754098360655737,0.0,0.0
DFW-ACT,122,115,9.321739130434782,-4.0,0.19130434782608696,0.14782608695652175,0.05737704918032787,0.00819672131147541
ASE-LAX,122,117,44.1965811965812,-1.0,0.3076923076923077,0.24786324786324787,0.040983606557377046,0.0
COU-DFW,122,117,11.820512820512821,-3.0,0.2222222222222222,0.1111111111111111,0.040983606557377046,0.00819672131147541
FLL-TPA,122,121,11.165289256198347,-3.0,0.23140495867768596,0.1652892561983471,0.00819672131147541,0.0
SFO-FAT,122,120,9.358333333333333,-4.0,0.14166666666666666,0.125,0.01639344262295082,0.0
SLC-ABQ,122,122,1.540983606557377,-4.0,0.10655737704918032,0.06557377049180328,0.0,0.0
PDX-IAH,122,119,5.563025210084033,-4.0,0.15126050420168066,0.08403361344537816,0.02459016393442623,0.0
MOT-DEN,122,119,15.436974789915967,-5.0,0.18487394957983194,0.11764705882352941,0.02459016393442623,0.0
MIA-SEA,122,121,21.520661157024794,0.0,0.2809917355371901,0.1652892561983471,0.00819672131147541,0.01639344262295082
MSY-EWR,122,120,16.808333333333334,-5.0,0.23333333333333334,0.19166666666666668,0.01639344262295082,0.0
CMH-DTW,122,120,4.641666666666667,-5.0,0.13333333333333333,0.075,0.01639344262295082,0.0
SEA-PHL,122,120,11.5,1.0,0.23333333333333334,0.11666666666666667,0.01639344262295082,0.00819672131147541
SYR-CLT,122,121,19.115702479338843,-3.0,0.1652892561983471,0.09917355371900827,0.00819672131147541,0.0
DFW-RIC,122,119,26.865546218487395,6.0,0.3949579831932773,0.2773109243697479,0.03278688524590164,0.00819672131147541
MLB-CLT,121,119,19.747899159663866,-6.0,0.226890756302521,0.20168067226890757,0.01652892561983471,0.0
SLC-FCA,121,121,-0.5702479338842975,-5.0,0.09917355371900827,0.049586776859504134,0.0,0.0
DCA-GSP,121,112,30.991071428571427,-1.5,0.33035714285714285,0.30357142857142855,0.0743801652892562,0.008264462809917356
RDU-IAD,121,117,0.38461538461538464,-5.0,0.08547008547008547,0.06837606837606838,0.03305785123966942,0.0
DCA-MEM,121,116,17.586206896551722,-1.5,0.29310344827586204,0.20689655172413793,0.04132231404958678,0.0
ORD-SAV,121,121,7.198347107438017,-3.0,0.19008264462809918,0.11570247933884298,0.0,0.008264462809917356
PHX-DCA,121,121,-1.2727272727272727,-4.0,0.05785123966942149,0.024793388429752067,0.0,0.008264462809917356
MCI-CLT,121,118,14.466101694915254,-4.0,0.211864406779661,0.16101694915254236,0.024793388429752067,0.0
SEA-DCA,121,121,9.702479338842975,-2.0,0.2066115702479339,0.1652892561983471,0.0,0.008264462809917356
BIL-SLC,121,121,6.677685950413223,-8.0,0.09090909090909091,0.06611570247933884,0.0,0.0
BWI-PWM,121,121,12.578512396694215,-1.0,0.2231404958677686,0.17355371900826447,0.0,0.0
DTW-AZO,121,119,21.613445378151262,-4.0,0.25210084033613445,0.21008403361344538,0.01652892561983471,0.008264462809917356
MSP-MIA,121,120,9.166666666666666,-4.0,0.13333333333333333,0.09166666666666666,0.008264462809917356,0.008264462809917356
LAS-OMA,121,121,12.735537190082646,0.0,0.23140495867768596,0.14049586776859505,0.0,0.0
DAL-MAF,121,118,7.864406779661017,-2.0,0.1864406779661017,0.11864406779661017,0.024793388429752067,0.008264462809917356
ORD-LIT,121,119,10.680672268907562,-2.0,0.2857142857142857,0.14285714285714285,0.01652892561983471,0.008264462809917356
CLT-HPN,121,117,4.435897435897436,-5.0,0.1452991452991453,0.07692307692307693,0.03305785123966942,0.024793388429752067
ECP-BNA,121,120,9.433333333333334,-4.0,0.10833333333333334,0.1,0.008264462809917356,0.0
ABQ-ORD,121,121,12.322314049586776,-3.0,0.19008264462809918,0.14049586776859505,0.0,0.008264462809917356
DFW-CID,121,117,15.282051282051283,-1.0,0.2564102564102564,0.18803418803418803,0.03305785123966942,0.0
FLL-CLE,121,118,12.686440677966102,-5.0,0.19491525423728814,0.13559322033898305,0.024793388429752067,0.0
CMH-MIA,121,121,13.322314049586776,-2.0,0.21487603305785125,0.1652892561983471,0.0,0.0
DFW-SJT,121,116,5.103448275862069,-5.5,0.08620689655172414,0.0603448275862069,0.04132231404958678,0.008264462809917356
SFO-SBP,121,120,17.441666666666666,-5.0,0.11666666666666667,0.09166666666666666,0.008264462809917356,0.008264462809917356
FLL-MSY,121,121,12.975206611570249,0.0,0.2644628099173554,0.1487603305785124,0.0,0.0
CHS-DFW,121,116,13.793103448275861,-3.0,0.23275862068965517,0.12931034482758622,0.04132231404958678,0.008264462809917356
MDW-RSW,121,121,6.933884297520661,-1.0,0.14049586776859505,0.06611570247933884,0.0,0.01652892561983471
DFW-LAW,121,115,15.843478260869565,-5.0,0.28695652173913044,0.19130434782608696,0.049586776859504134,0.008264462809917356
MDW-MSY,121,120,12.941666666666666,-0.5,0.21666666666666667,0.13333333333333333,0.008264462809917356,0.0
BTV-ORD,120,119,27.19327731092437,-3.0,0.18487394957983194,0.13445378151260504,0.008333333333333333,0.008333333333333333
DFW-TYR,120,114,6.614035087719298,-4.0,0.18421052631578946,0.13157894736842105,0.05,0.0
DFW-PBI,120,118,27.0,1.0,0.3474576271186441,0.2542372881355932,0.016666666666666666,0.0
PHX-GEG,120,120,13.083333333333334,1.0,0.26666666666666666,0.175,0.0,0.0
EWR-SNA,120,118,14.677966101694915,-4.0,0.23728813559322035,0.2033898305084746,0.016666666666666666,0.03333333333333333
GSP-DFW,120,118,12.533898305084746,-1.0,0.22033898305084745,0.16101694915254236,0.016666666666666666,0.0
FAT-LAX,120,120,3.933333333333333,-6.0,0.10833333333333334,0.05,0.0,0.0
DTW-SAN,120,120,8.708333333333334,-2.0,0.16666666666666666,0.09166666666666666,0.0,0.0
IAH-SHV,120,116,23.060344827586206,-1.0,0.3275862068965517,0.25862068965517243,0.03333333333333333,0.0
DAL-TUL,120,118,13.76271186440678,-0.5,0.2457627118644068,0.16101694915254236,0.016666666666666666,0.008333333333333333
DEN-MOT,120,120,12.125,-3.5,0.25,0.19166666666666668,0.0,0.0
ORD-PBI,120,118,13.686440677966102,-3.0,0.13559322033898305,0.11016949152542373,0.016666666666666666,0.0
RDU-TPA,120,119,21.210084033613445,-2.0,0.21008403361344538,0.15126050420168066,0.008333333333333333,0.0
DTW-OMA,120,120,15.091666666666667,-3.0,0.25833333333333336,0.2,0.0,0.008333333333333333
CLT-CRW,119,115,21.565217391304348,-4.0,0.24347826086956523,0.16521739130434782,0.03361344537815126,0.0
STL-BNA,119,119,9.882352941176471,-1.0,0.19327731092436976,0.12605042016806722,0.0,0.0
LIT-DAL,119,118,13.364406779661017,-1.0,0.13559322033898305,0.1016949152542373,0.008403361344537815,0.0
DCA-PHL,119,116,8.362068965517242,-2.5,0.21551724137931033,0.1206896551724138,0.025210084033613446,0.0
SGF-DEN,119,118,29.135593220338983,-3.0,0.211864406779661,0.19491525423728814,0.008403361344537815,0.0
CLT-MSN,119,116,15.21551724137931,-1.5,0.21551724137931033,0.15517241379310345,0.025210084033613446,0.0
RDU-MSP,119,118,10.40677966101695,-4.0,0.17796610169491525,0.1271186440677966,0.008403361344537815,0.0
MSP-RSW,119,118,3.9661016949152543,-2.0,0.1271186440677966,0.06779661016949153,0.008403361344537815,0.0
IND-MSP,119,119,0.4369747899159664,-7.0,0.1092436974789916,0.07563025210084033,0.0,0.0
ASE-DFW,119,111,30.117117117117118,-4.0,0.32432432432432434,0.26126126126126126,0.06722689075630252,0.008403361344537815
PHX-CMH,119,119,15.092436974789916,1.0,0.31932773109243695,0.20168067226890757,0.0,0.008403361344537815
STL-MIA,119,117,4.957264957264957,-2.0,0.09401709401709402,0.06837606837606838,0.01680672268907563,0.0
CVG-MIA,119,117,21.700854700854702,-3.0,0.19658119658119658,0.1111111111111111,0.01680672268907563,0.0
BWI-SAN,119,119,13.61344537815126,4.0,0.29411764705882354,0.15966386554621848,0.008403361344537815,0.008403361344537815
SDF-DTW,119,118,4.406779661016949,-6.0,0.1016949152542373,0.0847457627118644,0.008403361344537815,0.0
IAD-AUS,118,117,3.905982905982906,-5.0,0.11965811965811966,0.07692307692307693,0.00847457627118644,0.00847457627118644
LEX-DFW,118,116,5.413793103448276,-4.0,0.1810344827586207,0.1206896551724138,0.01694915254237288,0.0
SAT-MCO,118,117,14.094017094017094,-2.0,0.2222222222222222,0.1623931623931624,0.00847457627118644,0.00847457627118644
BWI-IAH,118,117,13.008547008547009,-3.0,0.18803418803418803,0.13675213675213677,0.00847457627118644,0.0
HHH-CLT,118,117,8.623931623931623,-5.0,0.1623931623931624,0.11965811965811966,0.00847457627118644,0.0
CLE-PHL,118,115,26.747826086956522,-5.0,0.22608695652173913,0.16521739130434782,0.025423728813559324,0.0
MCI-SEA,118,116,3.3620689655172415,-5.5,0.09482758620689655,0.0603448275862069,0.01694915254237288,0.0
PHX-BFL,118,118,9.254237288135593,-3.0,0.2033898305084746,0.1440677966101695,0.0,0.0
GSO-ORD,118,113,5.1946902654867255,-3.0,0.1592920353982301,0.07964601769911504,0.0423728813559322,0.0
FLL-RDU,118,118,23.52542372881356,1.5,0.3728813559322034,0.2288135593220339,0.0,0.0
DTW-JFK,118,117,8.068376068376068,-2.0,0.17094017094017094,0.11965811965811966,0.01694915254237288,0.0
ATL-ICT,118,118,6.203389830508475,-3.0,0.1440677966101695,0.09322033898305085,0.0,0.0
SAT-BNA,118,117,12.264957264957266,-1.0,0.1794871794871795,0.1111111111111111,0.00847457627118644,0.0
DSM-PHX,118,117,2.4615384615384617,-5.0,0.08547008547008547,0.06837606837606838,0.00847457627118644,0.00847457627118644
BHM-DEN,118,117,14.649572649572649,-3.0,0.20512820512820512,0.13675213675213677,0.00847457627118644,0.0
DEN-FCA,118,118,10.0,0.0,0.211864406779661,0.11016949152542373,0.0,0.0
TYS-CLT,118,115,33.278260869565216,-4.0,0.1826086956521739,0.14782608695652175,0.025423728813559324,0.0
MSN-CLT,117,113,2.256637168141593,-6.0,0.12389380530973451,0.07079646017699115,0.03418803418803419,0.0
RIC-MCO,117,117,16.854700854700855,-1.0,0.26495726495726496,0.1452991452991453,0.0,0.017094017094017096
FAT-SFO,117,115,12.965217391304348,-3.0,0.23478260869565218,0.17391304347826086,0.017094017094017096,0.0
DEN-BHM,117,116,14.844827586206897,1.5,0.2672413793103448,0.1810344827586207,0.008547008547008548,0.0
TPA-FLL,117,113,12.123893805309734,-4.0,0.19469026548672566,0.1415929203539823,0.03418803418803419,0.0
FWA-ATL,117,114,19.289473684210527,-4.5,0.24561403508771928,0.17543859649122806,0.02564102564102564,0.008547008547008548
AVL-CLT,117,112,10.866071428571429,-4.0,0.22321428571428573,0.125,0.042735042735042736,0.0
EUG-DEN,117,116,25.54310344827586,-3.5,0.22413793103448276,0.1810344827586207,0.008547008547008548,0.0
SFO-MFR,117,117,7.7094017094017095,-2.0,0.1794871794871795,0.07692307692307693,0.0,0.008547008547008548
LGA-PWM,117,111,7.252252252252252,-5.0,0.2072072072072072,0.13513513513513514,0.05128205128205128,0.0
ORD-DLH,117,115,20.46086956521739,-2.0,0.2956521739130435,0.21739130434782608,0.017094017094017096,0.0
PHL-CVG,117,114,19.75438596491228,-3.0,0.2719298245614035,0.21929824561403508,0.02564102564102564,0.0
MBS-DTW,117,115,13.730434782608695,-8.0,0.1565217391304348,0.1391304347826087,0.017094017094017096,0.0
PHX-DSM,117,116,2.4913793103448274,-3.0,0.11206896551724138,0.06896551724137931,0.008547008547008548,0.0
ORD-HSV,117,116,34.508620689655174,-1.0,0.3448275862068966,0.28448275862068967,0.008547008547008548,0.0
BDL-DEN,117,117,4.760683760683761,-2.0,0.1452991452991453,0.07692307692307693,0.0,0.008547008547008548
DFW-MSN,116,116,42.73275862068966,10.0,0.4827586206896552,0.3275862068965517,0.0,0.0
SYR-ATL,116,110,5.918181818181818,-4.0,0.18181818181818182,0.10909090909090909,0.05172413793103448,0.0
SEA-MFR,116,114,5.368421052631579,-5.0,0.13157894736842105,0.11403508771929824,0.017241379310344827,0.017241379310344827
CLL-DFW,116,114,11.473684210526315,-7.0,0.18421052631578946,0.14035087719298245,0.017241379310344827,0.0
SNA-IAH,116,114,0.6228070175438597,-6.0,0.06140350877192982,0.03508771929824561,0.017241379310344827,0.0
ATL-FWA,116,116,18.95689655172414,-4.0,0.22413793103448276,0.1810344827586207,0.0,0.008620689655172414
MAF-HOU,116,115,9.165217391304347,-3.0,0.1826086956521739,0.12173913043478261,0.008620689655172414,0.008620689655172414
LAX-FAT,116,115,5.443478260869565,-5.0,0.14782608695652175,0.10434782608695652,0.008620689655172414,0.0
SLC-SUN,116,116,-2.6293103448275863,-4.0,0.034482758620689655,0.017241379310344827,0.008620689655172414,0.0
PNS-MIA,116,115,5.895652173913043,-3.0,0.2,0.10434782608695652,0.008620689655172414,0.0
CLT-SJU,116,116,15.025862068965518,-1.0,0.21551724137931033,0.13793103448275862,0.0,0.0
MSN-DTW,116,116,9.232758620689655,-7.0,0.1810344827586207,0.14655172413793102,0.0,0.0
PBI-BWI,116,116,20.362068965517242,0.0,0.25862068965517243,0.1724137931034483,0.0,0.0
SJC-AUS,116,115,6.956521739130435,0.0,0.17391304347826086,0.11304347826086956,0.008620689655172414,0.0
DAY-DCA,115,108,14.00925925925926,-5.0,0.2962962962962963,0.18518518518518517,0.06086956521739131,0.008695652173913044
OMA-DTW,115,114,13.614035087719298,-6.0,0.18421052631578946,0.16666666666666666,0.008695652173913044,0.0
MIA-MSP,115,114,16.412280701754387,-3.0,0.2543859649122807,0.16666666666666666,0.008695652173913044,0.0
SLC-SBA,115,115,1.9130434782608696,-4.0,0.09565217391304348,0.06086956521739131,0.0,0.02608695652173913
GRR-MSP,115,114,6.447368421052632,-6.0,0.18421052631578946,0.12280701754385964,0.008695652173913044,0.0
CLE-FLL,115,115,9.721739130434782,-4.0,0.16521739130434782,0.11304347826086956,0.0,0.0
SJC-DFW,115,113,21.707964601769913,-3.0,0.22123893805309736,0.11504424778761062,0.017391304347826087,0.0
DEN-GRR,115,115,17.22608695652174,1.0,0.28695652173913044,0.2,0.0,0.0
SGU-DEN,115,115,19.77391304347826,-6.0,0.19130434782608696,0.17391304347826086,0.0,0.0
TUS-ORD,115,114,8.833333333333334,-3.0,0.19298245614035087,0.14035087719298245,0.008695652173913044,0.0
RNO-SLC,115,115,4.208695652173913,-5.0,0.12173913043478261,0.0782608695652174,0.0,0.0
LAS-TPA,115,115,6.965217391304348,-1.0,0.17391304347826086,0.0782608695652174,0.0,0.0
RNO-DFW,115,113,16.63716814159292,-4.0,0.20353982300884957,0.17699115044247787,0.017391304347826087,0.017391304347826087
DFW-ASE,115,114,12.070175438596491,-5.0,0.19298245614035087,0.14035087719298245,0.008695652173913044,0.017391304347826087
ATL-ILM,115,114,11.631578947368421,-4.0,0.18421052631578946,0.14035087719298245,0.008695652173913044,0.0
CRW-CLT,115,112,13.589285714285714,-7.5,0.19642857142857142,0.16964285714285715,0.02608695652173913,0.0
LAS-CLE,115,115,21.269565217391303,0.0,0.23478260869565218,0.14782608695652175,0.0,0.0
SJU-IAH,115,114,4.973684210526316,-5.0,0.14912280701754385,0.12280701754385964,0.008695652173913044,0.0
CLT-HHH,115,114,11.412280701754385,-1.0,0.17543859649122806,0.12280701754385964,0.008695652173913044,0.0
ATL-SYR,115,112,8.008928571428571,-3.0,0.21428571428571427,0.13392857142857142,0.02608695652173913,0.0
DTW-PIT,115,115,9.765217391304347,-4.0,0.14782608695652175,0.12173913043478261,0.0,0.0
AVL-ORD,115,109,16.522935779816514,-4.0,0.21100917431192662,0.14678899082568808,0.05217391304347826,0.0
DLH-ORD,114,114,9.596491228070175,-5.0,0.14035087719298245,0.09649122807017543,0.0,0.0
LAX-TPA,114,114,10.93859649122807,-4.0,0.21929824561403508,0.14035087719298245,0.0,0.0
SAV-EWR,114,109,34.596330275229356,-3.0,0.27522935779816515,0.1834862385321101,0.043859649122807015,0.0
DFW-GPT,114,108,15.981481481481481,-3.0,0.19444444444444445,0.1388888888888889,0.06140350877192982,0.0
CID-DFW,114,111,13.387387387387387,-3.0,0.18018018018018017,0.13513513513513514,0.02631578947368421,0.0
SYR-DCA,114,109,45.981651376146786,-1.0,0.27522935779816515,0.21100917431192662,0.043859649122807015,0.0
CVG-PHL,114,113,29.716814159292035,-3.0,0.3008849557522124,0.21238938053097345,0.008771929824561403,0.008771929824561403
PSC-SLC,114,114,-2.7280701754385963,-7.0,0.07017543859649122,0.043859649122807015,0.0,0.0
MCO-ALB,114,114,9.798245614035087,-1.0,0.21929824561403508,0.08771929824561403,0.0,0.0
DCA-BTV,114,114,22.105263157894736,0.5,0.3333333333333333,0.21052631578947367,0.0,0.0
DAY-CLT,114,112,19.8125,-7.0,0.22321428571428573,0.15178571428571427,0.017543859649122806,0.0
ORD-BZN,114,114,9.18421052631579,-1.0,0.19298245614035087,0.11403508771929824,0.0,0.017543859649122806
HNL-SJC,114,114,5.7105263157894735,-2.0,0.12280701754385964,0.07017543859649122,0.0,0.0
DFW-AEX,114,109,6.5504587155963305,-5.0,0.1743119266055046,0.12844036697247707,0.043859649122807015,0.0
FCA-DEN,114,114,13.675438596491228,-3.0,0.21052631578947367,0.17543859649122806,0.0,0.008771929824561403
ACT-DFW,114,108,8.712962962962964,-7.0,0.14814814814814814,0.08333333333333333,0.05263157894736842,0.0
SEA-TUS,114,114,9.157894736842104,-1.0,0.18421052631578946,0.08771929824561403,0.0,0.0
MBS-ORD,114,110,20.490909090909092,-5.0,0.24545454545454545,0.19090909090909092,0.03508771929824561,0.008771929824561403
BDL-DTW,114,113,7.353982300884955,-5.0,0.1504424778761062,0.061946902654867256,0.008771929824561403,0.0
CHS-LGA,114,111,22.603603603603602,-2.0,0.26126126126126126,0.22522522522522523,0.02631578947368421,0.0
MSN-DFW,114,110,57.9,-5.0,0.24545454545454545,0.16363636363636364,0.03508771929824561,0.008771929824561403
BUF-CLT,114,114,14.166666666666666,-2.0,0.2631578947368421,0.16666666666666666,0.0,0.0
PSP-DFW,114,111,17.774774774774773,-3.0,0.1981981981981982,0.14414414414414414,0.02631578947368421,0.017543859649122806
BWI-ROC,114,111,21.83783783783784,9.0,0.3963963963963964,0.24324324324324326,0.02631578947368421,0.008771929824561403
SAN-DTW,113,111,2.2972972972972974,-3.0,0.12612612612612611,0.036036036036036036,0.017699115044247787,0.0
RAP-DFW,113,110,13.5,-4.5,0.14545454545454545,0.11818181818181818,0.035398230088495575,0.0
AUS-TPA,113,113,12.761061946902656,1.0,0.26548672566371684,0.1504424778761062,0.0,0.0
CLT-MHT,113,110,18.618181818181817,-3.5,0.24545454545454545,0.2,0.02654867256637168,0.0
SLC-ONT,113,113,7.725663716814159,-4.0,0.13274336283185842,0.08849557522123894,0.0,0.008849557522123894
MSO-DEN,113,112,13.044642857142858,-4.0,0.19642857142857142,0.14285714285714285,0.008849557522123894,0.008849557522123894
DFW-CLL,113,109,12.027522935779816,-4.0,0.1834862385321101,0.14678899082568808,0.04424778761061947,0.0
DCA-ALB,113,103,19.155339805825243,-1.0,0.2621359223300971,0.23300970873786409,0.08849557522123894,0.0
STL-MCI,113,112,14.133928571428571,1.5,0.2857142857142857,0.16964285714285715,0.008849557522123894,0.0
TPA-LAX,113,112,7.607142857142857,-3.0,0.125,0.11607142857142858,0.008849557522123894,0.0
ORD-LNK,113,110,22.918181818181818,-2.0,0.2636363636363636,0.21818181818181817,0.02654867256637168,0.0
SLC-GTF,113,112,-0.6785714285714286,-5.0,0.09821428571428571,0.044642857142857144,0.008849557522123894,0.0
LAW-DFW,113,109,27.844036697247706,-7.0,0.26605504587155965,0.22935779816513763,0.035398230088495575,0.0
SLC-BZN,113,112,5.580357142857143,-3.0,0.16964285714285715,0.09821428571428571,0.008849557522123894,0.0
DEN-EUG,113,112,13.464285714285714,-1.0,0.25892857142857145,0.16071428571428573,0.008849557522123894,0.0
DCA-TYS,113,108,16.944444444444443,0.0,0.3055555555555556,0.17592592592592593,0.04424778761061947,0.0
BWI-SRQ,113,111,10.378378378378379,0.0,0.17117117117117117,0.13513513513513514,0.017699115044247787,0.0
DTW-BUF,112,112,8.866071428571429,-4.0,0.16071428571428573,0.10714285714285714,0.0,0.0
BTV-PHL,112,108,25.11111111111111,-3.0,0.24074074074074073,0.1574074074074074,0.03571428571428571,0.0
SAV-PHL,112,105,27.942857142857143,-6.0,0.2571428571428571,0.17142857142857143,0.0625,0.0
JNU-ANC,112,108,4.481481481481482,-13.0,0.16666666666666666,0.08333333333333333,0.03571428571428571,0.0
BWI-PIT,112,110,18.136363636363637,0.0,0.2818181818181818,0.2,0.017857142857142856,0.0
MCI-SLC,112,111,2.09009009009009,-7.0,0.09009009009009009,0.06306306306306306,0.008928571428571428,0.008928571428571428
TLH-DFW,112,108,22.87037037037037,-4.0,0.26851851851851855,0.24074074074074073,0.03571428571428571,0.017857142857142856
DEN-BDL,112,111,19.117117117117118,2.0,0.3333333333333333,0.1981981981981982,0.008928571428571428,0.0
DEN-SBA,112,110,10.436363636363636,-1.5,0.21818181818181817,0.14545454545454545,0.017857142857142856,0.0
DCA-SYR,112,103,16.893203883495147,-2.0,0.30097087378640774,0.21359223300970873,0.08035714285714286,0.008928571428571428
MSO-SLC,112,110,8.454545454545455,-5.0,0.1,0.045454545454545456,0.017857142857142856,0.0
MSY-JFK,112,110,12.454545454545455,-3.0,0.24545454545454545,0.14545454545454545,0.017857142857142856,0.008928571428571428
JAX-DEN,112,112,3.580357142857143,-1.0,0.16964285714285715,0.0625,0.0,0.017857142857142856
DFW-LEX,112,108,17.564814814814813,-1.0,0.24074074074074073,0.16666666666666666,0.03571428571428571,0.0
PNS-BNA,112,111,6.90990990990991,-3.0,0.14414414414414414,0.08108108108108109,0.008928571428571428,0.0
TPA-IND,112,111,8.045045045045045,-3.0,0.23423423423423423,0.12612612612612611,0.008928571428571428,0.0
ORD-PWM,112,111,9.018018018018019,-1.0,0.22522522522522523,0.15315315315315314,0.008928571428571428,0.0
EWR-STL,112,105,7.771428571428571,-4.0,0.1523809523809524,0.13333333333333333,0.0625,0.0
MSN-ATL,112,112,4.508928571428571,-8.0,0.11607142857142858,0.08928571428571429,0.0,0.008928571428571428
STL-TPA,112,111,9.198198198198199,0.0,0.23423423423423423,0.16216216216216217,0.008928571428571428,0.017857142857142856
LAX-ASE,112,110,16.80909090909091,-4.0,0.22727272727272727,0.14545454545454545,0.017857142857142856,0.03571428571428571
BZN-SLC,112,111,5.153153153153153,-6.0,0.12612612612612611,0.07207207207207207,0.008928571428571428,0.0
AUS-ELP,112,112,10.875,-1.0,0.25892857142857145,0.15178571428571427,0.0,0.008928571428571428
DCA-PHX,112,111,9.9009009009009,-4.0,0.17117117117117117,0.14414414414414414,0.008928571428571428,0.0
PWM-LGA,112,108,17.916666666666668,-3.0,0.21296296296296297,0.19444444444444445,0.03571428571428571,0.0
MOB-DFW,112,107,6.429906542056075,-3.0,0.18691588785046728,0.12149532710280374,0.044642857142857144,0.008928571428571428
SNA-EWR,112,110,27.636363636363637,-3.0,0.20909090909090908,0.17272727272727273,0.017857142857142856,0.0
DCA-HPN,112,104,28.548076923076923,3.5,0.4230769230769231,0.2980769230769231,0.08035714285714286,0.0
SBN-DFW,112,112,11.642857142857142,-4.0,0.24107142857142858,0.15178571428571427,0.0,0.017857142857142856
SMF-ORD,112,111,11.288288288288289,-4.0,0.1981981981981982,0.15315315315315314,0.017857142857142856,0.008928571428571428
DFW-CHS,112,107,20.0,1.0,0.308411214953271,0.24299065420560748,0.044642857142857144,0.0
SJU-CLT,112,110,7.1,-5.0,0.23636363636363636,0.12727272727272726,0.017857142857142856,0.0
ORD-SMF,112,112,15.491071428571429,1.0,0.30357142857142855,0.1875,0.0,0.0
DCA-CAE,111,104,16.009615384615383,-3.0,0.2980769230769231,0.20192307692307693,0.06306306306306306,0.0
BOS-SLC,111,111,13.558558558558559,0.0,0.2882882882882883,0.15315315315315314,0.0,0.009009009009009009
ROC-ATL,111,107,10.654205607476635,1.0,0.21495327102803738,0.09345794392523364,0.036036036036036036,0.0
FSM-DFW,111,107,3.925233644859813,-5.0,0.14953271028037382,0.09345794392523364,0.04504504504504504,0.0
BNA-ECP,111,110,13.572727272727272,2.5,0.3181818181818182,0.18181818181818182,0.009009009009009009,0.0
BNA-PIT,111,109,19.275229357798164,2.0,0.3119266055045872,0.1743119266055046,0.018018018018018018,0.0
CMH-FLL,111,111,16.063063063063062,0.0,0.24324324324324326,0.18018018018018017,0.0,0.009009009009009009
LAS-MKE,111,110,12.318181818181818,0.5,0.23636363636363636,0.17272727272727273,0.009009009009009009,0.0
SMF-ATL,111,110,4.845454545454546,-2.5,0.05454545454545454,0.045454545454545456,0.009009009009009009,0.0
PHL-ORF,111,106,25.57547169811321,0.0,0.2641509433962264,0.2358490566037736,0.04504504504504504,0.0
GPT-CLT,111,103,12.728155339805825,-8.0,0.0970873786407767,0.08737864077669903,0.07207207207207207,0.009009009009009009
IND-TPA,111,110,15.381818181818181,-2.0,0.2,0.17272727272727273,0.009009009009009009,0.0
LAX-ELP,111,111,2.3873873873873874,-6.0,0.10810810810810811,0.07207207207207207,0.0,0.0
TVC-DTW,111,111,14.693693693693694,-4.0,0.22522522522522523,0.16216216216216217,0.0,0.0
BZN-SEA,111,109,7.853211009174312,-4.0,0.13761467889908258,0.07339449541284404,0.018018018018018018,0.0
TLH-MIA,111,107,3.7570093457943927,-4.0,0.11214953271028037,0.08411214953271028,0.036036036036036036,0.009009009009009009
MCI-STL,111,108,4.398148148148148,-1.0,0.1574074074074074,0.07407407407407407,0.02702702702702703,0.0
MGM-DFW,111,104,45.55769230769231,-4.0,0.25,0.19230769230769232,0.06306306306306306,0.0
ORD-TUS,111,110,11.754545454545454,-2.0,0.22727272727272727,0.15454545454545454,0.009009009009009009,0.0
DFW-FSD,111,109,20.128440366972477,-1.0,0.29357798165137616,0.1926605504587156,0.02702702702702703,0.0
ORD-AVL,110,109,12.513761467889909,-2.0,0.22018348623853212,0.1559633027522936,0.00909090909090909,0.0
DFW-LCH,110,107,15.299065420560748,-3.0,0.2336448598130841,0.16822429906542055,0.03636363636363636,0.00909090909090909
TPA-MSY,110,107,17.514018691588785,-2.0,0.2523364485981308,0.16822429906542055,0.02727272727272727,0.0
ABQ-SLC,110,110,3.481818181818182,-6.0,0.11818181818181818,0.06363636363636363,0.0,0.0
FAR-DFW,110,108,11.5,-4.0,0.2222222222222222,0.14814814814814814,0.02727272727272727,0.0
SLC-TUS,110,110,0.6272727272727273,-4.0,0.07272727272727272,0.05454545454545454,0.0,0.0
BZN-ORD,110,108,24.546296296296298,-1.5,0.26851851851851855,0.17592592592592593,0.01818181818181818,0.01818181818181818
DFW-TLH,110,108,22.787037037037038,-3.0,0.25925925925925924,0.2037037037037037,0.01818181818181818,0.0
DCA-HOU,110,108,8.99074074074074,0.0,0.24074074074074073,0.12037037037037036,0.01818181818181818,0.0
SLC-MSO,110,109,-2.018348623853211,-5.0,0.07339449541284404,0.03669724770642202,0.00909090909090909,0.0
DEN-TYS,110,108,18.296296296296298,-1.5,0.19444444444444445,0.16666666666666666,0.01818181818181818,0.0
GPT-DFW,110,102,4.823529411764706,-6.0,0.10784313725490197,0.09803921568627451,0.07272727272727272,0.0
RSW-MDW,110,110,6.5,-2.0,0.14545454545454545,0.07272727272727272,0.0,0.0
DCA-ORF,110,104,25.5,-1.0,0.3557692307692308,0.2692307692307692,0.05454545454545454,0.0
TPA-MSP,110,109,10.871559633027523,-3.0,0.2018348623853211,0.11926605504587157,0.00909090909090909,0.00909090909090909
TYR-DFW,110,103,18.660194174757283,-5.0,0.2621359223300971,0.22330097087378642,0.06363636363636363,0.0
AUS-IAD,110,109,10.192660550458715,-3.0,0.12844036697247707,0.08256880733944955,0.00909090909090909,0.0
LAS-OKC,110,109,10.963302752293577,-1.0,0.23853211009174313,0.1743119266055046,0.00909090909090909,0.0
BHM-DAL,109,105,8.923809523809524,-2.0,0.22857142857142856,0.09523809523809523,0.03669724770642202,0.01834862385321101
GRR-DFW,109,104,10.817307692307692,0.0,0.27884615384615385,0.16346153846153846,0.045871559633027525,0.009174311926605505
CID-DEN,109,107,25.850467289719628,0.0,0.3177570093457944,0.22429906542056074,0.01834862385321101,0.0
DFW-PSP,109,108,14.444444444444445,1.0,0.2777777777777778,0.16666666666666666,0.009174311926605505,0.0
JFK-DTW,109,107,16.878504672897197,-4.0,0.2616822429906542,0.205607476635514,0.01834862385321101,0.009174311926605505
ALB-DCA,109,106,40.04716981132076,-6.0,0.3018867924528302,0.2641509433962264,0.03669724770642202,0.0
DEN-SGU,109,109,9.8348623853211,-5.0,0.21100917431192662,0.13761467889908258,0.0,0.009174311926605505
SDF-DEN,109,108,5.75,-1.5,0.12962962962962962,0.06481481481481481,0.009174311926605505,0.0
SJT-DFW,109,103,16.631067961165048,-8.0,0.18446601941747573,0.13592233009708737,0.05504587155963303,0.0
MDW-FLL,109,106,22.9811320754717,7.0,0.3867924528301887,0.19811320754716982,0.027522935779816515,0.009174311926605505
BOI-PDX,109,109,-0.07339449541284404,-5.0,0.12844036697247707,0.05504587155963303,0.0,0.0
ORD-BTV,109,109,24.844036697247706,-1.0,0.28440366972477066,0.1926605504587156,0.0,0.0
LAS-FLL,109,105,6.142857142857143,-2.0,0.1619047619047619,0.13333333333333333,0.03669724770642202,0.01834862385321101
SFO-BNA,109,108,9.416666666666666,-2.0,0.2222222222222222,0.1388888888888889,0.009174311926605505,0.009174311926605505
FLL-MDW,109,109,13.192660550458715,0.0,0.1926605504587156,0.11926605504587157,0.0,0.0
SLC-PSP,109,109,-1.3302752293577982,-4.0,0.06422018348623854,0.009174311926605505,0.0,0.0
DRO-DFW,109,107,12.532710280373832,-6.0,0.21495327102803738,0.16822429906542055,0.01834862385321101,0.0
CVG-FLL,109,107,8.878504672897197,-2.0,0.1588785046728972,0.09345794392523364,0.01834862385321101,0.0
SEA-FAT,109,109,15.321100917431192,0.0,0.27522935779816515,0.1743119266055046,0.0,0.0
MSP-MCI,109,109,22.853211009174313,-4.0,0.25688073394495414,0.21100917431192662,0.009174311926605505,0.009174311926605505
IAD-DTW,109,109,11.761467889908257,-5.0,0.1834862385321101,0.11009174311926606,0.0,0.0
DFW-MKE,108,105,22.38095238095238,2.0,0.3047619047619048,0.21904761904761905,0.037037037037037035,0.0
EWR-MYR,108,100,13.96,-5.0,0.24,0.18,0.07407407407407407,0.0
MIA-CVG,108,106,8.556603773584905,-3.0,0.1792452830188679,0.11320754716981132,0.018518518518518517,0.0
IAH-BWI,108,106,21.537735849056602,0.0,0.27358490566037735,0.16981132075471697,0.018518518518518517,0.0
DCA-BHM,108,100,14.33,-4.0,0.27,0.18,0.07407407407407407,0.0
DFW-MHK,108,105,10.628571428571428,-4.0,0.20952380952380953,0.14285714285714285,0.027777777777777776,0.009259259259259259
BGR-DCA,108,100,34.94,-4.5,0.27,0.19,0.08333333333333333,0.0
BOI-SAN,108,105,3.6095238095238096,-5.0,0.13333333333333333,0.06666666666666667,0.027777777777777776,0.0
PIT-BNA,108,107,10.355140186915888,-1.0,0.18691588785046728,0.12149532710280374,0.009259259259259259,0.0
TUS-SFO,108,108,7.861111111111111,-5.0,0.18518518518518517,0.1388888888888889,0.0,0.009259259259259259
ORD-CRW,108,107,37.71028037383178,-1.0,0.37383177570093457,0.308411214953271,0.009259259259259259,0.0
DLH-MSP,108,105,-0.5047619047619047,-7.0,0.0761904761904762,0.0380952380952381,0.027777777777777776,0.0
TUS-SEA,108,108,4.712962962962963,-6.0,0.16666666666666666,0.1111111111111111,0.0,0.0
CLT-LIT,108,104,11.009615384615385,-1.0,0.25,0.125,0.037037037037037035,0.0
ATL-SNA,108,106,1.5188679245283019,-4.0,0.08490566037735849,0.05660377358490566,0.018518518518518517,0.0
SLC-IDA,108,108,5.305555555555555,-4.0,0.1574074074074074,0.12037037037037036,0.0,0.0
BWI-CMH,108,105,13.076190476190476,3.0,0.3047619047619048,0.17142857142857143,0.027777777777777776,0.009259259259259259
RIC-DFW,108,102,23.107843137254903,-1.0,0.30392156862745096,0.20588235294117646,0.05555555555555555,0.009259259259259259
DFW-SAV,108,108,31.62037037037037,1.5,0.37962962962962965,0.28703703703703703,0.0,0.0
ALB-ATL,108,108,17.324074074074073,-2.0,0.2222222222222222,0.12962962962962962,0.0,0.009259259259259259
PHL-MSY,108,103,16.601941747572816,-4.0,0.2524271844660194,0.20388349514563106,0.046296296296296294,0.0
DFW-RNO,108,106,29.0188679245283,0.0,0.36792452830188677,0.2830188679245283,0.018518518518518517,0.0
ATW-DTW,108,108,10.907407407407407,-7.0,0.19444444444444445,0.12962962962962962,0.0,0.0
ATL-PVD,108,107,14.299065420560748,-1.0,0.2803738317757009,0.14953271028037382,0.009259259259259259,0.0
MLU-DFW,107,102,16.715686274509803,-4.0,0.17647058823529413,0.13725490196078433,0.056074766355140186,0.0
SDF-MDW,107,106,9.367924528301886,-1.5,0.14150943396226415,0.10377358490566038,0.009345794392523364,0.0
DFW-MGM,107,102,26.872549019607842,-4.0,0.22549019607843138,0.18627450980392157,0.04672897196261682,0.0
MSN-DCA,107,104,14.682692307692308,-6.0,0.22115384615384615,0.16346153846153846,0.028037383177570093,0.0
PBI-DFW,107,104,17.990384615384617,-1.0,0.3173076923076923,0.22115384615384615,0.028037383177570093,0.009345794392523364
JFK-MSY,107,103,5.262135922330097,-4.0,0.14563106796116504,0.10679611650485436,0.037383177570093455,0.0
DEN-MSN,107,107,14.485981308411215,-2.0,0.2336448598130841,0.18691588785046728,0.0,0.0
PDX-BOI,107,107,1.5233644859813085,-5.0,0.14953271028037382,0.037383177570093455,0.0,0.0
BNA-CLE,107,107,13.08411214953271,0.0,0.2523364485981308,0.19626168224299065,0.0,0.0
TUS-SLC,107,107,-1.485981308411215,-9.0,0.056074766355140186,0.037383177570093455,0.0,0.0
CLT-ECP,107,101,11.673267326732674,-4.0,0.16831683168316833,0.1485148514851485,0.056074766355140186,0.0
IAH-TUL,107,107,18.822429906542055,-3.0,0.2897196261682243,0.24299065420560748,0.009345794392523364,0.0
LBB-DEN,107,102,15.509803921568627,-7.0,0.21568627450980393,0.20588235294117646,0.04672897196261682,0.009345794392523364
DCA-MSN,107,101,22.623762376237625,-1.0,0.297029702970297,0.18811881188118812,0.06542056074766354,0.0
SDF-DCA,107,101,11.376237623762377,-6.0,0.22772277227722773,0.1782178217821782,0.056074766355140186,0.0
PHL-SEA,106,105,11.428571428571429,0.0,0.24761904761904763,0.14285714285714285,0.009433962264150943,0.009433962264150943
PHL-SAN,106,105,16.504761904761907,-1.0,0.24761904761904763,0.18095238095238095,0.018867924528301886,0.0
DTW-TVC,106,103,12.611650485436893,-4.0,0.1941747572815534,0.14563106796116504,0.02830188679245283,0.0
IND-IAD,106,104,2.1346153846153846,-4.0,0.125,0.07692307692307693,0.018867924528301886,0.0
ROC-DCA,106,100,17.28,-5.0,0.22,0.18,0.05660377358490566,0.0
OKC-LGA,106,103,8.223300970873787,-5.0,0.1650485436893204,0.1262135922330097,0.02830188679245283,0.0
SAV-BOS,106,106,27.632075471698112,-1.5,0.29245283018867924,0.22641509433962265,0.0,0.0
LAX-MCI,106,103,10.689320388349515,-2.0,0.20388349514563106,0.11650485436893204,0.02830188679245283,0.0
BOI-ORD,106,106,12.547169811320755,-4.0,0.16037735849056603,0.1320754716981132,0.0,0.009433962264150943
LCH-DFW,106,101,20.712871287128714,-7.0,0.2376237623762376,0.21782178217821782,0.04716981132075472,0.0
PHX-SGU,106,106,5.4245283018867925,-4.0,0.18867924528301888,0.09433962264150944,0.0,0.0
PIT-FLL,106,104,9.64423076923077,-3.0,0.18269230769230768,0.11538461538461539,0.018867924528301886,0.0
TPA-STL,106,104,12.89423076923077,0.0,0.21153846153846154,0.125,0.018867924528301886,0.0
FLL-IND,106,106,17.066037735849058,-1.0,0.25471698113207547,0.1792452830188679,0.0,0.0
STL-AUS,106,105,9.8,0.0,0.21904761904761905,0.10476190476190476,0.009433962264150943,0.0
DFW-FAR,106,104,3.701923076923077,-3.0,0.18269230769230768,0.09615384615384616,0.018867924528301886,0.0
CLT-TYS,106,105,13.18095238095238,-3.0,0.22857142857142856,0.17142857142857143,0.009433962264150943,0.0
IAD-CMH,106,106,10.971698113207546,-3.5,0.16037735849056603,0.09433962264150944,0.0,0.0
LAS-CMH,105,105,13.323809523809524,1.0,0.2761904761904762,0.12380952380952381,0.0,0.0
MIA-STT,105,104,7.846153846153846,-4.0,0.1346153846153846,0.09615384615384616,0.009523809523809525,0.0
BOS-BUF,105,104,7.221153846153846,-4.0,0.21153846153846154,0.11538461538461539,0.009523809523809525,0.0
SLC-RNO,105,105,6.59047619047619,-5.0,0.2,0.12380952380952381,0.0,0.009523809523809525
LAS-MSY,105,104,8.35576923076923,-2.0,0.20192307692307693,0.11538461538461539,0.009523809523809525,0.0
DEN-RSW,105,105,11.476190476190476,-1.0,0.21904761904761905,0.12380952380952381,0.0,0.009523809523809525
TPA-BUF,105,104,15.009615384615385,-2.0,0.21153846153846154,0.15384615384615385,0.009523809523809525,0.009523809523809525
DEN-GUC,105,105,18.752380952380953,-3.0,0.20952380952380953,0.18095238095238095,0.0,0.0
DTW-MEM,105,102,16.166666666666668,-2.5,0.22549019607843138,0.17647058823529413,0.02857142857142857,0.009523809523809525
FAI-ANC,105,102,2.1470588235294117,-8.0,0.13725490196078433,0.0784313725490196,0.02857142857142857,0.0
SNA-ATL,105,104,14.10576923076923,-2.0,0.16346153846153846,0.1346153846153846,0.009523809523809525,0.009523809523809525
PHX-CLE,105,104,16.923076923076923,1.0,0.27884615384615385,0.20192307692307693,0.009523809523809525,0.0
SHV-IAH,105,103,12.485436893203884,-5.0,0.1553398058252427,0.08737864077669903,0.01904761904761905,0.0
DFW-MOB,105,101,20.306930693069308,-4.0,0.16831683168316833,0.13861386138613863,0.0380952380952381,0.0
ORD-BOI,104,103,21.24271844660194,0.0,0.3300970873786408,0.20388349514563106,0.009615384615384616,0.009615384615384616
SFO-RDM,104,103,4.902912621359223,-3.0,0.14563106796116504,0.10679611650485436,0.009615384615384616,0.019230769230769232
FLL-PIT,104,104,12.01923076923077,-2.0,0.2980769230769231,0.16346153846153846,0.0,0.0
MFE-AUS,104,104,5.788461538461538,-8.5,0.18269230769230768,0.09615384615384616,0.0,0.0
ATL-SMF,104,103,10.106796116504855,-2.0,0.1941747572815534,0.13592233009708737,0.009615384615384616,0.0
IAD-BNA,104,103,9.553398058252426,-3.0,0.13592233009708737,0.08737864077669903,0.009615384615384616,0.0
SAN-MDW,104,104,20.865384615384617,6.0,0.3269230769230769,0.19230769230769232,0.0,0.009615384615384616
FLL-CMH,104,103,18.62135922330097,1.0,0.30097087378640774,0.1941747572815534,0.009615384615384616,0.0
PSP-SLC,104,104,-2.6634615384615383,-6.0,0.07692307692307693,0.04807692307692308,0.0,0.0
ELP-AUS,104,104,12.663461538461538,-1.0,0.23076923076923078,0.15384615384615385,0.0,0.009615384615384616
ATL-ALB,104,103,14.12621359223301,2.0,0.3106796116504854,0.14563106796116504,0.009615384615384616,0.0
SEA-TPA,104,102,7.019607843137255,1.0,0.20588235294117646,0.09803921568627451,0.019230769230769232,0.0
MKE-CLT,104,101,26.91089108910891,-2.0,0.2376237623762376,0.1485148514851485,0.028846153846153848,0.0
AUS-PHL,104,101,106.42574257425743,-2.0,0.25742574257425743,0.2079207920792079,0.028846153846153848,0.0
CMH-LAS,104,104,10.01923076923077,0.0,0.18269230769230768,0.125,0.0,0.0
CLT-GRR,104,103,16.932038834951456,-1.0,0.27184466019417475,0.18446601941747573,0.009615384615384616,0.0
GSP-DCA,104,97,20.948453608247423,-6.0,0.27835051546391754,0.20618556701030927,0.07692307692307693,0.009615384615384616
CLE-TPA,103,103,12.718446601941748,-5.0,0.20388349514563106,0.17475728155339806,0.0,0.0
MSP-DLH,103,102,3.3137254901960786,-3.0,0.12745098039215685,0.058823529411764705,0.009708737864077669,0.0
HOU-TPA,103,102,9.235294117647058,0.0,0.14705882352941177,0.09803921568627451,0.009708737864077669,0.0
CLT-ROC,103,100,15.9,-3.0,0.21,0.16,0.02912621359223301,0.0
GTF-SLC,103,102,-4.176470588235294,-7.0,0.0392156862745098,0.0392156862745098,0.009708737864077669,0.0
STL-LAX,103,103,17.25242718446602,3.0,0.2524271844660194,0.1941747572815534,0.0,0.0
MCO-SAT,103,103,17.446601941747574,0.0,0.24271844660194175,0.17475728155339806,0.0,0.0
AUS-MAF,103,103,17.446601941747574,-2.0,0.2815533980582524,0.21359223300970873,0.0,0.0
ORD-ABQ,103,103,16.40776699029126,-1.0,0.27184466019417475,0.17475728155339806,0.0,0.009708737864077669
COS-PHX,103,103,1.6504854368932038,-3.0,0.10679611650485436,0.04854368932038835,0.0,0.019417475728155338
MDW-RDU,103,101,9.227722772277227,0.0,0.2079207920792079,0.1188118811881188,0.019417475728155338,0.0
SBA-DEN,103,103,5.689320388349515,-3.0,0.23300970873786409,0.10679611650485436,0.0,0.0
CAE-DFW,103,98,20.377551020408163,-2.5,0.2857142857142857,0.25510204081632654,0.04854368932038835,0.0
DFW-SJU,103,101,24.198019801980198,0.0,0.26732673267326734,0.24752475247524752,0.019417475728155338,0.009708737864077669
MSY-BOS,103,102,23.627450980392158,-3.0,0.3235294117647059,0.27450980392156865,0.009708737864077669,0.0
FWA-DFW,103,103,9.25242718446602,-2.0,0.1650485436893204,0.08737864077669903,0.0,0.019417475728155338
CRW-ORD,102,98,21.040816326530614,-2.0,0.24489795918367346,0.16326530612244897,0.0392156862745098,0.00980392156862745
GSP-LGA,102,100,5.02,-5.0,0.15,0.13,0.0196078431372549,0.00980392156862745
ALB-MCO,102,100,3.69,-3.5,0.19,0.09,0.0196078431372549,0.0196078431372549
TPA-SEA,102,101,20.564356435643564,0.0,0.19801980198019803,0.12871287128712872,0.00980392156862745,0.0
PHL-DCA,102,97,9.391752577319588,-3.0,0.20618556701030927,0.14432989690721648,0.049019607843137254,0.00980392156862745
LIH-SEA,102,99,2.1616161616161618,-5.0,0.13131313131313133,0.08080808080808081,0.029411764705882353,0.0
SAV-DFW,102,100,21.27,-3.0,0.25,0.2,0.0196078431372549,0.0
MCI-LAX,102,102,8.22549019607843,-3.0,0.23529411764705882,0.12745098039215685,0.0,0.0
DFW-ECP,102,99,14.909090909090908,-3.0,0.24242424242424243,0.15151515151515152,0.029411764705882353,0.0
ANC-PDX,102,102,1.1274509803921569,-5.5,0.10784313725490197,0.0784313725490196,0.0,0.0
LGA-OKC,102,95,20.378947368421052,-3.0,0.28421052631578947,0.21052631578947367,0.0784313725490196,0.0392156862745098
SLC-SAT,102,101,6.871287128712871,-5.0,0.18811881188118812,0.12871287128712872,0.00980392156862745,0.0
MAF-IAH,102,102,3.843137254901961,-6.0,0.10784313725490197,0.09803921568627451,0.0,0.0
ORF-DCA,102,98,22.142857142857142,-4.0,0.32653061224489793,0.21428571428571427,0.0392156862745098,0.0
ABQ-ATL,102,101,3.405940594059406,-4.0,0.10891089108910891,0.06930693069306931,0.00980392156862745,0.0
IND-JFK,102,101,2.6930693069306932,-3.0,0.10891089108910891,0.0594059405940594,0.00980392156862745,0.0
TPA-DAL,102,102,18.274509803921568,1.0,0.2549019607843137,0.18627450980392157,0.0,0.0
MIA-CMH,102,102,19.313725490196077,-3.0,0.20588235294117646,0.12745098039215685,0.0,0.0
DTW-ALB,102,101,8.297029702970297,-5.0,0.22772277227722773,0.1782178217821782,0.00980392156862745,0.0
DCA-DAY,101,99,16.727272727272727,-2.0,0.30303030303030304,0.23232323232323232,0.019801980198019802,0.0
PHL-AUS,101,100,23.86,-3.0,0.25,0.17,0.009900990099009901,0.0
HOU-MCI,101,100,14.24,0.0,0.27,0.22,0.009900990099009901,0.0
DTW-ATW,101,101,13.891089108910892,-4.0,0.19801980198019803,0.15841584158415842,0.0,0.0
SBP-SFO,101,100,25.58,-2.5,0.37,0.27,0.009900990099009901,0.0
GJT-PHX,101,100,14.22,-7.0,0.17,0.16,0.009900990099009901,0.019801980198019802
ORF-PHL,101,97,16.288659793814432,-5.0,0.1958762886597938,0.14432989690721648,0.039603960396039604,0.0
SMF-BOI,101,101,5.752475247524752,-2.0,0.1485148514851485,0.09900990099009901,0.0,0.0
MKE-DFW,101,97,13.010309278350515,-1.0,0.2268041237113402,0.18556701030927836,0.039603960396039604,0.009900990099009901
MSY-TPA,101,100,10.78,-2.0,0.22,0.17,0.009900990099009901,0.0
SLC-BIL,101,101,1.6336633663366336,-5.0,0.09900990099009901,0.0594059405940594,0.0,0.0
MIA-STL,101,100,20.51,1.0,0.32,0.19,0.009900990099009901,0.0
BWI-ISP,101,100,11.63,3.5,0.27,0.13,0.009900990099009901,0.009900990099009901
TPA-LAS,101,101,9.752475247524753,-1.0,0.1485148514851485,0.06930693069306931,0.0,0.0
AGS-ATL,101,98,16.387755102040817,-4.0,0.2857142857142857,0.22448979591836735,0.0297029702970297,0.0
ATL-MSN,101,100,0.39,-4.0,0.11,0.04,0.009900990099009901,0.0
PSC-DEN,101,101,-1.4653465346534653,-5.0,0.04950495049504951,0.039603960396039604,0.0,0.039603960396039604
CMH-BWI,101,100,1.33,-2.0,0.1,0.04,0.009900990099009901,0.0
MSP-IAD,101,100,4.23,-3.0,0.13,0.08,0.009900990099009901,0.0
SEA-STL,101,101,13.376237623762377,0.0,0.26732673267326734,0.15841584158415842,0.0,0.009900990099009901
IAH-PDX,101,100,9.01,1.0,0.22,0.13,0.009900990099009901,0.0
CMH-IAD,101,99,5.343434343434343,-4.0,0.1414141414141414,0.10101010101010101,0.019801980198019802,0.0
RSW-DEN,101,101,2.801980198019802,-4.0,0.10891089108910891,0.06930693069306931,0.0,0.009900990099009901
ELP-HOU,100,99,9.090909090909092,-2.0,0.15151515151515152,0.09090909090909091,0.01,0.0
CVG-DCA,100,95,34.26315789473684,-2.0,0.3368421052631579,0.25263157894736843,0.06,0.01
STL-EWR,100,99,12.919191919191919,-3.0,0.1717171717171717,0.1414141414141414,0.01,0.0
PIT-BWI,100,98,4.010204081632653,-2.0,0.15306122448979592,0.05102040816326531,0.02,0.0
PHX-COS,100,100,13.75,3.5,0.3,0.18,0.0,0.02
ALB-CLT,100,96,16.625,-4.0,0.17708333333333334,0.125,0.04,0.0
SAN-BNA,100,99,12.535353535353535,3.0,0.32323232323232326,0.16161616161616163,0.01,0.0
MEM-LGA,100,98,6.908163265306122,-4.0,0.14285714285714285,0.10204081632653061,0.02,0.0
MSN-DEN,100,100,20.13,-4.0,0.21,0.16,0.0,0.0
STL-SEA,100,99,16.828282828282827,0.0,0.2828282828282828,0.1919191919191919,0.01,0.01
CAE-DCA,100,95,28.557894736842105,-4.0,0.28421052631578947,0.21052631578947367,0.05,0.0
EWR-PWM,100,97,12.793814432989691,-4.0,0.2268041237113402,0.17525773195876287,0.03,0.0
CLE-BWI,100,99,4.808080808080808,0.0,0.13131313131313133,0.050505050505050504,0.01,0.0
FLL-BDL,100,99,11.525252525252526,-2.0,0.24242424242424243,0.1919191919191919,0.01,0.02
MDW-PIT,100,97,17.969072164948454,-1.0,0.25773195876288657,0.13402061855670103,0.03,0.0
CLT-GPT,100,98,16.489795918367346,-3.0,0.19387755102040816,0.12244897959183673,0.02,0.01
MYR-EWR,100,91,21.86813186813187,-5.0,0.25274725274725274,0.2087912087912088,0.09,0.0
RSW-CLE,99,99,11.717171717171718,-5.0,0.23232323232323232,0.1414141414141414,0.0,0.0
IAD-IND,99,95,18.347368421052632,-3.0,0.17894736842105263,0.14736842105263157,0.04040404040404041,0.0
AEX-DFW,99,96,12.083333333333334,-6.5,0.20833333333333334,0.19791666666666666,0.030303030303030304,0.0
CLT-AVP,99,95,16.03157894736842,-3.0,0.18947368421052632,0.1368421052631579,0.04040404040404041,0.020202020202020204
GEG-PHX,99,99,0.47474747474747475,-4.0,0.09090909090909091,0.050505050505050504,0.0,0.0
STL-SFO,99,99,16.91919191919192,4.0,0.31313131313131315,0.1919191919191919,0.0,0.0
STL-SLC,99,99,5.161616161616162,-7.0,0.13131313131313133,0.0707070707070707,0.0,0.0
EVV-DFW,99,99,14.16161616161616,-7.0,0.16161616161616163,0.10101010101010101,0.0,0.0
BOI-SMF,99,99,13.434343434343434,-3.0,0.1919191919191919,0.12121212121212122,0.0,0.0
OMA-LAS,99,99,4.424242424242424,-2.0,0.1414141414141414,0.09090909090909091,0.0,0.0
MSY-MDW,99,97,10.278350515463918,0.0,0.17525773195876287,0.09278350515463918,0.020202020202020204,0.0
IDA-SLC,99,99,6.090909090909091,-8.0,0.10101010101010101,0.08080808080808081,0.0,0.0
SBN-CLT,99,97,20.309278350515463,-5.0,0.26804123711340205,0.17525773195876287,0.020202020202020204,0.0
MCI-MSP,99,99,7.94949494949495,-8.0,0.0707070707070707,0.0707070707070707,0.0,0.010101010101010102
DCA-SAV,99,96,29.65625,-2.0,0.3229166666666667,0.25,0.050505050505050504,0.0
PIA-DFW,99,96,13.395833333333334,-5.0,0.20833333333333334,0.16666666666666666,0.04040404040404041,0.0
TPA-HOU,99,98,12.775510204081632,1.0,0.20408163265306123,0.10204081632653061,0.010101010101010102,0.0
DCA-CVG,98,96,17.739583333333332,-4.5,0.28125,0.1875,0.04081632653061224,0.01020408163265306
SJU-BDL,98,98,19.540816326530614,-2.0,0.25510204081632654,0.19387755102040816,0.0,0.0
SUN-SLC,98,98,1.2142857142857142,-10.0,0.07142857142857142,0.061224489795918366,0.0,0.0
IAH-SJU,98,98,20.418367346938776,-2.0,0.20408163265306123,0.20408163265306123,0.0,0.0
CLT-OMA,98,98,17.714285714285715,4.5,0.3469387755102041,0.24489795918367346,0.0,0.01020408163265306
BWI-MYR,98,98,19.887755102040817,4.5,0.3163265306122449,0.1836734693877551,0.0,0.0
PWM-EWR,98,94,3.627659574468085,-5.0,0.0851063829787234,0.07446808510638298,0.04081632653061224,0.0
GUC-DEN,98,98,15.26530612244898,-6.0,0.17346938775510204,0.1326530612244898,0.0,0.0
MSP-FSD,98,96,11.604166666666666,-2.0,0.21875,0.14583333333333334,0.02040816326530612,0.0
CLE-IAH,98,97,-1.5257731958762886,-5.0,0.061855670103092786,0.05154639175257732,0.01020408163265306,0.0
DFW-FWA,98,97,8.649484536082474,-4.0,0.13402061855670103,0.10309278350515463,0.01020408163265306,0.0
ECP-CLT,98,98,10.857142857142858,-6.0,0.23469387755102042,0.1836734693877551,0.0,0.0
RDU-SEA,98,97,7.731958762886598,2.0,0.23711340206185566,0.09278350515463918,0.01020408163265306,0.01020408163265306
DFW-ORF,98,96,22.34375,1.0,0.3020833333333333,0.21875,0.02040816326530612,0.0
PHL-CLE,98,95,21.105263157894736,-2.0,0.29473684210526313,0.2631578947368421,0.05102040816326531,0.0
LAX-STL,98,98,16.908163265306122,1.5,0.3673469387755102,0.22448979591836735,0.0,0.0
AZO-DTW,98,98,11.204081632653061,-6.0,0.16326530612244897,0.14285714285714285,0.0,0.0
MDW-CLE,98,97,5.835051546391752,-1.0,0.16494845360824742,0.08247422680412371,0.01020408163265306,0.0
ATL-AGS,97,95,26.305263157894736,-2.0,0.25263157894736843,0.21052631578947367,0.020618556701030927,0.0
SAV-BWI,97,97,14.948453608247423,-1.0,0.25773195876288657,0.15463917525773196,0.0,0.0
CLT-SBN,97,95,16.33684210526316,-5.0,0.22105263157894736,0.14736842105263157,0.030927835051546393,0.0
MLI-DFW,97,95,24.51578947368421,-5.0,0.22105263157894736,0.15789473684210525,0.020618556701030927,0.010309278350515464
CHS-BNA,97,96,10.21875,-1.0,0.22916666666666666,0.125,0.010309278350515464,0.010309278350515464
ROC-CLT,97,97,32.52577319587629,-3.0,0.15463917525773196,0.10309278350515463,0.0,0.0
CMH-TPA,97,97,7.731958762886598,-4.0,0.18556701030927836,0.10309278350515463,0.0,0.020618556701030927
ORD-COS,97,96,19.979166666666668,0.0,0.2708333333333333,0.19791666666666666,0.010309278350515464,0.0
CLE-IAD,97,97,3.515463917525773,-4.0,0.10309278350515463,0.07216494845360824,0.0,0.0
AUS-MFE,97,97,7.597938144329897,-2.0,0.2268041237113402,0.10309278350515463,0.0,0.0
DFW-GJT,97,97,9.628865979381443,-2.0,0.17525773195876287,0.13402061855670103,0.0,0.0
MIA-IND,97,94,19.680851063829788,-2.0,0.32978723404255317,0.23404255319148937,0.030927835051546393,0.010309278350515464
DTW-IAD,97,96,32.260416666666664,-2.5,0.2708333333333333,0.22916666666666666,0.010309278350515464,0.0
TUL-IAH,97,96,14.625,-5.0,0.21875,0.14583333333333334,0.020618556701030927,0.0
SFO-TUS,97,97,1.577319587628866,-5.0,0.13402061855670103,0.07216494845360824,0.0,0.0
SLC-STL,97,97,3.463917525773196,-5.0,0.16494845360824742,0.07216494845360824,0.0,0.0
MCI-AUS,97,95,4.4526315789473685,-1.0,0.15789473684210525,0.10526315789473684,0.020618556701030927,0.0
ATL-GPT,97,96,14.697916666666666,-3.5,0.2604166666666667,0.16666666666666666,0.010309278350515464,0.0
MSY-DTW,97,96,7.260416666666667,-2.0,0.1875,0.10416666666666667,0.010309278350515464,0.0
TUL-HOU,97,97,4.845360824742268,-2.0,0.10309278350515463,0.07216494845360824,0.0,0.0
SFO-DCA,97,97,13.855670103092784,-4.0,0.25773195876288657,0.16494845360824742,0.0,0.010309278350515464
DAL-BHM,97,95,14.25263157894737,-1.0,0.2736842105263158,0.15789473684210525,0.020618556701030927,0.0
OMA-CLT,97,96,18.770833333333332,-5.0,0.19791666666666666,0.10416666666666667,0.010309278350515464,0.0
GSO-DFW,96,89,10.247191011235955,-3.0,0.23595505617977527,0.15730337078651685,0.07291666666666667,0.0
DEN-CID,96,96,15.125,-2.0,0.22916666666666666,0.17708333333333334,0.0,0.010416666666666666
SEA-LIH,96,95,20.08421052631579,0.0,0.2736842105263158,0.14736842105263157,0.020833333333333332,0.010416666666666666
DEN-LGB,96,96,20.8125,5.5,0.3854166666666667,0.25,0.0,0.010416666666666666
HOU-DCA,96,94,18.46808510638298,2.5,0.3191489361702128,0.18085106382978725,0.020833333333333332,0.0
MCO-BQN,96,95,10.56842105263158,0.0,0.22105263157894736,0.12631578947368421,0.010416666666666666,0.0
FLL-LAS,96,93,13.204301075268818,-3.0,0.26881720430107525,0.16129032258064516,0.03125,0.0
DFW-DRO,96,95,22.694736842105264,-2.0,0.3157894736842105,0.2631578947368421,0.010416666666666666,0.0
BOS-SAV,96,95,7.389473684210526,-4.0,0.17894736842105263,0.1368421052631579,0.010416666666666666,0.0
IND-MIA,96,95,51.0,-3.0,0.17894736842105263,0.16842105263157894,0.010416666666666666,0.0
RIC-FLL,96,96,10.375,-3.5,0.17708333333333334,0.13541666666666666,0.0,0.0
MSY-LAS,96,96,14.052083333333334,1.5,0.2916666666666667,0.17708333333333334,0.0,0.0
ILM-LGA,96,91,6.978021978021978,-5.0,0.17582417582417584,0.12087912087912088,0.052083333333333336,0.0
ORD-MBS,96,94,30.79787234042553,-2.0,0.23404255319148937,0.20212765957446807,0.020833333333333332,0.0
CLE-LAS,96,96,4.916666666666667,-2.0,0.16666666666666666,0.10416666666666667,0.0,0.0
DFW-GRR,96,92,35.608695652173914,2.5,0.3804347826086957,0.2608695652173913,0.041666666666666664,0.0
DRO-PHX,96,96,17.385416666666668,-8.0,0.17708333333333334,0.15625,0.0,0.0
CLE-DTW,96,95,14.242105263157894,-5.0,0.17894736842105263,0.1368421052631579,0.010416666666666666,0.0
ELM-DTW,95,95,6.852631578947369,-7.0,0.14736842105263157,0.10526315789473684,0.0,0.0
BHM-DCA,95,93,16.849462365591396,-5.0,0.23655913978494625,0.20430107526881722,0.021052631578947368,0.0
COS-DAL,95,92,10.478260869565217,-2.0,0.17391304347826086,0.08695652173913043,0.031578947368421054,0.010526315789473684
SAN-BWI,95,95,7.905263157894737,0.0,0.1368421052631579,0.11578947368421053,0.0,0.0
SFO-EUG,95,95,2.8526315789473684,-4.0,0.10526315789473684,0.05263157894736842,0.0,0.010526315789473684
BNA-PNS,95,94,13.861702127659575,-1.0,0.2127659574468085,0.13829787234042554,0.010526315789473684,0.0
MRY-LAX,95,94,-1.6382978723404256,-8.0,0.09574468085106383,0.07446808510638298,0.010526315789473684,0.0
IAD-CLE,95,92,7.880434782608695,-3.0,0.15217391304347827,0.10869565217391304,0.031578947368421054,0.0
ORD-CHO,95,94,17.76595744680851,-0.5,0.26595744680851063,0.22340425531914893,0.010526315789473684,0.010526315789473684
SJU-DFW,95,94,18.0531914893617,-3.0,0.2765957446808511,0.2127659574468085,0.010526315789473684,0.021052631578947368
SEA-RDU,95,95,3.7263157894736842,-3.0,0.15789473684210525,0.09473684210526316,0.0,0.0
HOU-FLL,95,95,17.42105263157895,8.0,0.42105263157894735,0.21052631578947367,0.0,0.010526315789473684
MEM-IAH,95,95,10.56842105263158,-3.0,0.22105263157894736,0.12631578947368421,0.0,0.0
SBN-ATL,95,95,8.273684210526316,-4.0,0.16842105263157894,0.12631578947368421,0.0,0.010526315789473684
MAF-AUS,95,95,9.25263157894737,-5.0,0.1368421052631579,0.11578947368421053,0.0,0.010526315789473684
EWR-SAV,95,95,4.105263157894737,-4.0,0.11578947368421053,0.07368421052631578,0.0,0.0
BNA-SFO,94,94,14.319148936170214,2.0,0.26595744680851063,0.1595744680851064,0.0,0.0
MSP-ANC,94,94,17.595744680851062,-1.0,0.1595744680851064,0.09574468085106383,0.0,0.0
HOU-SAN,94,92,9.33695652173913,-1.0,0.20652173913043478,0.11956521739130435,0.02127659574468085,0.0
SEA-RNO,94,94,14.148936170212766,2.0,0.3191489361702128,0.2127659574468085,0.010638297872340425,0.0
ATL-MDT,94,94,3.9468085106382977,-4.0,0.19148936170212766,0.0851063829787234,0.0,0.0
HOU-ABQ,94,92,10.532608695652174,-1.0,0.25,0.13043478260869565,0.02127659574468085,0.0
CVG-MSP,94,94,2.5425531914893615,-4.5,0.1595744680851064,0.0851063829787234,0.0,0.0
SEA-BZN,94,94,4.9361702127659575,-3.0,0.1595744680851064,0.0851063829787234,0.0,0.02127659574468085
PHX-GJT,94,93,5.612903225806452,-4.0,0.20430107526881722,0.10752688172043011,0.010638297872340425,0.0
ORF-DFW,94,90,50.611111111111114,-1.0,0.34444444444444444,0.23333333333333334,0.0425531914893617,0.010638297872340425
IAH-MAF,94,93,18.462365591397848,-4.0,0.25806451612903225,0.22580645161290322,0.010638297872340425,0.0
LGA-MEM,94,91,14.67032967032967,-5.0,0.25274725274725274,0.1978021978021978,0.031914893617021274,0.0
EWR-SRQ,94,93,12.053763440860216,-4.0,0.1935483870967742,0.11827956989247312,0.010638297872340425,0.0
FSD-DFW,94,88,23.181818181818183,1.0,0.2727272727272727,0.19318181818181818,0.06382978723404255,0.0
ABE-CLT,94,94,1.2127659574468086,-6.0,0.13829787234042554,0.09574468085106383,0.0,0.010638297872340425
CMH-BNA,94,92,8.152173913043478,-2.0,0.17391304347826086,0.11956521739130435,0.02127659574468085,0.0
PDX-JFK,94,93,9.129032258064516,-1.0,0.12903225806451613,0.10752688172043011,0.010638297872340425,0.010638297872340425
SAT-DTW,94,93,1.2043010752688172,-7.0,0.15053763440860216,0.12903225806451613,0.010638297872340425,0.0
GRR-CLT,93,93,9.516129032258064,-4.0,0.1827956989247312,0.13978494623655913,0.0,0.0
PIT-DTW,93,92,5.065217391304348,-4.0,0.13043478260869565,0.10869565217391304,0.010752688172043012,0.0
ATW-MSP,93,92,27.282608695652176,-5.0,0.18478260869565216,0.16304347826086957,0.010752688172043012,0.0
ORD-RST,93,90,27.08888888888889,3.0,0.37777777777777777,0.3,0.03225806451612903,0.010752688172043012
ICT-ATL,93,92,15.369565217391305,-4.0,0.16304347826086957,0.08695652173913043,0.010752688172043012,0.0
PVD-ATL,93,92,13.228260869565217,-1.0,0.20652173913043478,0.15217391304347827,0.010752688172043012,0.0
CVG-SEA,93,92,7.456521739130435,-2.0,0.16304347826086957,0.08695652173913043,0.010752688172043012,0.010752688172043012
DTW-LAN,93,93,12.53763440860215,-3.0,0.21505376344086022,0.16129032258064516,0.0,0.0
BNA-IAD,93,92,13.206521739130435,-2.0,0.25,0.18478260869565216,0.010752688172043012,0.0
PHX-DRO,93,93,6.408602150537634,-5.0,0.17204301075268819,0.13978494623655913,0.0,0.010752688172043012
BTR-ATL,93,90,16.1,-2.0,0.25555555555555554,0.18888888888888888,0.03225806451612903,0.021505376344086023
BUF-BOS,93,91,15.505494505494505,-4.0,0.27472527472527475,0.2087912087912088,0.021505376344086023,0.0
ORD-SRQ,93,91,23.428571428571427,-3.0,0.2857142857142857,0.18681318681318682,0.021505376344086023,0.010752688172043012
DTW-LEX,93,90,13.566666666666666,-3.0,0.14444444444444443,0.1,0.03225806451612903,0.0
SAT-SLC,93,89,12.146067415730338,-5.0,0.21348314606741572,0.1348314606741573,0.043010752688172046,0.0
TPA-CMH,93,92,10.304347826086957,-1.0,0.18478260869565216,0.13043478260869565,0.010752688172043012,0.0
JFK-MSP,93,91,10.527472527472527,-4.0,0.12087912087912088,0.10989010989010989,0.021505376344086023,0.0
DEN-LBB,93,90,35.41111111111111,1.0,0.34444444444444444,0.3111111111111111,0.03225806451612903,0.0
ACY-MCO,93,92,1.5,-6.0,0.11956521739130435,0.07608695652173914,0.010752688172043012,0.0
SDF-EWR,93,90,14.455555555555556,-4.0,0.23333333333333334,0.14444444444444443,0.03225806451612903,0.010752688172043012
SGU-PHX,93,93,12.24731182795699,-6.0,0.25806451612903225,0.16129032258064516,0.0,0.0
DFW-MLU,92,90,5.411111111111111,-3.0,0.18888888888888888,0.13333333333333333,0.021739130434782608,0.0
ATL-SJC,92,91,11.384615384615385,-3.0,0.14285714285714285,0.054945054945054944,0.010869565217391304,0.0
SRQ-EWR,92,91,27.252747252747252,-4.0,0.21978021978021978,0.18681318681318682,0.021739130434782608,0.0
RSW-STL,92,92,10.858695652173912,-1.0,0.20652173913043478,0.15217391304347827,0.0,0.0
BWI-SAV,92,91,9.021978021978022,0.0,0.18681318681318682,0.0989010989010989,0.010869565217391304,0.010869565217391304
PIT-TPA,92,91,13.0,0.0,0.23076923076923078,0.17582417582417584,0.010869565217391304,0.0
BNA-JAX,92,91,14.725274725274724,2.0,0.2967032967032967,0.15384615384615385,0.010869565217391304,0.0
ELP-SAT,92,90,10.877777777777778,-2.0,0.18888888888888888,0.13333333333333333,0.021739130434782608,0.0
SEA-MIA,92,91,4.43956043956044,-1.0,0.14285714285714285,0.0989010989010989,0.010869565217391304,0.0
LGA-ILM,92,85,12.352941176470589,-4.0,0.17647058823529413,0.15294117647058825,0.09782608695652174,0.0
MYR-BWI,92,91,11.703296703296703,0.0,0.25274725274725274,0.15384615384615385,0.010869565217391304,0.0
DEN-XNA,92,92,8.043478260869565,-2.5,0.13043478260869565,0.10869565217391304,0.0,0.0
MDW-SDF,92,92,17.195652173913043,1.0,0.30434782608695654,0.14130434782608695,0.0,0.0
BNA-SAN,92,92,10.326086956521738,2.0,0.22826086956521738,0.11956521739130435,0.0,0.010869565217391304
TPA-BDL,92,90,10.877777777777778,-1.0,0.14444444444444443,0.06666666666666667,0.021739130434782608,0.010869565217391304
FSD-MSP,92,91,8.164835164835164,-4.0,0.14285714285714285,0.12087912087912088,0.010869565217391304,0.0
CRP-HOU,92,91,10.31868131868132,-3.0,0.18681318681318682,0.10989010989010989,0.021739130434782608,0.0
JAX-BNA,92,92,8.902173913043478,0.0,0.20652173913043478,0.11956521739130435,0.0,0.0
LAS-SBA,92,92,18.695652173913043,5.0,0.33695652173913043,0.25,0.010869565217391304,0.0
BWI-CLE,92,92,13.423913043478262,0.5,0.2608695652173913,0.13043478260869565,0.0,0.0
DCA-SFO,92,91,17.63736263736264,-4.0,0.1978021978021978,0.14285714285714285,0.010869565217391304,0.0
CWA-ORD,91,89,7.280898876404494,-4.0,0.2247191011235955,0.11235955056179775,0.02197802197802198,0.0
CLE-BNA,91,91,4.483516483516484,-2.0,0.17582417582417584,0.10989010989010989,0.0,0.0
RDU-SFO,91,91,6.637362637362638,-2.0,0.15384615384615385,0.0989010989010989,0.0,0.0
MDW-SAN,91,91,16.86813186813187,2.0,0.27472527472527475,0.1978021978021978,0.0,0.0
ROW-DFW,91,90,16.011111111111113,-8.0,0.2222222222222222,0.16666666666666666,0.01098901098901099,0.0
RDU-MDW,91,90,18.233333333333334,0.0,0.25555555555555554,0.18888888888888888,0.01098901098901099,0.0
ROA-ORD,91,91,17.67032967032967,-2.0,0.21978021978021978,0.17582417582417584,0.0,0.0
BQN-MCO,91,91,3.208791208791209,-5.0,0.17582417582417584,0.13186813186813187,0.0,0.0
ATL-ABQ,91,87,4.517241379310345,-3.0,0.1839080459770115,0.12643678160919541,0.04395604395604396,0.01098901098901099
MSP-ABR,91,89,2.404494382022472,-4.0,0.056179775280898875,0.033707865168539325,0.02197802197802198,0.0
MCI-PHL,91,87,10.977011494252874,-5.0,0.1839080459770115,0.12643678160919541,0.04395604395604396,0.0
SLC-CLT,91,89,17.337078651685392,-4.0,0.16853932584269662,0.12359550561797752,0.02197802197802198,0.01098901098901099
DFW-PVU,91,88,21.875,-3.0,0.2840909090909091,0.18181818181818182,0.03296703296703297,0.0
LGA-GSP,91,89,8.101123595505618,-6.0,0.20224719101123595,0.16853932584269662,0.03296703296703297,0.0
PHL-SAV,91,91,45.16483516483517,-1.0,0.32967032967032966,0.23076923076923078,0.01098901098901099,0.0
DAL-LIT,91,91,11.384615384615385,0.0,0.26373626373626374,0.16483516483516483,0.0,0.0
BOS-MSY,91,90,4.955555555555556,-4.0,0.15555555555555556,0.1,0.01098901098901099,0.01098901098901099
ABQ-SFO,90,90,6.333333333333333,-3.0,0.13333333333333333,0.1,0.0,0.0
ILM-ATL,90,89,10.97752808988764,-2.0,0.19101123595505617,0.10112359550561797,0.011111111111111112,0.0
CLT-SLC,90,90,14.1,-1.0,0.25555555555555554,0.16666666666666666,0.0,0.0
ABQ-AUS,90,90,7.655555555555556,-1.5,0.18888888888888888,0.12222222222222222,0.0,0.011111111111111112
MSP-BDL,90,89,10.213483146067416,-3.0,0.21348314606741572,0.14606741573033707,0.011111111111111112,0.0
IAD-MSP,90,90,7.0777777777777775,-3.5,0.13333333333333333,0.1,0.0,0.011111111111111112
HPN-FLL,90,90,2.466666666666667,-5.0,0.13333333333333333,0.08888888888888889,0.0,0.011111111111111112
MEM-DTW,90,90,6.955555555555556,-4.0,0.14444444444444443,0.13333333333333333,0.0,0.0
ANC-FAI,90,89,-8.685393258426966,-10.0,0.0449438202247191,0.011235955056179775,0.022222222222222223,0.0
AVP-CLT,90,86,19.151162790697676,-6.5,0.1511627906976744,0.11627906976744186,0.044444444444444446,0.0
SAT-MSP,90,88,10.034090909090908,-7.0,0.18181818181818182,0.09090909090909091,0.022222222222222223,0.0
VPS-BNA,90,90,3.6,-4.5,0.13333333333333333,0.06666666666666667,0.0,0.0
STL-RSW,90,90,6.777777777777778,0.0,0.15555555555555556,0.08888888888888889,0.0,0.0
CHS-MIA,90,90,23.11111111111111,-5.0,0.15555555555555556,0.13333333333333333,0.0,0.0
DFW-ROW,90,85,10.505882352941176,-4.0,0.23529411764705882,0.15294117647058825,0.05555555555555555,0.0
LAN-DTW,90,89,12.955056179775282,-6.0,0.24719101123595505,0.19101123595505617,0.011111111111111112,0.0
MKE-BNA,90,90,10.1,-2.0,0.17777777777777778,0.12222222222222222,0.0,0.0
SPS-DFW,90,89,25.820224719101123,-6.0,0.2247191011235955,0.15730337078651685,0.011111111111111112,0.0
DCA-SDF,90,85,26.070588235294117,-2.0,0.32941176470588235,0.27058823529411763,0.06666666666666667,0.0
DTW-CHS,90,90,2.988888888888889,-4.0,0.08888888888888889,0.07777777777777778,0.0,0.0
BDL-TPA,90,90,11.988888888888889,-2.5,0.17777777777777778,0.15555555555555556,0.0,0.0
AUS-MCI,90,90,9.9,0.0,0.2111111111111111,0.13333333333333333,0.0,0.0
SFO-RDD,90,87,21.804597701149426,-3.0,0.22988505747126436,0.14942528735632185,0.03333333333333333,0.0
BNA-MKE,90,90,7.533333333333333,0.0,0.2,0.1111111111111111,0.0,0.0
DFW-MLI,89,86,11.872093023255815,-4.0,0.22093023255813954,0.16279069767441862,0.033707865168539325,0.0
DFW-RAP,89,89,9.685393258426966,-3.0,0.19101123595505617,0.12359550561797752,0.0,0.0
SDF-BWI,89,87,13.275862068965518,0.0,0.25287356321839083,0.12643678160919541,0.02247191011235955,0.0
CLE-PHX,89,89,9.292134831460674,-1.0,0.19101123595505617,0.0898876404494382,0.0,0.0
DFW-PIA,89,87,12.942528735632184,-3.0,0.27586206896551724,0.1724137931034483,0.02247191011235955,0.0
MSN-LGA,89,85,6.964705882352941,-6.0,0.10588235294117647,0.10588235294117647,0.0449438202247191,0.0
TUL-DAL,89,87,9.264367816091953,-3.0,0.1724137931034483,0.13793103448275862,0.02247191011235955,0.0
PHX-MSY,89,88,14.25,1.5,0.3068181818181818,0.18181818181818182,0.011235955056179775,0.0
HOU-ELP,89,89,4.022471910112359,-3.0,0.14606741573033707,0.11235955056179775,0.0,0.0
RSW-IND,89,89,7.213483146067416,-3.0,0.16853932584269662,0.11235955056179775,0.0,0.0
MKE-BWI,89,88,5.636363636363637,-3.5,0.125,0.056818181818181816,0.011235955056179775,0.0
SFO-RDU,89,89,-2.044943820224719,-5.0,0.06741573033707865,0.02247191011235955,0.0,0.0
TPA-PIT,89,89,12.292134831460674,-3.0,0.2247191011235955,0.1797752808988764,0.0,0.0
MSP-CMH,89,88,4.034090909090909,-3.5,0.18181818181818182,0.10227272727272728,0.011235955056179775,0.0
MHT-CLT,89,87,12.67816091954023,-7.0,0.1839080459770115,0.16091954022988506,0.02247191011235955,0.0
MFR-SFO,89,88,4.840909090909091,-5.0,0.14772727272727273,0.125,0.011235955056179775,0.0
MKE-EWR,89,86,8.406976744186046,-4.0,0.19767441860465115,0.1511627906976744,0.033707865168539325,0.0
RDU-IAH,89,88,10.068181818181818,-3.0,0.1590909090909091,0.13636363636363635,0.011235955056179775,0.0
TUL-CLT,89,87,19.011494252873565,-5.0,0.27586206896551724,0.19540229885057472,0.02247191011235955,0.0
ATL-BTR,88,86,4.6976744186046515,-4.0,0.13953488372093023,0.10465116279069768,0.022727272727272728,0.0
AUS-IND,88,88,9.840909090909092,-2.0,0.22727272727272727,0.14772727272727273,0.0,0.0
ABQ-HOU,88,87,7.471264367816092,-2.0,0.19540229885057472,0.05747126436781609,0.011363636363636364,0.011363636363636364
SAN-BOI,88,88,6.159090909090909,-2.0,0.18181818181818182,0.125,0.0,0.0
GJT-DFW,88,87,11.32183908045977,-4.0,0.19540229885057472,0.10344827586206896,0.011363636363636364,0.022727272727272728
OKC-LAX,88,88,0.3181818181818182,-6.0,0.10227272727272728,0.056818181818181816,0.0,0.0
FLL-STL,88,88,11.352272727272727,-1.0,0.23863636363636365,0.14772727272727273,0.0,0.0
CLT-OKC,88,85,19.50588235294118,2.0,0.35294117647058826,0.21176470588235294,0.03409090909090909,0.0
RHI-MSP,88,86,7.453488372093023,-9.0,0.10465116279069768,0.10465116279069768,0.022727272727272728,0.0
ABY-ATL,88,87,20.839080459770116,-7.0,0.1724137931034483,0.13793103448275862,0.011363636363636364,0.0
JFK-CHS,88,87,22.42528735632184,-2.0,0.26436781609195403,0.19540229885057472,0.022727272727272728,0.0
SRQ-ORD,88,87,20.20689655172414,-3.0,0.20689655172413793,0.1839080459770115,0.011363636363636364,0.011363636363636364
SJC-ATL,88,86,1.0116279069767442,-4.0,0.08139534883720931,0.05813953488372093,0.022727272727272728,0.0
TYS-DEN,88,87,3.8620689655172415,-7.0,0.14942528735632185,0.09195402298850575,0.011363636363636364,0.0
CLE-RSW,88,86,1.0930232558139534,-6.0,0.05813953488372093,0.05813953488372093,0.022727272727272728,0.0
RSW-DCA,88,87,24.264367816091955,-1.0,0.25287356321839083,0.19540229885057472,0.022727272727272728,0.0
DAL-COS,88,88,12.375,2.5,0.32954545454545453,0.20454545454545456,0.0,0.0
LGB-DEN,88,87,7.747126436781609,-2.0,0.1724137931034483,0.12643678160919541,0.011363636363636364,0.011363636363636364
IAH-MEM,88,88,20.84090909090909,-2.0,0.2159090909090909,0.1590909090909091,0.0,0.0
SEA-CVG,88,88,2.2045454545454546,-2.5,0.19318181818181818,0.06818181818181818,0.0,0.022727272727272728
SAN-PHL,87,87,27.885057471264368,-2.0,0.20689655172413793,0.1839080459770115,0.0,0.05747126436781609
STL-FLL,87,87,15.563218390804598,2.0,0.3103448275862069,0.1724137931034483,0.0,0.0
BNA-CHS,87,87,14.620689655172415,3.0,0.22988505747126436,0.13793103448275862,0.0,0.011494252873563218
MIA-CHS,87,87,9.735632183908047,-4.0,0.21839080459770116,0.10344827586206896,0.0,0.0
MKE-LGA,87,81,1.0617283950617284,-6.0,0.08641975308641975,0.06172839506172839,0.08045977011494253,0.0
SJC-HNL,87,86,4.872093023255814,-1.0,0.08139534883720931,0.03488372093023256,0.011494252873563218,0.0
FLL-SEA,87,86,19.709302325581394,1.0,0.27906976744186046,0.1511627906976744,0.022988505747126436,0.0
SFO-BWI,87,87,5.816091954022989,-3.0,0.16091954022988506,0.11494252873563218,0.0,0.0
BUF-DTW,87,87,5.528735632183908,-4.0,0.14942528735632185,0.09195402298850575,0.0,0.0
MSP-ATW,87,87,18.126436781609197,-1.0,0.25287356321839083,0.1724137931034483,0.0,0.0
BUF-TPA,87,86,11.174418604651162,-2.0,0.20930232558139536,0.12790697674418605,0.011494252873563218,0.0
MCO-MHT,87,86,6.034883720930233,-3.0,0.16279069767441862,0.09302325581395349,0.011494252873563218,0.0
MEM-MCO,87,87,7.540229885057471,-4.0,0.1839080459770115,0.11494252873563218,0.0,0.011494252873563218
DCA-PNS,87,83,19.14457831325301,-2.0,0.30120481927710846,0.26506024096385544,0.04597701149425287,0.011494252873563218
PNS-DCA,87,80,48.0875,-5.5,0.2125,0.175,0.08045977011494253,0.0
SBA-LAS,87,87,5.724137931034483,-3.0,0.14942528735632185,0.10344827586206896,0.0,0.0
PHL-BTV,87,81,16.88888888888889,-5.0,0.2839506172839506,0.2345679012345679,0.06896551724137931,0.011494252873563218
DCA-ILM,87,82,7.890243902439025,-4.0,0.21951219512195122,0.0975609756097561,0.08045977011494253,0.011494252873563218
DCA-BGR,87,80,22.9625,-1.0,0.2625,0.1875,0.08045977011494253,0.0
SLC-MCI,87,86,2.802325581395349,-6.0,0.1744186046511628,0.11627906976744186,0.011494252873563218,0.0
GEG-LAX,87,87,-2.8505747126436782,-6.0,0.08045977011494253,0.04597701149425287,0.0,0.0
MSY-STL,86,86,6.72093023255814,-3.0,0.20930232558139536,0.11627906976744186,0.0,0.0
MSP-XWA,86,86,6.174418604651163,-4.0,0.13953488372093023,0.10465116279069768,0.0,0.0
SLC-HNL,86,85,9.635294117647058,0.0,0.17647058823529413,0.08235294117647059,0.011627906976744186,0.0
IND-RSW,86,85,15.470588235294118,-1.0,0.21176470588235294,0.16470588235294117,0.011627906976744186,0.0
BWI-SFO,86,84,8.785714285714286,-1.0,0.16666666666666666,0.10714285714285714,0.023255813953488372,0.0
LAX-RDU,86,86,15.36046511627907,-3.0,0.19767441860465115,0.16279069767441862,0.0,0.0
HOU-CRP,86,84,17.94047619047619,0.0,0.2857142857142857,0.21428571428571427,0.023255813953488372,0.0
SAT-BWI,86,85,8.505882352941176,-3.0,0.2,0.10588235294117647,0.011627906976744186,0.0
PDX-HNL,86,85,21.152941176470588,10.0,0.3411764705882353,0.12941176470588237,0.011627906976744186,0.0
JFK-PDX,86,86,2.7325581395348837,-3.5,0.1511627906976744,0.06976744186046512,0.0,0.011627906976744186
DAL-ORD,86,83,18.783132530120483,3.0,0.21686746987951808,0.1686746987951807,0.03488372093023256,0.0
CMI-ORD,86,83,3.674698795180723,-4.0,0.10843373493975904,0.10843373493975904,0.03488372093023256,0.0
SBA-SLC,86,86,-1.9883720930232558,-8.5,0.06976744186046512,0.046511627906976744,0.0,0.0
JFK-ROC,86,85,40.976470588235294,-1.0,0.38823529411764707,0.3411764705882353,0.023255813953488372,0.0
PIA-CLT,86,84,24.202380952380953,-3.0,0.2857142857142857,0.21428571428571427,0.023255813953488372,0.0
FAT-SEA,86,86,-0.3488372093023256,-4.0,0.09302325581395349,0.05813953488372093,0.011627906976744186,0.011627906976744186
BDL-IAD,86,85,3.376470588235294,-5.0,0.07058823529411765,0.047058823529411764,0.011627906976744186,0.0
LAS-PIT,86,86,14.05813953488372,4.0,0.32558139534883723,0.18604651162790697,0.0,0.0
DCA-SEA,85,84,26.571428571428573,-2.0,0.2976190476190476,0.2261904761904762,0.011764705882352941,0.0
CLT-DSM,85,85,11.647058823529411,-3.0,0.25882352941176473,0.21176470588235294,0.0,0.0
BHM-MIA,85,82,9.74390243902439,-3.0,0.18292682926829268,0.12195121951219512,0.03529411764705882,0.0
DFW-TXK,85,80,4.075,-4.0,0.1625,0.1125,0.058823529411764705,0.0
HRL-AUS,85,85,11.623529411764705,-2.0,0.23529411764705882,0.12941176470588237,0.0,0.011764705882352941
IND-LAX,85,85,5.152941176470589,-4.0,0.2235294117647059,0.10588235294117647,0.0,0.0
DTW-CLE,85,84,21.642857142857142,-3.5,0.23809523809523808,0.19047619047619047,0.023529411764705882,0.0
EGE-DFW,85,85,23.270588235294117,-1.0,0.32941176470588235,0.2235294117647059,0.0,0.0
RDM-SLC,85,85,2.3176470588235296,-4.0,0.11764705882352941,0.08235294117647059,0.0,0.0
FAT-PDX,85,85,-0.8823529411764706,-6.0,0.08235294117647059,0.03529411764705882,0.0,0.0
ADQ-ANC,85,83,-4.614457831325301,-10.0,0.08433734939759036,0.060240963855421686,0.023529411764705882,0.0
FLL-AUS,85,84,24.285714285714285,4.0,0.3333333333333333,0.2261904761904762,0.011764705882352941,0.023529411764705882
OGG-SAN,85,85,8.2,0.0,0.27058823529411763,0.1411764705882353,0.0,0.0
MIA-SAV,85,83,7.734939759036145,-3.0,0.21686746987951808,0.14457831325301204,0.023529411764705882,0.0
CLT-TUL,85,84,20.428571428571427,-2.0,0.2619047619047619,0.21428571428571427,0.011764705882352941,0.0
PVU-DFW,85,84,13.273809523809524,-4.0,0.17857142857142858,0.14285714285714285,0.011764705882352941,0.011764705882352941
ORD-ELP,85,84,14.273809523809524,-1.0,0.2619047619047619,0.14285714285714285,0.023529411764705882,0.0
ANC-ADQ,85,80,2.7375,-7.0,0.15,0.0875,0.07058823529411765,0.0
IAD-PWM,85,84,3.4761904761904763,-5.0,0.13095238095238096,0.07142857142857142,0.011764705882352941,0.0
BWI-MKE,85,84,19.5,2.5,0.25,0.21428571428571427,0.011764705882352941,0.0
GEG-MSP,85,85,6.905882352941177,-3.0,0.12941176470588237,0.07058823529411765,0.0,0.0
AUS-ABQ,85,85,10.529411764705882,-1.0,0.25882352941176473,0.17647058823529413,0.0,0.0
EWR-PDX,85,85,16.070588235294117,-2.0,0.18823529411764706,0.12941176470588237,0.0,0.0
FLL-RIC,85,83,14.036144578313253,-3.0,0.2891566265060241,0.1927710843373494,0.023529411764705882,0.0
IAH-CLE,85,84,3.3095238095238093,-3.0,0.09523809523809523,0.07142857142857142,0.011764705882352941,0.0
HLN-DEN,85,85,20.988235294117647,-5.0,0.24705882352941178,0.2,0.0,0.023529411764705882
OAK-HNL,85,85,23.941176470588236,0.0,0.16470588235294117,0.09411764705882353,0.0,0.0
CLT-MKE,84,84,27.178571428571427,-2.0,0.27380952380952384,0.23809523809523808,0.011904761904761904,0.0
COS-LAS,84,84,7.0476190476190474,-2.0,0.19047619047619047,0.09523809523809523,0.0,0.0
STL-OMA,84,82,15.304878048780488,0.0,0.23170731707317074,0.17073170731707318,0.023809523809523808,0.0
DEN-MRY,84,84,9.035714285714286,-1.0,0.21428571428571427,0.11904761904761904,0.0,0.023809523809523808
MSP-SAT,84,83,10.289156626506024,-3.0,0.18072289156626506,0.10843373493975904,0.011904761904761904,0.0
PDX-ANC,84,84,7.357142857142857,0.0,0.21428571428571427,0.11904761904761904,0.0,0.0
AMA-DEN,84,84,16.55952380952381,-6.0,0.20238095238095238,0.19047619047619047,0.0,0.011904761904761904
HNL-OAK,84,84,7.714285714285714,0.0,0.15476190476190477,0.08333333333333333,0.0,0.0
ORD-DAL,84,84,6.821428571428571,0.0,0.2261904761904762,0.08333333333333333,0.0,0.0
MCO-MEM,84,83,11.72289156626506,0.0,0.25301204819277107,0.1686746987951807,0.011904761904761904,0.011904761904761904
SDF-MCO,84,84,10.05952380952381,-2.0,0.16666666666666666,0.11904761904761904,0.0,0.0
MEM-HOU,84,84,16.011904761904763,0.0,0.30952380952380953,0.20238095238095238,0.0,0.011904761904761904
TPA-CVG,84,83,30.734939759036145,-2.0,0.37349397590361444,0.27710843373493976,0.023809523809523808,0.0
GRR-MDW,84,84,12.392857142857142,-3.0,0.19047619047619047,0.14285714285714285,0.0,0.0
RSW-LGA,84,83,19.14457831325301,-2.0,0.3253012048192771,0.21686746987951808,0.011904761904761904,0.0
LSE-ORD,84,82,15.231707317073171,-4.0,0.17073170731707318,0.14634146341463414,0.023809523809523808,0.0
SAN-MCO,84,84,3.380952380952381,-3.0,0.15476190476190477,0.08333333333333333,0.0,0.0
CVG-LGA,84,78,15.987179487179487,-3.0,0.23076923076923078,0.19230769230769232,0.09523809523809523,0.0
PHL-PWM,84,81,7.925925925925926,-2.0,0.19753086419753085,0.13580246913580246,0.047619047619047616,0.0
AUS-FLL,84,81,9.91358024691358,0.0,0.20987654320987653,0.12345679012345678,0.03571428571428571,0.0
AVL-FLL,84,84,38.11904761904762,-0.5,0.3333333333333333,0.23809523809523808,0.0,0.0
DCA-RSW,84,80,6.2125,-5.0,0.2,0.125,0.047619047619047616,0.0
MDT-ATL,83,82,10.74390243902439,-6.0,0.14634146341463414,0.0975609756097561,0.012048192771084338,0.0
BNA-CMH,83,83,13.144578313253012,-2.0,0.21686746987951808,0.13253012048192772,0.0,0.0
ATL-ABY,83,81,9.54320987654321,-5.0,0.20987654320987653,0.1728395061728395,0.024096385542168676,0.0
GEG-SFO,83,82,0.32926829268292684,-5.0,0.08536585365853659,0.04878048780487805,0.012048192771084338,0.0
RIW-DEN,83,81,27.012345679012345,-7.0,0.18518518518518517,0.1111111111111111,0.024096385542168676,0.0
LGA-CVG,83,79,11.848101265822784,-4.0,0.25316455696202533,0.20253164556962025,0.04819277108433735,0.0
RDU-PHX,83,83,11.108433734939759,-1.0,0.1686746987951807,0.0963855421686747,0.0,0.0
STT-MIA,83,83,-0.42168674698795183,-8.0,0.14457831325301204,0.10843373493975904,0.0,0.0
CLT-SHV,83,83,14.53012048192771,-4.0,0.3132530120481928,0.1686746987951807,0.0,0.0
EWR-SDF,83,79,18.860759493670887,-4.0,0.13924050632911392,0.10126582278481013,0.04819277108433735,0.0
IAD-BDL,83,83,0.5301204819277109,-3.0,0.08433734939759036,0.03614457831325301,0.0,0.0
PIT-LAS,83,83,8.060240963855422,4.0,0.21686746987951808,0.08433734939759036,0.0,0.012048192771084338
SLC-BWI,83,83,8.662650602409638,-1.0,0.21686746987951808,0.10843373493975904,0.0,0.012048192771084338
SAT-ELP,83,82,4.939024390243903,-4.0,0.12195121951219512,0.08536585365853659,0.012048192771084338,0.0
CLE-MSP,83,82,13.158536585365853,-4.0,0.1951219512195122,0.17073170731707318,0.012048192771084338,0.0
PHL-MEM,83,81,8.160493827160494,-5.0,0.16049382716049382,0.14814814814814814,0.024096385542168676,0.0
BOI-DFW,83,80,10.275,-3.0,0.15,0.1,0.03614457831325301,0.0
MIA-SLC,83,82,17.28048780487805,0.0,0.2682926829268293,0.12195121951219512,0.012048192771084338,0.0
DFW-GSO,83,81,15.802469135802468,0.0,0.35802469135802467,0.25925925925925924,0.024096385542168676,0.0
LAN-ORD,83,82,15.804878048780488,-7.0,0.2073170731707317,0.15853658536585366,0.012048192771084338,0.0
ORD-CMI,82,80,17.4875,-1.0,0.275,0.2375,0.036585365853658534,0.0
DAL-ECP,82,82,8.670731707317072,-1.0,0.18292682926829268,0.14634146341463414,0.0,0.0
SAN-OGG,82,80,18.225,0.0,0.2125,0.15,0.024390243902439025,0.012195121951219513
RDM-PHX,82,82,12.74390243902439,-4.5,0.08536585365853659,0.04878048780487805,0.0,0.0
PDX-GEG,82,82,4.097560975609756,-3.5,0.14634146341463414,0.07317073170731707,0.0,0.0
MCI-BWI,82,82,4.426829268292683,-2.0,0.15853658536585366,0.07317073170731707,0.0,0.0
EWR-MKE,82,79,4.746835443037975,-6.0,0.13924050632911392,0.12658227848101267,0.036585365853658534,0.0
SLC-EUG,82,82,4.853658536585366,-4.0,0.06097560975609756,0.04878048780487805,0.0,0.0
ANC-ORD,82,82,4.890243902439025,-1.0,0.14634146341463414,0.08536585365853659,0.0,0.0
GEG-SMF,82,82,11.341463414634147,-2.0,0.17073170731707318,0.12195121951219512,0.0,0.0
CHS-DTW,82,81,12.839506172839506,-5.0,0.2222222222222222,0.1728395061728395,0.012195121951219513,0.0
ONT-ATL,82,80,2.125,-5.0,0.075,0.0375,0.024390243902439025,0.0
SFB-ABE,82,82,6.695121951219512,-5.0,0.15853658536585366,0.07317073170731707,0.0,0.0
PHX-MFR,82,82,9.378048780487806,-3.0,0.17073170731707318,0.10975609756097561,0.0,0.012195121951219513
ATL-TUS,82,79,7.658227848101266,-2.0,0.1518987341772152,0.10126582278481013,0.04878048780487805,0.012195121951219513
BUR-PDX,82,82,-0.4024390243902439,-8.0,0.0975609756097561,0.06097560975609756,0.0,0.0
BNA-SAT,82,82,8.268292682926829,0.0,0.18292682926829268,0.10975609756097561,0.0,0.0
DFW-GCK,82,81,12.074074074074074,-3.0,0.20987654320987653,0.09876543209876543,0.012195121951219513,0.024390243902439025
MCO-ACY,82,82,11.268292682926829,-6.0,0.2073170731707317,0.15853658536585366,0.0,0.0
LGA-TYS,82,79,0.13924050632911392,-6.0,0.08860759493670886,0.06329113924050633,0.06097560975609756,0.0
PDX-BUR,81,81,2.4814814814814814,-4.0,0.12345679012345678,0.07407407407407407,0.0,0.0
LAX-CLE,81,81,2.6049382716049383,-5.0,0.09876543209876543,0.08641975308641975,0.0,0.0
LAS-COS,81,81,11.308641975308642,0.0,0.24691358024691357,0.14814814814814814,0.0,0.0
BHM-MCO,81,81,7.950617283950617,-2.0,0.18518518518518517,0.1111111111111111,0.0,0.0
DTW-ELM,81,78,10.923076923076923,-4.0,0.19230769230769232,0.14102564102564102,0.037037037037037035,0.0
SFO-KOA,81,81,12.493827160493828,-1.0,0.16049382716049382,0.13580246913580246,0.0,0.0
EWR-GRR,81,77,5.766233766233766,-5.0,0.14285714285714285,0.05194805194805195,0.04938271604938271,0.0
SLC-CVG,81,81,5.246913580246914,-3.0,0.14814814814814814,0.07407407407407407,0.0,0.0
SFO-ABQ,81,81,6.197530864197531,-3.0,0.20987654320987653,0.12345679012345678,0.0,0.012345679012345678
DEN-HLN,81,80,17.675,0.0,0.2625,0.1875,0.012345679012345678,0.0
SFO-GEG,81,81,2.9382716049382718,-4.0,0.13580246913580246,0.07407407407407407,0.0,0.0
SAN-STS,81,78,9.102564102564102,-3.0,0.2564102564102564,0.14102564102564102,0.037037037037037035,0.012345679012345678
CMH-MSP,81,79,3.607594936708861,-5.0,0.16455696202531644,0.13924050632911392,0.024691358024691357,0.0
MIA-BHM,81,79,0.25316455696202533,-4.0,0.10126582278481013,0.06329113924050633,0.024691358024691357,0.0
BWI-SLC,81,81,11.790123456790123,0.0,0.24691358024691357,0.12345679012345678,0.0,0.0
XNA-LGA,81,80,15.8,-4.0,0.2125,0.15,0.012345679012345678,0.0
MFR-DEN,80,80,5.325,-2.5,0.15,0.1,0.0,0.0125
EUG-SFO,80,79,14.772151898734178,-4.0,0.22784810126582278,0.11392405063291139,0.0125,0.0
BWI-SDF,80,79,18.40506329113924,3.0,0.2911392405063291,0.16455696202531644,0.0125,0.0
GRI-DFW,80,80,16.25,-7.0,0.225,0.175,0.0,0.0125
MSP-JFK,80,80,13.55,-1.0,0.275,0.15,0.0,0.0
DFW-JAC,80,79,25.962025316455698,0.0,0.34177215189873417,0.25316455696202533,0.0125,0.0375
SAN-MRY,80,78,7.858974358974359,-2.5,0.20512820512820512,0.16666666666666666,0.025,0.0125
GRR-EWR,80,78,3.3076923076923075,-7.0,0.14102564102564102,0.11538461538461539,0.025,0.0
PWM-PHL,80,76,7.407894736842105,-5.0,0.15789473684210525,0.10526315789473684,0.05,0.0
DEN-MFR,80,79,14.468354430379748,5.0,0.26582278481012656,0.13924050632911392,0.0125,0.0
ASE-ORD,80,75,39.04,18.0,0.5066666666666667,0.4266666666666667,0.0625,0.025
DTW-SAT,80,80,9.1875,-5.0,0.2125,0.1375,0.0,0.0
MYR-DCA,80,78,36.84615384615385,-0.5,0.3076923076923077,0.19230769230769232,0.025,0.0
LAS-GEG,80,78,11.820512820512821,-1.0,0.21794871794871795,0.11538461538461539,0.025,0.0
IND-AUS,80,80,6.275,-2.0,0.1625,0.1125,0.0,0.0125
CYS-DEN,80,78,13.756410256410257,-9.0,0.1794871794871795,0.16666666666666666,0.025,0.0
ATL-ONT,80,77,6.675324675324675,-1.0,0.2077922077922078,0.1038961038961039,0.0375,0.0
RSW-BNA,80,80,13.4625,-2.0,0.2375,0.1625,0.0,0.0
DEN-COD,80,80,15.9375,-2.5,0.2375,0.2,0.0,0.05
ROC-JFK,80,77,30.285714285714285,-5.0,0.22077922077922077,0.16883116883116883,0.05,0.0
SLC-IAD,80,80,1.3,-4.0,0.0625,0.0375,0.0,0.0
BFL-DEN,80,80,0.475,-5.0,0.1,0.05,0.0,0.025
IAH-RDU,80,78,9.512820512820513,-1.0,0.1794871794871795,0.1282051282051282,0.025,0.0
COD-DEN,80,76,24.25,-0.5,0.3026315789473684,0.21052631578947367,0.05,0.0375
BUR-DFW,80,77,19.98701298701299,-6.0,0.14285714285714285,0.12987012987012986,0.0375,0.0125
MSP-FLL,80,80,11.8,-2.5,0.175,0.125,0.0125,0.0
TUL-LAS,80,80,5.4875,-2.0,0.15,0.0875,0.0,0.0
ATL-STT,80,80,5.75,-2.0,0.125,0.075,0.0,0.0
STL-LIT,80,80,14.7,1.5,0.25,0.15,0.0,0.0
IAH-RSW,80,80,9.675,-3.5,0.1875,0.125,0.0,0.0
OAK-LIH,79,78,1.4871794871794872,-3.0,0.10256410256410256,0.07692307692307693,0.012658227848101266,0.0
ALB-MDW,79,79,8.632911392405063,-2.0,0.17721518987341772,0.10126582278481013,0.0,0.0
CLT-ABE,79,77,20.051948051948052,-2.0,0.2597402597402597,0.19480519480519481,0.02531645569620253,0.012658227848101266
COS-ORD,79,78,18.833333333333332,-3.5,0.2948717948717949,0.20512820512820512,0.012658227848101266,0.0
TPA-CLE,79,78,12.076923076923077,-2.0,0.28205128205128205,0.20512820512820512,0.012658227848101266,0.0
MCI-HOU,79,79,13.683544303797468,0.0,0.25316455696202533,0.1518987341772152,0.0,0.0
ICT-STL,79,79,7.379746835443038,-5.0,0.1518987341772152,0.08860759493670886,0.012658227848101266,0.0
DTW-MSY,79,78,3.9743589743589745,-4.0,0.1282051282051282,0.07692307692307693,0.012658227848101266,0.0
DEN-SDF,79,79,9.30379746835443,1.0,0.17721518987341772,0.1518987341772152,0.0,0.0
DFW-BOI,79,78,23.615384615384617,7.0,0.34615384615384615,0.23076923076923078,0.012658227848101266,0.0
PHX-CID,79,79,10.39240506329114,-3.0,0.17721518987341772,0.1518987341772152,0.0,0.0
ELP-ORD,79,78,4.166666666666667,-5.0,0.08974358974358974,0.0641025641025641,0.012658227848101266,0.012658227848101266
OAK-BOI,79,79,7.784810126582278,-2.0,0.1518987341772152,0.10126582278481013,0.0,0.012658227848101266
SAN-HOU,79,78,12.628205128205128,3.5,0.2948717948717949,0.1794871794871795,0.012658227848101266,0.0
OAK-OGG,79,79,4.7215189873417724,-3.0,0.17721518987341772,0.06329113924050633,0.0,0.0
PDX-EWR,79,79,26.79746835443038,0.0,0.27848101265822783,0.22784810126582278,0.0,0.012658227848101266
LAX-GEG,79,79,-1.7088607594936709,-8.0,0.0759493670886076,0.05063291139240506,0.0,0.0
OKC-CLT,79,77,-1.2337662337662338,-5.0,0.09090909090909091,0.03896103896103896,0.02531645569620253,0.0
BOI-SJC,79,79,2.7721518987341773,-6.0,0.1518987341772152,0.08860759493670886,0.0,0.0
ATL-ROC,79,75,16.973333333333333,0.0,0.37333333333333335,0.26666666666666666,0.05063291139240506,0.0
MSP-RHI,79,79,-0.189873417721519,-4.0,0.0759493670886076,0.05063291139240506,0.0,0.0
BZN-MSP,79,79,6.341772151898734,-6.0,0.10126582278481013,0.0759493670886076,0.0,0.0
CVG-SLC,79,79,12.455696202531646,-3.0,0.21518987341772153,0.1518987341772152,0.0,0.0
HSV-CLT,79,77,21.98701298701299,-5.0,0.15584415584415584,0.11688311688311688,0.02531645569620253,0.0
MCO-ORF,78,77,4.779220779220779,-2.0,0.15584415584415584,0.07792207792207792,0.01282051282051282,0.0
PWM-IAD,78,78,6.923076923076923,-6.0,0.1282051282051282,0.10256410256410256,0.0,0.0
PVU-AZA,78,78,23.012820512820515,-7.0,0.15384615384615385,0.10256410256410256,0.0,0.0
FLL-HOU,78,77,10.493506493506494,3.0,0.2987012987012987,0.12987012987012986,0.01282051282051282,0.0
JNU-SIT,78,77,-6.207792207792208,-13.0,0.07792207792207792,0.07792207792207792,0.01282051282051282,0.01282051282051282
GRB-MSP,78,78,17.76923076923077,-6.0,0.1282051282051282,0.10256410256410256,0.0,0.0
LGA-MSN,78,73,16.041095890410958,-4.0,0.273972602739726,0.1643835616438356,0.0641025641025641,0.0
HPN-ATL,78,78,16.846153846153847,-1.5,0.23076923076923078,0.10256410256410256,0.0,0.0
DEN-DIK,78,73,36.726027397260275,-4.0,0.2191780821917808,0.2191780821917808,0.0641025641025641,0.01282051282051282
BWI-SAT,78,77,13.103896103896103,4.0,0.35064935064935066,0.19480519480519481,0.01282051282051282,0.0
MDW-GRR,78,78,11.243589743589743,1.0,0.23076923076923078,0.14102564102564102,0.0,0.0
LAX-OKC,78,78,4.717948717948718,-7.5,0.1282051282051282,0.08974358974358974,0.0,0.01282051282051282
BWI-MCI,78,77,28.506493506493506,3.0,0.37662337662337664,0.2597402597402597,0.01282051282051282,0.0
ATL-SBN,78,77,25.2987012987013,-2.0,0.2727272727272727,0.23376623376623376,0.01282051282051282,0.0
DEN-RIW,78,77,10.25974025974026,-6.0,0.12987012987012986,0.1038961038961039,0.01282051282051282,0.0
DFW-BDL,78,75,16.24,4.0,0.32,0.21333333333333335,0.038461538461538464,0.0
XWA-MSP,78,77,4.181818181818182,-8.0,0.11688311688311688,0.1038961038961039,0.01282051282051282,0.0
MSP-BZN,78,78,14.884615384615385,-1.0,0.24358974358974358,0.16666666666666666,0.0,0.01282051282051282
BDL-DFW,78,78,23.371794871794872,-3.0,0.2692307692307692,0.21794871794871795,0.0,0.01282051282051282
ATL-HPN,78,78,8.794871794871796,-4.0,0.1794871794871795,0.15384615384615385,0.0,0.02564102564102564
CLT-PIA,78,75,13.186666666666667,-4.0,0.24,0.16,0.038461538461538464,0.01282051282051282
CLT-PWM,78,76,11.368421052631579,-3.0,0.15789473684210525,0.10526315789473684,0.02564102564102564,0.0
ORD-LSE,78,78,16.153846153846153,-2.0,0.20512820512820512,0.1282051282051282,0.0,0.0
SFB-TYS,78,78,17.153846153846153,-1.0,0.2564102564102564,0.16666666666666666,0.0,0.0
BTV-EWR,77,74,20.5,-3.5,0.24324324324324326,0.20270270270270271,0.03896103896103896,0.0
RDD-SFO,77,75,5.226666666666667,-8.0,0.18666666666666668,0.13333333333333333,0.025974025974025976,0.0
IAD-FLL,77,77,8.103896103896103,-2.0,0.11688311688311688,0.07792207792207792,0.0,0.0
SEA-FLL,77,76,1.9473684210526316,-2.0,0.11842105263157894,0.05263157894736842,0.012987012987012988,0.0
GSO-DCA,77,74,9.932432432432432,-5.0,0.22972972972972974,0.16216216216216217,0.03896103896103896,0.0
SEA-BWI,77,77,5.311688311688312,1.0,0.19480519480519481,0.06493506493506493,0.0,0.0
GCK-DFW,77,75,31.453333333333333,-4.0,0.25333333333333335,0.13333333333333333,0.025974025974025976,0.0
PHX-OGG,77,77,5.753246753246753,-3.0,0.11688311688311688,0.1038961038961039,0.0,0.0
MSP-GEG,77,76,2.960526315789474,-3.5,0.13157894736842105,0.10526315789473684,0.012987012987012988,0.0
DAL-LGB,77,77,12.896103896103897,3.0,0.33766233766233766,0.15584415584415584,0.0,0.0
DEN-RKS,77,77,18.48051948051948,-5.0,0.19480519480519481,0.11688311688311688,0.0,0.012987012987012988
LIH-OAK,77,76,3.776315789473684,-2.0,0.14473684210526316,0.02631578947368421,0.012987012987012988,0.0
CHS-IAD,77,77,6.324675324675325,-6.0,0.11688311688311688,0.09090909090909091,0.0,0.0
RSW-HPN,77,77,10.454545454545455,-6.0,0.2727272727272727,0.15584415584415584,0.0,0.025974025974025976
CHS-DEN,77,76,14.986842105263158,2.0,0.23684210526315788,0.13157894736842105,0.012987012987012988,0.05194805194805195
LAS-TUL,77,76,21.013157894736842,0.0,0.2631578947368421,0.21052631578947367,0.012987012987012988,0.0
SLC-RDM,77,77,-0.987012987012987,-4.0,0.07792207792207792,0.06493506493506493,0.0,0.012987012987012988
SYR-MCO,77,77,14.74025974025974,-1.0,0.3116883116883117,0.15584415584415584,0.0,0.012987012987012988
PHX-PIT,77,77,25.74025974025974,1.0,0.33766233766233766,0.2597402597402597,0.0,0.0
JAC-DFW,77,73,18.356164383561644,-3.0,0.2191780821917808,0.1506849315068493,0.05194805194805195,0.0
GEG-LAS,77,77,7.740259740259741,-1.0,0.22077922077922077,0.14285714285714285,0.0,0.0
TWF-SLC,77,77,-4.337662337662338,-4.0,0.025974025974025976,0.025974025974025976,0.0,0.0
CVG-TPA,77,75,7.333333333333333,-6.0,0.17333333333333334,0.08,0.025974025974025976,0.0
PSP-ORD,77,77,17.116883116883116,-5.0,0.18181818181818182,0.11688311688311688,0.0,0.012987012987012988
ORD-JAC,77,77,14.857142857142858,0.0,0.2077922077922078,0.15584415584415584,0.0,0.03896103896103896
BTR-CLT,77,76,10.789473684210526,-6.0,0.18421052631578946,0.14473684210526316,0.012987012987012988,0.0
ORF-MCO,77,76,15.118421052631579,0.5,0.25,0.17105263157894737,0.012987012987012988,0.012987012987012988
MSP-BOI,77,77,8.935064935064934,-4.0,0.22077922077922077,0.16883116883116883,0.0,0.0
MCO-BHM,77,76,18.855263157894736,3.0,0.32894736842105265,0.19736842105263158,0.012987012987012988,0.0
LAX-MRY,76,76,-1.013157894736842,-6.0,0.05263157894736842,0.039473684210526314,0.0,0.0
LAX-IND,76,75,19.786666666666665,-3.0,0.25333333333333335,0.16,0.013157894736842105,0.0
SNA-STS,76,76,7.2368421052631575,-4.0,0.17105263157894737,0.11842105263157894,0.0,0.0
DFW-CAE,76,75,11.28,-2.0,0.26666666666666666,0.18666666666666668,0.013157894736842105,0.0
ORD-ASE,76,72,21.73611111111111,1.0,0.2777777777777778,0.20833333333333334,0.05263157894736842,0.06578947368421052
PHX-XNA,76,76,7.697368421052632,-3.0,0.11842105263157894,0.09210526315789473,0.0,0.0
MSP-CLE,76,76,13.789473684210526,-3.5,0.21052631578947367,0.15789473684210525,0.0,0.0
LGA-RSW,76,74,13.18918918918919,-5.0,0.21621621621621623,0.16216216216216217,0.02631578947368421,0.0
MCO-SYR,76,76,7.868421052631579,-3.0,0.19736842105263158,0.14473684210526316,0.0,0.0
BIL-DFW,76,76,4.565789473684211,-6.0,0.14473684210526316,0.11842105263157894,0.0,0.0
BWI-SEA,76,75,9.106666666666667,2.0,0.24,0.13333333333333333,0.013157894736842105,0.0
HOU-JAN,76,76,16.25,2.0,0.2631578947368421,0.18421052631578946,0.0,0.0
MIA-CLE,76,75,13.76,-2.0,0.28,0.14666666666666667,0.013157894736842105,0.0
DSM-STL,76,73,6.1506849315068495,-4.0,0.1643835616438356,0.1095890410958904,0.039473684210526314,0.0
OMA-STL,76,76,-0.18421052631578946,-2.0,0.06578947368421052,0.02631578947368421,0.0,0.0
RIC-DTW,76,76,17.105263157894736,-2.0,0.25,0.15789473684210525,0.0,0.0
RNO-SEA,76,75,5.626666666666667,-1.0,0.18666666666666668,0.09333333333333334,0.013157894736842105,0.0
ORF-DEN,76,75,6.04,-2.0,0.16,0.08,0.013157894736842105,0.0
ILM-DCA,76,67,27.37313432835821,-4.0,0.373134328358209,0.34328358208955223,0.11842105263157894,0.013157894736842105
PNS-IAH,76,72,0.0,-7.0,0.09722222222222222,0.06944444444444445,0.05263157894736842,0.013157894736842105
DSM-LAS,76,76,17.11842105263158,0.0,0.2631578947368421,0.18421052631578946,0.0,0.0
RST-ORD,76,72,12.51388888888889,-6.5,0.20833333333333334,0.18055555555555555,0.05263157894736842,0.0
BZN-LAS,76,76,19.44736842105263,0.0,0.3026315789473684,0.17105263157894737,0.0,0.0
ORD-ROA,76,75,13.426666666666666,-3.0,0.2,0.14666666666666667,0.013157894736842105,0.0
IAD-LGA,76,69,18.492753623188406,-2.0,0.14492753623188406,0.11594202898550725,0.10526315789473684,0.0
BFL-SFO,76,76,0.0,-7.0,0.09210526315789473,0.05263157894736842,0.0,0.0
SFO-STL,76,75,19.36,4.0,0.3333333333333333,0.16,0.013157894736842105,0.013157894736842105
IAH-OMA,76,74,13.391891891891891,1.0,0.2702702702702703,0.1891891891891892,0.02631578947368421,0.0
CLE-MIA,76,76,7.5,-4.0,0.11842105263157894,0.07894736842105263,0.0,0.0
GCC-DEN,75,75,30.84,-8.0,0.25333333333333335,0.21333333333333335,0.0,0.0
RSW-CVG,75,74,21.87837837837838,-5.0,0.28378378378378377,0.20270270270270271,0.013333333333333334,0.0
PIT-RDU,75,74,-0.24324324324324326,-6.0,0.0945945945945946,0.05405405405405406,0.013333333333333334,0.0
TXK-DFW,75,72,6.416666666666667,-6.0,0.1527777777777778,0.1388888888888889,0.04,0.0
BIS-DFW,75,75,10.226666666666667,-4.0,0.17333333333333334,0.12,0.0,0.0
SAT-SEA,75,75,4.986666666666666,-4.0,0.14666666666666667,0.08,0.0,0.013333333333333334
DCA-MYR,75,74,2.081081081081081,-5.0,0.10810810810810811,0.08108108108108109,0.013333333333333334,0.0
RSW-IAH,75,75,5.72,-5.0,0.13333333333333333,0.13333333333333333,0.0,0.0
PHX-PSC,75,75,4.76,-4.0,0.14666666666666667,0.09333333333333334,0.0,0.0
STL-MKE,75,73,9.397260273972602,-2.0,0.2328767123287671,0.1506849315068493,0.02666666666666667,0.0
DFW-EVV,75,74,12.094594594594595,-3.0,0.21621621621621623,0.14864864864864866,0.013333333333333334,0.0
DFW-GGG,75,74,23.243243243243242,-3.5,0.21621621621621623,0.20270270270270271,0.013333333333333334,0.0
ANC-MSP,75,74,17.41891891891892,-3.0,0.13513513513513514,0.0945945945945946,0.013333333333333334,0.0
DFW-SPS,75,71,8.830985915492958,-4.0,0.19718309859154928,0.15492957746478872,0.05333333333333334,0.013333333333333334
PSP-LAS,75,75,6.0,-1.0,0.17333333333333334,0.12,0.0,0.0
PHL-MCI,75,72,13.194444444444445,-4.0,0.25,0.20833333333333334,0.04,0.0
MSP-GRB,75,75,10.906666666666666,-4.0,0.14666666666666667,0.09333333333333334,0.0,0.0
SMF-GEG,74,74,12.175675675675675,4.0,0.35135135135135137,0.13513513513513514,0.0,0.0
MQT-ORD,74,72,22.180555555555557,-4.0,0.2361111111111111,0.1527777777777778,0.02702702702702703,0.0
PDX-OGG,74,74,18.04054054054054,-3.0,0.16216216216216217,0.08108108108108109,0.0,0.0
COS-ATL,74,72,-0.7638888888888888,-4.0,0.08333333333333333,0.041666666666666664,0.02702702702702703,0.013513513513513514
JAX-IAH,74,73,3.8219178082191783,-6.0,0.1095890410958904,0.0684931506849315,0.013513513513513514,0.0
MEM-LAS,74,74,10.567567567567568,-1.0,0.24324324324324326,0.13513513513513514,0.0,0.0
BNA-VPS,74,73,3.0,-2.0,0.136986301369863,0.0273972602739726,0.013513513513513514,0.0
JAC-ORD,74,73,48.47945205479452,-1.0,0.273972602739726,0.2191780821917808,0.013513513513513514,0.013513513513513514
MHT-MCO,74,74,3.6621621621621623,-3.0,0.1891891891891892,0.08108108108108109,0.0,0.0
CLT-MDT,74,71,9.267605633802816,-3.0,0.2676056338028169,0.1267605633802817,0.04054054054054054,0.0
MEM-MSP,74,74,0.12162162162162163,-6.0,0.12162162162162163,0.0945945945945946,0.0,0.0
ORF-JFK,74,67,12.328358208955224,-6.0,0.14925373134328357,0.13432835820895522,0.0945945945945946,0.0
DEN-JAX,74,74,13.91891891891892,1.0,0.32432432432432434,0.1891891891891892,0.0,0.0
BNA-SAV,74,71,18.816901408450704,7.0,0.3380281690140845,0.18309859154929578,0.04054054054054054,0.0
LAS-OGG,74,74,9.256756756756756,0.0,0.20270270270270271,0.0945945945945946,0.0,0.0
DEN-SBP,74,74,21.864864864864863,0.5,0.2972972972972973,0.22972972972972974,0.0,0.0
HNL-PDX,74,73,7.575342465753424,2.0,0.1643835616438356,0.0684931506849315,0.013513513513513514,0.0
FLL-HPN,74,72,6.986111111111111,-3.0,0.20833333333333334,0.16666666666666666,0.02702702702702703,0.013513513513513514
KOA-SFO,74,73,20.73972602739726,-2.0,0.2054794520547945,0.136986301369863,0.013513513513513514,0.0
IAD-CHS,74,74,-3.3513513513513513,-5.0,0.04054054054054054,0.013513513513513514,0.0,0.0
RKS-DEN,74,73,15.493150684931507,-6.0,0.136986301369863,0.1095890410958904,0.013513513513513514,0.013513513513513514
OKC-SLC,74,74,-2.3513513513513513,-7.0,0.06756756756756757,0.04054054054054054,0.0,0.0
ORD-CWA,74,72,6.444444444444445,-3.0,0.18055555555555555,0.125,0.02702702702702703,0.0
AUS-HRL,74,73,12.808219178082192,-3.0,0.2191780821917808,0.136986301369863,0.013513513513513514,0.0
GRR-LGA,74,73,8.10958904109589,-4.0,0.2054794520547945,0.136986301369863,0.013513513513513514,0.0
OGG-PDX,74,73,13.780821917808218,4.0,0.3150684931506849,0.1917808219178082,0.02702702702702703,0.0
CHO-ORD,74,73,11.753424657534246,-5.0,0.1095890410958904,0.0821917808219178,0.013513513513513514,0.013513513513513514
RDM-DEN,73,72,12.847222222222221,-2.0,0.16666666666666666,0.125,0.0136986301369863,0.0
BWI-RIC,73,71,14.32394366197183,0.0,0.23943661971830985,0.11267605633802817,0.0273972602739726,0.0
PSP-PDX,73,72,-1.4444444444444444,-6.0,0.08333333333333333,0.041666666666666664,0.0136986301369863,0.0
PDX-PSP,73,73,6.876712328767123,-4.0,0.136986301369863,0.1232876712328767,0.0,0.0
BDL-FLL,73,72,14.875,-2.0,0.19444444444444445,0.16666666666666666,0.0136986301369863,0.0
MFE-IAH,73,71,12.929577464788732,-7.0,0.1267605633802817,0.08450704225352113,0.0273972602739726,0.0
RDU-PIT,73,73,1.2876712328767124,-6.0,0.136986301369863,0.0958904109589041,0.0,0.0
MFR-PHX,73,72,2.5694444444444446,-6.0,0.08333333333333333,0.06944444444444445,0.0136986301369863,0.0
MSP-BJI,73,73,5.931506849315069,-4.0,0.1232876712328767,0.0821917808219178,0.0,0.0136986301369863
CID-PHX,73,71,11.098591549295774,-5.0,0.15492957746478872,0.08450704225352113,0.0273972602739726,0.0
DFW-EGE,73,72,24.59722222222222,-0.5,0.3472222222222222,0.2638888888888889,0.0136986301369863,0.0136986301369863
DCA-GSO,73,70,12.314285714285715,-3.0,0.24285714285714285,0.15714285714285714,0.0410958904109589,0.0
RDU-LAS,73,73,10.178082191780822,4.0,0.2191780821917808,0.1232876712328767,0.0,0.0
GEG-PDX,73,73,-1.8082191780821917,-5.0,0.0821917808219178,0.0273972602739726,0.0,0.0
MDW-BDL,73,72,11.458333333333334,1.5,0.2777777777777778,0.1527777777777778,0.0136986301369863,0.0
SJC-BOI,73,73,-2.1780821917808217,-4.0,0.0547945205479452,0.0273972602739726,0.0,0.0
LEX-DTW,73,73,2.6986301369863015,-7.0,0.1232876712328767,0.0821917808219178,0.0,0.0
ORD-MQT,73,69,12.55072463768116,-2.0,0.2318840579710145,0.15942028985507245,0.0684931506849315,0.0
EWR-ORF,73,69,9.318840579710145,-4.0,0.17391304347826086,0.10144927536231885,0.0547945205479452,0.0
DEN-RIC,73,73,24.08219178082192,4.0,0.3013698630136986,0.1917808219178082,0.0,0.0136986301369863
DEN-RDM,72,71,22.070422535211268,0.0,0.28169014084507044,0.22535211267605634,0.013888888888888888,0.013888888888888888
EAU-ORD,72,71,30.633802816901408,-6.0,0.2112676056338028,0.16901408450704225,0.013888888888888888,0.0
ATL-PWM,72,70,15.228571428571428,-1.5,0.3,0.2,0.027777777777777776,0.0
BNA-MYR,72,72,12.916666666666666,0.0,0.20833333333333334,0.1111111111111111,0.0,0.013888888888888888
JAN-HOU,72,72,8.11111111111111,-3.0,0.2222222222222222,0.19444444444444445,0.0,0.0
ANC-BET,72,71,0.5492957746478874,-5.0,0.15492957746478872,0.07042253521126761,0.041666666666666664,0.0
MKE-BOS,72,72,12.180555555555555,-5.0,0.2361111111111111,0.18055555555555555,0.0,0.0
CLT-HSV,72,66,8.196969696969697,-5.0,0.16666666666666666,0.15151515151515152,0.08333333333333333,0.0
MIA-PIT,72,71,29.816901408450704,2.0,0.36619718309859156,0.28169014084507044,0.013888888888888888,0.0
ELP-ATL,72,72,4.0,-5.0,0.06944444444444445,0.06944444444444445,0.0,0.0
SLC-TWF,72,72,-2.3472222222222223,-5.0,0.06944444444444445,0.041666666666666664,0.0,0.0
TUL-STL,72,71,16.760563380281692,-2.0,0.18309859154929578,0.11267605633802817,0.013888888888888888,0.0
FLL-MSP,72,72,11.13888888888889,-2.0,0.18055555555555555,0.1388888888888889,0.0,0.0
DAL-SMF,72,71,8.859154929577464,1.0,0.28169014084507044,0.14084507042253522,0.013888888888888888,0.0
OGG-OAK,72,71,5.746478873239437,-3.0,0.18309859154929578,0.1267605633802817,0.013888888888888888,0.0
CVG-BWI,72,71,9.422535211267606,0.0,0.16901408450704225,0.09859154929577464,0.013888888888888888,0.0
HOU-MEM,72,70,14.185714285714285,6.0,0.3,0.14285714285714285,0.027777777777777776,0.0
EWR-BTV,72,69,0.2753623188405797,-5.0,0.14492753623188406,0.057971014492753624,0.041666666666666664,0.0
MYR-BNA,72,71,6.929577464788732,0.0,0.19718309859154928,0.09859154929577464,0.013888888888888888,0.0
DFW-GRI,72,66,20.09090909090909,-3.0,0.25757575757575757,0.16666666666666666,0.08333333333333333,0.0
SFO-PSC,72,71,13.704225352112676,-3.0,0.15492957746478872,0.11267605633802817,0.013888888888888888,0.0
OMA-IAH,72,71,2.507042253521127,-4.0,0.08450704225352113,0.056338028169014086,0.013888888888888888,0.0
ABR-MSP,72,71,10.211267605633802,-8.0,0.07042253521126761,0.07042253521126761,0.013888888888888888,0.0
SRQ-BNA,72,72,5.722222222222222,-2.0,0.1388888888888889,0.08333333333333333,0.0,0.013888888888888888
SAV-JFK,71,66,14.909090909090908,-2.0,0.25757575757575757,0.18181818181818182,0.07042253521126761,0.0
BZN-LAX,71,71,4.492957746478873,-6.0,0.16901408450704225,0.08450704225352113,0.0,0.0
MDW-CLT,71,70,20.271428571428572,4.0,0.2714285714285714,0.2,0.014084507042253521,0.0
BDL-MSP,71,70,7.728571428571429,-4.0,0.11428571428571428,0.08571428571428572,0.014084507042253521,0.014084507042253521
SEA-SAT,71,69,10.072463768115941,2.0,0.2463768115942029,0.15942028985507245,0.028169014084507043,0.028169014084507043
PHX-ICT,71,71,8.154929577464788,-4.0,0.23943661971830985,0.1267605633802817,0.0,0.0
DTW-SYR,71,70,8.32857142857143,-3.0,0.17142857142857143,0.12857142857142856,0.014084507042253521,0.0
DEN-SHR,71,70,18.314285714285713,-5.0,0.15714285714285714,0.12857142857142856,0.014084507042253521,0.0
STS-PHX,71,71,14.338028169014084,-3.0,0.2112676056338028,0.16901408450704225,0.0,0.0
SAT-MDW,71,70,8.342857142857143,-1.0,0.2,0.1,0.014084507042253521,0.028169014084507043
LGA-IAD,71,65,18.615384615384617,-4.0,0.2,0.15384615384615385,0.08450704225352113,0.0
OMA-DCA,71,70,4.042857142857143,-5.0,0.12857142857142856,0.1,0.014084507042253521,0.0
HPN-RSW,71,71,8.619718309859154,-8.0,0.18309859154929578,0.1267605633802817,0.0,0.0
ILM-DFW,71,71,3.788732394366197,-3.0,0.14084507042253522,0.1267605633802817,0.0,0.0
IAD-MSY,71,70,18.87142857142857,-3.5,0.18571428571428572,0.15714285714285714,0.014084507042253521,0.0
PHX-STS,71,71,3.1971830985915495,-4.0,0.1267605633802817,0.056338028169014086,0.0,0.014084507042253521
HNL-SLC,71,71,3.1690140845070425,-3.0,0.1267605633802817,0.056338028169014086,0.0,0.014084507042253521
DCA-LAS,71,70,19.47142857142857,4.5,0.4,0.2571428571428571,0.014084507042253521,0.0
JFK-ORF,71,68,0.4411764705882353,-6.0,0.11764705882352941,0.07352941176470588,0.04225352112676056,0.0
MDT-CLT,71,71,12.014084507042254,-6.0,0.11267605633802817,0.07042253521126761,0.0,0.0
DFW-SWO,71,70,17.771428571428572,-6.0,0.18571428571428572,0.15714285714285714,0.014084507042253521,0.0
HLN-SLC,71,71,-1.8591549295774648,-7.0,0.056338028169014086,0.04225352112676056,0.0,0.0
ICT-IAH,71,70,1.1285714285714286,-6.0,0.08571428571428572,0.05714285714285714,0.014084507042253521,0.0
STL-MSY,71,70,10.4,-0.5,0.17142857142857143,0.11428571428571428,0.014084507042253521,0.0
MDW-MEM,71,70,7.042857142857143,-1.0,0.15714285714285714,0.08571428571428572,0.014084507042253521,0.0
CMX-ORD,71,69,25.36231884057971,-7.0,0.2753623188405797,0.2463768115942029,0.028169014084507043,0.0
BOS-SRQ,71,69,10.159420289855072,-2.0,0.21739130434782608,0.13043478260869565,0.028169014084507043,0.0
DFW-BUR,71,71,21.633802816901408,6.0,0.36619718309859156,0.22535211267605634,0.0,0.0
LGA-XNA,71,70,19.614285714285714,-5.0,0.32857142857142857,0.22857142857142856,0.04225352112676056,0.028169014084507043
LGA-MKE,70,69,10.55072463768116,-5.0,0.17391304347826086,0.11594202898550725,0.04285714285714286,0.0
CVG-JFK,70,66,8.818181818181818,-4.0,0.16666666666666666,0.10606060606060606,0.05714285714285714,0.014285714285714285
LGB-RNO,70,69,10.782608695652174,-5.0,0.2463768115942029,0.18840579710144928,0.014285714285714285,0.0
PLN-DTW,70,67,0.3582089552238806,-10.0,0.14925373134328357,0.11940298507462686,0.04285714285714286,0.0
MFR-SLC,70,68,-1.75,-5.5,0.07352941176470588,0.04411764705882353,0.02857142857142857,0.0
BDL-MDW,70,70,13.82857142857143,-4.0,0.2,0.14285714285714285,0.0,0.014285714285714285
HOU-TUL,70,70,6.114285714285714,-2.0,0.17142857142857143,0.11428571428571428,0.0,0.0
DEN-LBL,70,70,26.685714285714287,-7.0,0.22857142857142856,0.14285714285714285,0.0,0.04285714285714286
DFW-AVL,70,68,10.617647058823529,-3.0,0.22058823529411764,0.16176470588235295,0.02857142857142857,0.0
DSM-CLT,70,70,24.885714285714286,-3.5,0.24285714285714285,0.21428571428571427,0.0,0.0
PIT-PHX,70,70,5.685714285714286,0.0,0.2,0.05714285714285714,0.0,0.0
SAV-MIA,70,64,21.515625,-4.0,0.203125,0.109375,0.08571428571428572,0.0
ORD-PSP,70,69,9.44927536231884,-1.0,0.2608695652173913,0.15942028985507245,0.014285714285714285,0.0
IAH-STL,70,70,22.357142857142858,-1.0,0.2857142857142857,0.2571428571428571,0.0,0.02857142857142857
SFO-TPA,70,70,6.614285714285714,-5.0,0.07142857142857142,0.07142857142857142,0.0,0.0
RDU-LAX,70,70,2.6285714285714286,-4.0,0.12857142857142856,0.08571428571428572,0.0,0.0
CLE-SFO,70,70,12.614285714285714,-4.0,0.15714285714285714,0.1,0.0,0.0
MRY-SAN,70,69,1.1159420289855073,-6.0,0.11594202898550725,0.08695652173913043,0.014285714285714285,0.0
IND-IAH,70,69,8.420289855072463,-3.0,0.17391304347826086,0.10144927536231885,0.014285714285714285,0.0
MDW-ALB,70,70,15.928571428571429,1.5,0.3142857142857143,0.17142857142857143,0.0,0.0
SHV-CLT,70,67,12.73134328358209,-5.0,0.1791044776119403,0.11940298507462686,0.04285714285714286,0.0
MCO-SAN,70,70,8.585714285714285,1.0,0.2857142857142857,0.14285714285714285,0.0,0.0
ORD-CMX,70,68,23.75,-2.0,0.27941176470588236,0.19117647058823528,0.02857142857142857,0.0
DTW-SBN,70,70,18.37142857142857,-3.0,0.2571428571428571,0.18571428571428572,0.0,0.0
SAN-SBP,70,68,17.720588235294116,1.0,0.3382352941176471,0.23529411764705882,0.04285714285714286,0.0
RIC-BWI,70,70,13.585714285714285,1.0,0.2714285714285714,0.11428571428571428,0.0,0.0
MEM-MDW,70,70,3.2142857142857144,-0.5,0.08571428571428572,0.04285714285714286,0.0,0.0
DEN-GTF,70,70,9.857142857142858,-1.0,0.14285714285714285,0.08571428571428572,0.0,0.0
DFW-CMI,69,69,15.623188405797102,-1.0,0.2608695652173913,0.14492753623188406,0.0,0.0
BOS-PDX,69,67,8.08955223880597,-4.0,0.22388059701492538,0.13432835820895522,0.028985507246376812,0.0
SAN-ABQ,69,69,11.971014492753623,-1.0,0.3188405797101449,0.15942028985507245,0.0,0.0
BOS-MKE,69,67,7.3283582089552235,-5.0,0.19402985074626866,0.13432835820895522,0.028985507246376812,0.0
SFO-BFL,69,69,15.985507246376812,-4.0,0.2028985507246377,0.10144927536231885,0.0,0.0
DFW-SGU,69,69,7.202898550724638,-3.0,0.17391304347826086,0.11594202898550725,0.0,0.0
MSP-PIT,69,69,7.942028985507246,-3.0,0.17391304347826086,0.10144927536231885,0.0,0.0
HNL-DEN,69,69,6.782608695652174,-2.0,0.2318840579710145,0.10144927536231885,0.0,0.0
BWI-GSP,69,68,11.955882352941176,0.0,0.19117647058823528,0.1323529411764706,0.014492753623188406,0.014492753623188406
AUS-RDU,69,69,9.507246376811594,-2.0,0.2028985507246377,0.11594202898550725,0.0,0.0
CLT-BTR,69,67,13.029850746268657,-1.0,0.2835820895522388,0.16417910447761194,0.028985507246376812,0.0
MCO-SDF,69,68,12.75,-2.0,0.22058823529411764,0.1323529411764706,0.014492753623188406,0.028985507246376812
EUG-SLC,69,69,-0.37681159420289856,-6.0,0.07246376811594203,0.057971014492753624,0.0,0.0
CMH-STL,69,69,10.27536231884058,-3.0,0.18840579710144928,0.11594202898550725,0.0,0.0
FLL-IAD,69,69,3.9855072463768115,-4.0,0.08695652173913043,0.043478260869565216,0.0,0.0
CVG-LAS,69,68,25.691176470588236,-2.0,0.3088235294117647,0.22058823529411764,0.014492753623188406,0.0
VCT-IAH,69,67,26.17910447761194,-8.0,0.19402985074626866,0.16417910447761194,0.028985507246376812,0.0
SFO-LIH,69,69,-0.43478260869565216,-3.0,0.07246376811594203,0.028985507246376812,0.0,0.0
MSP-CVG,69,69,19.10144927536232,-4.0,0.2608695652173913,0.2028985507246377,0.0,0.0
BOI-MSP,69,68,7.529411764705882,-5.0,0.14705882352941177,0.11764705882352941,0.014492753623188406,0.0
TRI-DFW,69,68,13.132352941176471,-2.0,0.25,0.19117647058823528,0.014492753623188406,0.0
GSP-MIA,69,69,7.579710144927536,-1.0,0.2608695652173913,0.11594202898550725,0.0,0.0
SMF-HNL,69,69,16.869565217391305,1.0,0.18840579710144928,0.11594202898550725,0.0,0.0
ORD-BHM,69,68,4.794117647058823,-2.0,0.19117647058823528,0.08823529411764706,0.014492753623188406,0.0
PWM-CLT,69,69,2.6231884057971016,-5.0,0.17391304347826086,0.08695652173913043,0.0,0.014492753623188406
MDW-MIA,69,69,9.898550724637682,-1.0,0.21739130434782608,0.08695652173913043,0.0,0.0
SAT-STL,69,69,8.681159420289855,0.0,0.17391304347826086,0.11594202898550725,0.0,0.0
CHS-JFK,69,67,26.432835820895523,1.0,0.3283582089552239,0.2537313432835821,0.028985507246376812,0.0
BMI-ORD,69,69,2.608695652173913,-7.0,0.08695652173913043,0.08695652173913043,0.0,0.0
MSY-PHX,69,69,24.6231884057971,0.0,0.2463768115942029,0.15942028985507245,0.0,0.0
DEN-AMA,69,67,15.865671641791044,-2.0,0.26865671641791045,0.19402985074626866,0.028985507246376812,0.0
MYR-LGA,69,68,23.11764705882353,-3.5,0.29411764705882354,0.23529411764705882,0.014492753623188406,0.0
BET-ANC,69,66,9.757575757575758,-1.0,0.25757575757575757,0.19696969696969696,0.043478260869565216,0.0
SLC-HLN,69,68,1.7647058823529411,-4.0,0.04411764705882353,0.014705882352941176,0.014492753623188406,0.0
OMA-SLC,69,68,0.6029411764705882,-6.0,0.058823529411764705,0.029411764705882353,0.014492753623188406,0.0
PVD-TPA,69,69,15.898550724637682,0.0,0.2318840579710145,0.11594202898550725,0.0,0.0
BFF-DEN,68,67,39.298507462686565,-10.0,0.2537313432835821,0.19402985074626866,0.014705882352941176,0.0
SAT-SAN,68,68,14.691176470588236,-2.0,0.29411764705882354,0.20588235294117646,0.0,0.0
MSP-HIB,68,66,5.606060606060606,-5.0,0.15151515151515152,0.07575757575757576,0.029411764705882353,0.014705882352941176
PIE-AVL,68,68,-0.38235294117647056,-7.0,0.17647058823529413,0.08823529411764706,0.0,0.0
SLC-COS,68,68,8.470588235294118,-4.0,0.20588235294117646,0.08823529411764706,0.0,0.0
MDW-SMF,68,68,9.779411764705882,0.0,0.20588235294117646,0.11764705882352941,0.0,0.0
PDX-BOS,68,68,8.397058823529411,-0.5,0.20588235294117646,0.08823529411764706,0.0,0.0
MIA-MDW,68,66,10.287878787878787,-0.5,0.22727272727272727,0.19696969696969696,0.029411764705882353,0.0
SHR-DEN,68,66,26.454545454545453,-6.0,0.24242424242424243,0.21212121212121213,0.029411764705882353,0.0
TYS-LGA,68,66,18.28787878787879,-7.0,0.21212121212121213,0.12121212121212122,0.029411764705882353,0.0
SFO-MRY,68,68,27.191176470588236,-2.0,0.2647058823529412,0.19117647058823528,0.014705882352941176,0.014705882352941176
SAN-MIA,68,68,17.455882352941178,-1.0,0.11764705882352941,0.08823529411764706,0.0,0.014705882352941176
MSY-SEA,68,68,8.926470588235293,-1.5,0.23529411764705882,0.11764705882352941,0.0,0.0
PIT-MIA,68,67,35.64179104477612,-2.0,0.3283582089552239,0.2835820895522388,0.014705882352941176,0.0
MSP-BRD,68,68,2.3676470588235294,-5.0,0.10294117647058823,0.058823529411764705,0.0,0.014705882352941176
SAT-IAD,68,68,9.308823529411764,-5.0,0.08823529411764706,0.07352941176470588,0.0,0.0
ORD-AVP,68,66,13.803030303030303,-0.5,0.36363636363636365,0.16666666666666666,0.029411764705882353,0.0
DFW-BIL,68,67,6.611940298507463,-2.0,0.2835820895522388,0.1044776119402985,0.014705882352941176,0.0
HSV-DEN,68,68,13.720588235294118,-4.0,0.19117647058823528,0.17647058823529413,0.0,0.0
LAS-RDU,68,68,7.617647058823529,-0.5,0.29411764705882354,0.11764705882352941,0.0,0.0
SIT-JNU,68,68,2.4411764705882355,-8.5,0.22058823529411764,0.1323529411764706,0.0,0.0
ECP-DAL,68,68,11.397058823529411,-3.0,0.19117647058823528,0.08823529411764706,0.0,0.014705882352941176
GRR-DCA,68,59,25.54237288135593,-4.0,0.2711864406779661,0.2033898305084746,0.1323529411764706,0.014705882352941176
DDC-DEN,68,67,34.71641791044776,-10.0,0.1791044776119403,0.16417910447761194,0.014705882352941176,0.0
IAD-SAT,68,68,7.720588235294118,-3.0,0.11764705882352941,0.08823529411764706,0.0,0.0
SDF-BOS,68,68,14.264705882352942,-4.0,0.3088235294117647,0.23529411764705882,0.0,0.0
SFO-CLE,67,66,-1.9242424242424243,-6.0,0.07575757575757576,0.045454545454545456,0.014925373134328358,0.014925373134328358
ORD-FOD,67,66,8.393939393939394,-5.5,0.13636363636363635,0.12121212121212122,0.04477611940298507,0.0
LGB-HNL,67,66,3.984848484848485,-2.0,0.13636363636363635,0.07575757575757576,0.014925373134328358,0.0
SLC-DAL,67,66,8.469696969696969,3.5,0.19696969696969696,0.06060606060606061,0.014925373134328358,0.014925373134328358
RNO-LGB,67,67,5.597014925373134,-4.0,0.19402985074626866,0.05970149253731343,0.0,0.0
DEN-EAR,67,66,8.181818181818182,-4.0,0.18181818181818182,0.13636363636363635,0.014925373134328358,0.0
DEN-GCC,67,64,5.140625,-5.0,0.15625,0.09375,0.04477611940298507,0.0
HOU-LGB,67,67,6.17910447761194,0.0,0.22388059701492538,0.07462686567164178,0.0,0.0
DFW-GEG,67,66,25.636363636363637,5.0,0.36363636363636365,0.24242424242424243,0.014925373134328358,0.0
DTW-RIC,67,67,25.955223880597014,-2.0,0.2835820895522388,0.2537313432835821,0.0,0.0
PAE-PHX,67,67,12.26865671641791,-6.0,0.11940298507462686,0.07462686567164178,0.0,0.029850746268656716
PDX-ONT,67,65,3.7384615384615385,-5.0,0.13846153846153847,0.09230769230769231,0.029850746268656716,0.0
GGG-DFW,67,66,36.15151515151515,-2.5,0.2727272727272727,0.22727272727272727,0.029850746268656716,0.0
SUN-DEN,67,67,8.91044776119403,-7.0,0.1044776119402985,0.08955223880597014,0.0,0.0
LAX-SBA,67,67,8.238805970149254,-4.0,0.13432835820895522,0.07462686567164178,0.0,0.0
ABE-SFB,67,67,5.7164179104477615,-6.0,0.19402985074626866,0.16417910447761194,0.0,0.014925373134328358
OGG-LAS,67,66,7.318181818181818,-3.5,0.15151515151515152,0.06060606060606061,0.014925373134328358,0.0
PVD-DTW,67,67,15.208955223880597,-4.0,0.22388059701492538,0.14925373134328357,0.0,0.014925373134328358
SFO-PIT,67,67,0.6567164179104478,-4.0,0.07462686567164178,0.04477611940298507,0.0,0.0
EAR-DEN,67,67,8.611940298507463,-6.0,0.07462686567164178,0.07462686567164178,0.0,0.014925373134328358
LAX-STS,67,65,3.9846153846153847,-6.0,0.15384615384615385,0.09230769230769231,0.04477611940298507,0.014925373134328358
MEM-PHL,67,66,12.272727272727273,-5.0,0.16666666666666666,0.10606060606060606,0.014925373134328358,0.0
DTW-APN,67,65,2.9692307692307693,-5.0,0.06153846153846154,0.03076923076923077,0.04477611940298507,0.0
BNA-SRQ,67,67,10.895522388059701,-1.0,0.208955223880597,0.11940298507462686,0.0,0.0
BUF-DEN,67,67,12.522388059701493,-1.0,0.22388059701492538,0.14925373134328357,0.0,0.0
PSC-PHX,67,67,4.537313432835821,-7.0,0.07462686567164178,0.05970149253731343,0.0,0.0
SBA-LAX,67,66,-0.8939393939393939,-7.0,0.045454545454545456,0.045454545454545456,0.014925373134328358,0.0
LGA-GRR,67,64,2.34375,-4.0,0.21875,0.0625,0.04477611940298507,0.0
HNL-LGB,67,67,4.313432835820896,-1.0,0.13432835820895522,0.05970149253731343,0.014925373134328358,0.0
ICT-PHX,67,67,11.671641791044776,-5.0,0.11940298507462686,0.08955223880597014,0.0,0.0
DEN-ORF,67,67,18.29850746268657,7.0,0.34328358208955223,0.22388059701492538,0.0,0.0
JAX-IAD,67,67,26.134328358208954,-5.0,0.208955223880597,0.16417910447761194,0.0,0.0
DEN-CHS,67,67,8.91044776119403,1.0,0.19402985074626866,0.08955223880597014,0.0,0.0
ORD-ANC,67,67,9.104477611940299,-1.0,0.22388059701492538,0.1044776119402985,0.0,0.014925373134328358
MEI-IAH,67,65,15.507692307692308,-9.0,0.18461538461538463,0.13846153846153847,0.029850746268656716,0.0
LIT-STL,67,67,9.537313432835822,-2.0,0.26865671641791045,0.11940298507462686,0.0,0.0
HNL-SMF,67,67,14.432835820895523,-1.0,0.14925373134328357,0.07462686567164178,0.0,0.0
ORF-EWR,67,63,20.174603174603174,-3.0,0.2698412698412698,0.19047619047619047,0.05970149253731343,0.0
PIT-IAH,67,67,12.26865671641791,-3.0,0.19402985074626866,0.14925373134328357,0.0,0.0
MIA-GSO,67,67,8.611940298507463,-3.0,0.14925373134328357,0.1044776119402985,0.0,0.0
BOS-SDF,67,67,4.134328358208955,-6.0,0.11940298507462686,0.07462686567164178,0.0,0.014925373134328358
IAH-PIT,67,67,14.671641791044776,-1.0,0.29850746268656714,0.23880597014925373,0.0,0.0
DEN-LBF,66,65,13.723076923076922,-6.0,0.15384615384615385,0.1076923076923077,0.015151515151515152,0.015151515151515152
DCA-DSM,66,65,36.52307692307692,-3.0,0.24615384615384617,0.23076923076923078,0.015151515151515152,0.0
MRY-DEN,66,66,0.2727272727272727,-7.0,0.06060606060606061,0.015151515151515152,0.0,0.0
BMI-DFW,66,64,-0.015625,-7.0,0.09375,0.078125,0.030303030303030304,0.015151515151515152
DAL-SJC,66,66,18.196969696969695,1.0,0.25757575757575757,0.15151515151515152,0.0,0.0
STL-CLE,66,64,16.34375,0.5,0.3125,0.203125,0.030303030303030304,0.0
DEN-HSV,66,66,14.878787878787879,-3.5,0.19696969696969696,0.18181818181818182,0.0,0.0
IAD-SJU,66,66,19.045454545454547,-1.0,0.25757575757575757,0.15151515151515152,0.0,0.0
RSW-CMH,66,66,13.666666666666666,-1.0,0.21212121212121213,0.12121212121212122,0.0,0.0
DFW-ILM,66,66,10.56060606060606,-3.0,0.16666666666666666,0.12121212121212122,0.0,0.0
FLL-ALB,66,65,19.123076923076923,5.0,0.3230769230769231,0.2153846153846154,0.015151515151515152,0.0
GEG-DFW,66,65,23.184615384615384,-5.0,0.18461538461538463,0.15384615384615385,0.015151515151515152,0.045454545454545456
IAH-SMF,66,66,12.530303030303031,0.0,0.25757575757575757,0.19696969696969696,0.0,0.0
EWR-GSP,66,63,20.96825396825397,-5.0,0.2222222222222222,0.20634920634920634,0.045454545454545456,0.0
CLE-LAX,66,66,-1.3181818181818181,-5.5,0.06060606060606061,0.030303030303030304,0.0,0.0
ORD-CHA,66,66,14.454545454545455,-3.0,0.21212121212121213,0.19696969696969696,0.0,0.0
AVL-DFW,66,63,46.3968253968254,-3.0,0.25396825396825395,0.20634920634920634,0.045454545454545456,0.0
STX-MIA,66,66,35.10606060606061,-6.0,0.24242424242424243,0.16666666666666666,0.0,0.0
DTW-FWA,66,66,28.015151515151516,-1.5,0.3181818181818182,0.30303030303030304,0.0,0.0
SLC-PIH,66,65,10.907692307692308,-5.0,0.1076923076923077,0.07692307692307693,0.015151515151515152,0.0
MIA-GSP,66,66,3.515151515151515,-3.0,0.13636363636363635,0.09090909090909091,0.0,0.0
DFW-TRI,66,66,5.590909090909091,-3.0,0.18181818181818182,0.10606060606060606,0.0,0.015151515151515152
MSY-IAD,66,64,5.703125,-6.0,0.15625,0.09375,0.030303030303030304,0.0
ORD-BMI,66,64,8.671875,-2.0,0.171875,0.09375,0.030303030303030304,0.0
SAV-DTW,66,66,11.621212121212121,-1.0,0.2727272727272727,0.13636363636363635,0.0,0.0
BUF-MDW,66,66,7.984848484848484,0.0,0.19696969696969696,0.13636363636363635,0.0,0.0
SFO-IND,66,65,8.584615384615384,-4.0,0.16923076923076924,0.12307692307692308,0.030303030303030304,0.0
AZO-ORD,65,58,2.793103448275862,-6.5,0.1206896551724138,0.10344827586206896,0.1076923076923077,0.0
STL-CMH,65,64,12.453125,-3.0,0.203125,0.140625,0.015384615384615385,0.0
DEN-BFL,65,65,14.523076923076923,-1.0,0.26153846153846155,0.2153846153846154,0.0,0.0
RDU-AUS,65,65,4.230769230769231,-2.0,0.16923076923076924,0.07692307692307693,0.0,0.0
JFK-CLE,65,62,-1.6129032258064515,-6.5,0.0967741935483871,0.06451612903225806,0.046153846153846156,0.0
IAH-PIB,65,64,32.546875,-3.0,0.328125,0.265625,0.015384615384615385,0.015384615384615385
DAL-SLC,65,65,17.46153846153846,6.0,0.3076923076923077,0.15384615384615385,0.0,0.0
PSC-SFO,65,65,0.7692307692307693,-8.0,0.07692307692307693,0.046153846153846156,0.0,0.0
PHX-RDU,65,65,6.538461538461538,1.0,0.16923076923076924,0.07692307692307693,0.0,0.0
MGM-ATL,65,64,34.78125,-3.0,0.234375,0.21875,0.015384615384615385,0.0
DCA-OKC,65,64,15.15625,-1.0,0.28125,0.203125,0.015384615384615385,0.0
GTF-DEN,65,64,12.265625,-5.0,0.171875,0.171875,0.015384615384615385,0.0
XNA-PHX,65,65,7.553846153846154,-2.0,0.23076923076923078,0.09230769230769231,0.0,0.0
MKE-STL,65,65,3.0307692307692307,-4.0,0.13846153846153847,0.07692307692307693,0.0,0.0
CMH-RSW,65,64,9.90625,-1.5,0.25,0.140625,0.015384615384615385,0.015384615384615385
MSP-MEM,64,64,4.546875,-4.0,0.140625,0.09375,0.0,0.0
PHX-RDM,64,64,4.734375,-2.0,0.15625,0.09375,0.0,0.0
CVG-PHX,64,63,10.317460317460318,-2.0,0.15873015873015872,0.14285714285714285,0.015625,0.0
DEN-CYS,64,64,28.71875,-4.0,0.1875,0.15625,0.0,0.015625
DFW-GNV,64,63,11.571428571428571,-2.0,0.30158730158730157,0.14285714285714285,0.015625,0.015625
DFW-BMI,64,64,7.078125,-4.0,0.203125,0.125,0.0,0.0
EWR-ROC,64,60,7.683333333333334,-5.0,0.13333333333333333,0.1,0.0625,0.0
OAK-PSP,64,64,8.234375,-1.5,0.21875,0.109375,0.0,0.015625
HYS-DEN,64,61,18.16393442622951,-7.0,0.21311475409836064,0.21311475409836064,0.046875,0.0
STL-JAX,64,64,4.734375,-1.0,0.15625,0.078125,0.0,0.0
MIA-MEM,64,63,30.523809523809526,8.0,0.4603174603174603,0.4126984126984127,0.015625,0.0
BUF-FLL,64,63,7.507936507936508,-4.0,0.14285714285714285,0.1111111111111111,0.015625,0.0
CLT-MDW,64,63,23.238095238095237,3.0,0.3333333333333333,0.2698412698412698,0.015625,0.015625
SLC-PHL,64,63,1.8412698412698412,-5.0,0.12698412698412698,0.047619047619047616,0.015625,0.0
DCA-GRR,64,62,30.451612903225808,0.5,0.3387096774193548,0.24193548387096775,0.03125,0.0
DIK-DEN,64,62,11.32258064516129,-9.0,0.24193548387096775,0.1935483870967742,0.03125,0.0
SEA-MKE,64,64,6.015625,-1.5,0.21875,0.09375,0.0,0.0
DEN-PSC,64,64,18.984375,-1.0,0.171875,0.140625,0.0,0.0
MSP-SNA,64,63,30.682539682539684,0.0,0.2857142857142857,0.20634920634920634,0.015625,0.015625
STS-SAN,64,64,6.484375,-3.0,0.203125,0.109375,0.0,0.0
BOS-MYR,64,62,9.564516129032258,-5.0,0.1935483870967742,0.11290322580645161,0.03125,0.015625
BHM-ORD,64,64,11.953125,-4.0,0.1875,0.140625,0.0,0.0
HNL-DFW,64,63,37.76190476190476,-1.0,0.15873015873015872,0.09523809523809523,0.015625,0.015625
SAV-LGA,64,62,20.35483870967742,-4.5,0.22580645161290322,0.14516129032258066,0.03125,0.0
DAL-IND,64,61,19.704918032786885,4.0,0.29508196721311475,0.22950819672131148,0.046875,0.0
DEN-ANC,63,62,11.112903225806452,3.0,0.25806451612903225,0.0967741935483871,0.015873015873015872,0.031746031746031744
SJU-IAD,63,63,0.7142857142857143,-4.0,0.1111111111111111,0.047619047619047616,0.0,0.0
IAH-CMH,63,63,17.571428571428573,-2.0,0.30158730158730157,0.20634920634920634,0.0,0.0
BWI-CVG,63,62,8.629032258064516,-0.5,0.1935483870967742,0.0967741935483871,0.015873015873015872,0.0
TPA-SFO,63,63,12.952380952380953,-2.0,0.14285714285714285,0.09523809523809523,0.0,0.0
PWM-DTW,63,63,23.936507936507937,-1.0,0.31746031746031744,0.19047619047619047,0.0,0.0
PHX-CVG,63,62,21.403225806451612,-3.5,0.20967741935483872,0.16129032258064516,0.015873015873015872,0.0
SRQ-LGA,63,61,50.08196721311475,-3.0,0.2786885245901639,0.22950819672131148,0.031746031746031744,0.0
GSP-BWI,63,62,4.370967741935484,-2.5,0.1774193548387097,0.08064516129032258,0.015873015873015872,0.0
LGA-SRQ,63,61,17.65573770491803,-5.0,0.16393442622950818,0.13114754098360656,0.031746031746031744,0.0
PVD-PHL,63,60,2.7666666666666666,-7.0,0.15,0.1,0.047619047619047616,0.0
DEN-SUN,63,63,18.984126984126984,-2.0,0.15873015873015872,0.1111111111111111,0.0,0.0
PDX-MDW,63,63,6.841269841269841,1.0,0.1111111111111111,0.07936507936507936,0.0,0.015873015873015872
SMF-DAL,63,63,11.238095238095237,1.0,0.20634920634920634,0.09523809523809523,0.0,0.015873015873015872
ORD-MCW,63,61,16.770491803278688,-4.0,0.3114754098360656,0.22950819672131148,0.031746031746031744,0.0
MSP-SDF,63,63,8.73015873015873,-3.0,0.15873015873015872,0.12698412698412698,0.0,0.015873015873015872
DFW-MTJ,63,62,15.451612903225806,-0.5,0.27419354838709675,0.16129032258064516,0.031746031746031744,0.0
CMH-IAH,63,62,35.08064516129032,9.0,0.3870967741935484,0.25806451612903225,0.015873015873015872,0.0
DEN-HYS,63,63,24.26984126984127,-5.0,0.23809523809523808,0.2222222222222222,0.0,0.0
MEM-MIA,63,63,24.142857142857142,-4.0,0.20634920634920634,0.12698412698412698,0.0,0.0
ORF-MDW,63,62,17.983870967741936,1.0,0.2903225806451613,0.1935483870967742,0.015873015873015872,0.0
STL-TUL,63,63,14.65079365079365,1.0,0.25396825396825395,0.1746031746031746,0.0,0.0
CMI-DFW,63,63,10.619047619047619,-4.0,0.1746031746031746,0.12698412698412698,0.0,0.0
MDW-ORF,63,62,11.64516129032258,1.0,0.20967741935483872,0.1774193548387097,0.015873015873015872,0.0
DSM-DCA,63,57,-1.368421052631579,-7.0,0.14035087719298245,0.017543859649122806,0.1111111111111111,0.015873015873015872
JFK-CVG,63,62,-3.274193548387097,-6.0,0.06451612903225806,0.03225806451612903,0.015873015873015872,0.0
SRQ-BOS,63,63,53.53968253968254,-2.0,0.30158730158730157,0.25396825396825395,0.0,0.0
DFW-BPT,63,62,25.693548387096776,-4.5,0.24193548387096775,0.14516129032258066,0.015873015873015872,0.0
FLL-AVL,63,63,25.238095238095237,-1.0,0.4126984126984127,0.3333333333333333,0.0,0.0
OKC-DCA,63,61,50.622950819672134,0.0,0.36065573770491804,0.3114754098360656,0.031746031746031744,0.0
CDC-SLC,63,63,-5.015873015873016,-9.0,0.031746031746031744,0.031746031746031744,0.0,0.0
RIC-DEN,63,63,17.746031746031747,1.0,0.31746031746031744,0.14285714285714285,0.0,0.031746031746031744
LAS-MEM,63,63,11.587301587301587,5.0,0.23809523809523808,0.09523809523809523,0.0,0.0
SAV-BNA,63,62,20.032258064516128,1.0,0.25806451612903225,0.1935483870967742,0.015873015873015872,0.0
ASE-ATL,62,60,67.81666666666666,2.0,0.35,0.35,0.03225806451612903,0.0
STL-RDU,62,62,10.580645161290322,-2.0,0.14516129032258066,0.08064516129032258,0.0,0.0
LGB-AUS,62,62,6.032258064516129,-1.0,0.1935483870967742,0.12903225806451613,0.0,0.0
STL-IAH,62,61,10.737704918032787,-5.0,0.16393442622950818,0.11475409836065574,0.016129032258064516,0.0
MIA-STX,62,62,20.403225806451612,5.0,0.3225806451612903,0.22580645161290322,0.0,0.016129032258064516
AUS-SMF,62,62,14.225806451612904,1.0,0.3548387096774194,0.1935483870967742,0.0,0.0
LIH-SFO,62,62,0.4032258064516129,-4.0,0.14516129032258066,0.03225806451612903,0.0,0.0
MSP-GFK,62,62,19.096774193548388,-3.0,0.1774193548387097,0.11290322580645161,0.0,0.0
OKC-STL,62,60,5.166666666666667,-1.0,0.18333333333333332,0.06666666666666667,0.03225806451612903,0.0
MCI-MIA,62,60,2.0166666666666666,-4.0,0.11666666666666667,0.08333333333333333,0.03225806451612903,0.03225806451612903
MEM-PHX,62,62,14.258064516129032,-0.5,0.1774193548387097,0.16129032258064516,0.0,0.0
BGR-ORD,62,62,28.20967741935484,-5.0,0.1935483870967742,0.16129032258064516,0.0,0.0
LGA-MYR,62,62,15.338709677419354,-4.0,0.24193548387096775,0.12903225806451613,0.0,0.0
LBL-DEN,62,59,14.0,-9.0,0.2542372881355932,0.1864406779661017,0.04838709677419355,0.0
ATL-ELP,62,62,6.225806451612903,-4.0,0.12903225806451613,0.11290322580645161,0.0,0.0
TUS-ATL,62,61,20.672131147540984,-4.0,0.11475409836065574,0.08196721311475409,0.016129032258064516,0.0
MDW-BHM,62,62,14.35483870967742,0.5,0.3064516129032258,0.16129032258064516,0.0,0.0
SWO-DFW,62,60,16.4,-7.0,0.25,0.21666666666666667,0.03225806451612903,0.0
MSP-FCA,62,62,8.774193548387096,-3.0,0.22580645161290322,0.16129032258064516,0.0,0.0
SAN-STL,62,62,12.709677419354838,2.5,0.27419354838709675,0.16129032258064516,0.0,0.0
IAD-SLC,62,62,14.935483870967742,-1.0,0.12903225806451613,0.0967741935483871,0.0,0.016129032258064516
SLC-CDC,62,62,3.2096774193548385,-6.0,0.0967741935483871,0.06451612903225806,0.0,0.0
GRB-DTW,62,61,9.032786885245901,-8.0,0.13114754098360656,0.09836065573770492,0.016129032258064516,0.0
EYW-DCA,62,62,15.46774193548387,-2.0,0.1935483870967742,0.0967741935483871,0.0,0.016129032258064516
DFW-HNL,62,62,47.145161290322584,0.5,0.3064516129032258,0.1935483870967742,0.0,0.0
SEA-ABQ,62,61,21.40983606557377,5.0,0.29508196721311475,0.2459016393442623,0.016129032258064516,0.0
EYW-PHL,62,60,19.616666666666667,5.0,0.35,0.23333333333333334,0.03225806451612903,0.016129032258064516
DCA-OMA,62,61,8.39344262295082,-5.0,0.21311475409836064,0.11475409836065574,0.016129032258064516,0.0
PHX-CLD,62,62,1.6451612903225807,-4.0,0.11290322580645161,0.06451612903225806,0.0,0.0
SLC-MFR,62,62,1.8870967741935485,-5.0,0.11290322580645161,0.04838709677419355,0.0,0.0
RSW-PIT,62,62,12.67741935483871,-1.5,0.22580645161290322,0.14516129032258066,0.0,0.0
IAH-VCT,62,60,6.516666666666667,-6.0,0.18333333333333332,0.13333333333333333,0.03225806451612903,0.0
JFK-SAV,62,62,7.274193548387097,-6.0,0.1935483870967742,0.11290322580645161,0.0,0.016129032258064516
DTW-GRB,62,59,13.576271186440678,-3.0,0.22033898305084745,0.13559322033898305,0.04838709677419355,0.0
DTW-PVD,62,60,7.766666666666667,-4.5,0.16666666666666666,0.11666666666666667,0.03225806451612903,0.0
ORF-IAD,61,59,10.847457627118644,-4.0,0.11864406779661017,0.11864406779661017,0.03278688524590164,0.0
SMF-IAH,61,60,-0.9666666666666667,-5.0,0.05,0.05,0.01639344262295082,0.0
TRI-ATL,61,61,13.524590163934427,-3.0,0.19672131147540983,0.18032786885245902,0.0,0.0
FLL-DAL,61,59,19.88135593220339,3.0,0.3389830508474576,0.23728813559322035,0.03278688524590164,0.01639344262295082
STL-DSM,61,60,11.0,1.0,0.21666666666666667,0.11666666666666667,0.01639344262295082,0.01639344262295082
AZA-PVU,61,60,20.266666666666666,-3.0,0.25,0.15,0.01639344262295082,0.0
TPA-MKE,61,59,20.084745762711865,3.0,0.3220338983050847,0.23728813559322035,0.03278688524590164,0.0
PIT-RSW,61,61,19.147540983606557,-1.0,0.2459016393442623,0.18032786885245902,0.0,0.0
JAX-STL,61,61,-2.0655737704918034,-3.0,0.04918032786885246,0.0,0.0,0.0
GSO-MIA,61,60,-2.966666666666667,-5.0,0.03333333333333333,0.016666666666666666,0.01639344262295082,0.0
STL-OKC,61,60,8.05,0.5,0.15,0.11666666666666667,0.01639344262295082,0.0
SJC-DAL,61,60,12.133333333333333,3.5,0.18333333333333332,0.1,0.01639344262295082,0.01639344262295082
MCO-TTN,61,58,24.29310344827586,-6.5,0.29310344827586204,0.25862068965517243,0.04918032786885246,0.0
IAD-MIA,61,61,32.78688524590164,-3.0,0.14754098360655737,0.13114754098360656,0.0,0.0
INL-MSP,61,61,25.34426229508197,-10.0,0.14754098360655737,0.13114754098360656,0.0,0.0
IND-DAL,61,61,14.114754098360656,-1.0,0.26229508196721313,0.14754098360655737,0.0,0.01639344262295082
TUS-SAN,61,61,11.540983606557377,-2.0,0.2459016393442623,0.18032786885245902,0.0,0.0
IAH-MFE,61,61,13.426229508196721,0.0,0.16393442622950818,0.13114754098360656,0.0,0.0
LAS-DCA,61,61,16.34426229508197,2.0,0.19672131147540983,0.14754098360655737,0.0,0.01639344262295082
SBP-DEN,61,61,30.524590163934427,-2.0,0.18032786885245902,0.14754098360655737,0.0,0.0
BOI-OAK,61,60,8.3,-3.5,0.18333333333333332,0.11666666666666667,0.01639344262295082,0.0
LGB-DAL,61,61,10.62295081967213,-2.0,0.16393442622950818,0.14754098360655737,0.0,0.0
SEA-MDW,61,61,9.770491803278688,1.0,0.2786885245901639,0.14754098360655737,0.0,0.01639344262295082
SAN-TUS,61,61,17.983606557377048,0.0,0.26229508196721313,0.21311475409836064,0.0,0.0
SLC-OKC,61,61,0.8360655737704918,-4.0,0.13114754098360656,0.04918032786885246,0.0,0.0
EUG-PHX,61,60,8.466666666666667,-5.0,0.1,0.1,0.01639344262295082,0.0
BLI-LAS,61,61,-6.573770491803279,-9.0,0.04918032786885246,0.0,0.0,0.0
MDW-SAT,61,60,12.133333333333333,0.0,0.23333333333333334,0.06666666666666667,0.01639344262295082,0.0
TYS-SFB,61,61,17.229508196721312,-3.0,0.3114754098360656,0.19672131147540983,0.0,0.0
MDW-PVD,61,61,8.704918032786885,2.0,0.16393442622950818,0.09836065573770492,0.0,0.0
STS-SNA,61,60,25.5,1.5,0.31666666666666665,0.25,0.01639344262295082,0.0
BNA-RSW,60,60,19.35,8.5,0.38333333333333336,0.21666666666666667,0.0,0.0
IAD-BTV,60,57,9.298245614035087,-4.0,0.14035087719298245,0.10526315789473684,0.05,0.0
SDF-MSP,60,59,-0.576271186440678,-7.0,0.0847457627118644,0.05084745762711865,0.016666666666666666,0.0
MRY-SFO,60,59,3.5254237288135593,-6.0,0.1016949152542373,0.0847457627118644,0.016666666666666666,0.0
STS-LAX,60,59,-0.3559322033898305,-4.0,0.06779661016949153,0.03389830508474576,0.016666666666666666,0.0
CLE-STL,60,59,7.389830508474576,-3.0,0.22033898305084745,0.15254237288135594,0.016666666666666666,0.0
IDA-DFW,60,58,13.327586206896552,-9.0,0.13793103448275862,0.10344827586206896,0.03333333333333333,0.0
PDX-FAT,60,60,3.2666666666666666,-4.0,0.13333333333333333,0.1,0.0,0.0
STL-SAN,60,60,14.366666666666667,6.5,0.3333333333333333,0.16666666666666666,0.0,0.0
SLC-MIA,60,59,3.1864406779661016,-4.0,0.11864406779661017,0.0847457627118644,0.016666666666666666,0.0
IND-SEA,60,59,11.898305084745763,1.0,0.2711864406779661,0.15254237288135594,0.016666666666666666,0.0
PHX-PAE,60,60,18.733333333333334,-5.0,0.2,0.15,0.0,0.0
SJC-MDW,60,60,6.616666666666666,1.5,0.18333333333333332,0.08333333333333333,0.0,0.0
BJI-MSP,60,60,-2.2666666666666666,-6.5,0.1,0.06666666666666667,0.0,0.0
LAX-JAC,60,59,0.9661016949152542,-6.0,0.11864406779661017,0.06779661016949153,0.016666666666666666,0.0
MSP-INL,60,58,16.137931034482758,-4.0,0.15517241379310345,0.1206896551724138,0.03333333333333333,0.0
DEN-DDC,60,59,0.9322033898305084,-8.0,0.0847457627118644,0.06779661016949153,0.016666666666666666,0.0
BDL-PBI,60,59,3.406779661016949,-3.0,0.15254237288135594,0.0847457627118644,0.016666666666666666,0.0
BDL-PHL,60,59,45.220338983050844,-6.0,0.2033898305084746,0.1864406779661017,0.016666666666666666,0.0
KTN-WRG,60,59,0.1016949152542373,-3.0,0.13559322033898305,0.06779661016949153,0.016666666666666666,0.0
GNV-DFW,59,59,16.406779661016948,-5.0,0.2711864406779661,0.1694915254237288,0.0,0.0
BZN-DFW,59,58,8.310344827586206,-4.0,0.25862068965517243,0.13793103448275862,0.01694915254237288,0.0
PHL-BDL,59,58,13.327586206896552,-3.0,0.22413793103448276,0.1724137931034483,0.01694915254237288,0.0
STL-ICT,59,59,11.64406779661017,-2.0,0.2033898305084746,0.1694915254237288,0.0,0.0
BPT-DFW,59,54,11.88888888888889,-8.0,0.25925925925925924,0.2222222222222222,0.0847457627118644,0.0
DEN-BUF,59,59,27.305084745762713,6.0,0.3728813559322034,0.288135593220339,0.0,0.0
ORD-EYW,59,57,9.736842105263158,-2.0,0.19298245614035087,0.12280701754385964,0.03389830508474576,0.01694915254237288
SNA-MSP,59,59,22.033898305084747,-2.0,0.1864406779661017,0.15254237288135594,0.0,0.0
FLL-BUF,59,59,9.05084745762712,-4.0,0.2711864406779661,0.1694915254237288,0.0,0.0
IND-DTW,59,59,3.1186440677966103,-6.0,0.15254237288135594,0.1016949152542373,0.0,0.0
DEN-HNL,59,59,22.050847457627118,1.0,0.2542372881355932,0.15254237288135594,0.0,0.01694915254237288
LAS-CVG,59,59,3.3220338983050848,-4.0,0.1864406779661017,0.0847457627118644,0.0,0.0
IAD-JAX,59,57,6.824561403508772,-4.0,0.15789473684210525,0.14035087719298245,0.03389830508474576,0.0
IAH-IND,59,59,14.271186440677965,0.0,0.2542372881355932,0.2033898305084746,0.0,0.0
ASE-IAH,59,58,31.362068965517242,1.5,0.41379310344827586,0.3103448275862069,0.01694915254237288,0.01694915254237288
TTN-MCO,59,58,12.051724137931034,-6.0,0.20689655172413793,0.13793103448275862,0.01694915254237288,0.0
AUS-LGB,59,59,10.728813559322035,0.0,0.23728813559322035,0.11864406779661017,0.0,0.0
ATL-MGM,59,56,36.589285714285715,-0.5,0.32142857142857145,0.21428571428571427,0.05084745762711865,0.0
DTW-IND,59,58,10.689655172413794,-2.5,0.1206896551724138,0.08620689655172414,0.01694915254237288,0.0
MCI-FLL,59,59,20.372881355932204,1.0,0.2711864406779661,0.2033898305084746,0.0,0.0
DTW-ORF,58,58,8.53448275862069,-3.0,0.1724137931034483,0.06896551724137931,0.0,0.0
ATL-TRI,58,58,12.362068965517242,-4.0,0.20689655172413793,0.1724137931034483,0.0,0.0
MTJ-DFW,58,56,15.196428571428571,-3.5,0.26785714285714285,0.16071428571428573,0.034482758620689655,0.017241379310344827
LAX-SBP,58,58,22.362068965517242,-5.0,0.10344827586206896,0.05172413793103448,0.0,0.034482758620689655
PHL-SRQ,58,56,19.75,-6.0,0.23214285714285715,0.16071428571428573,0.034482758620689655,0.017241379310344827
CLT-MLI,58,57,11.666666666666666,-2.0,0.2631578947368421,0.19298245614035087,0.017241379310344827,0.017241379310344827
AVL-DCA,58,51,23.176470588235293,1.0,0.37254901960784315,0.27450980392156865,0.1206896551724138,0.0
GRR-LAS,58,58,5.637931034482759,-1.0,0.20689655172413793,0.08620689655172414,0.0,0.0
IAH-JAX,58,57,3.7017543859649122,-3.0,0.10526315789473684,0.10526315789473684,0.017241379310344827,0.0
MIA-SAN,58,58,14.413793103448276,0.5,0.25862068965517243,0.15517241379310345,0.0,0.0
EWR-SYR,58,53,12.679245283018869,-5.0,0.16981132075471697,0.1320754716981132,0.08620689655172414,0.0
ORD-BGR,58,58,6.275862068965517,-2.0,0.1724137931034483,0.10344827586206896,0.0,0.0
JAC-LAX,58,57,9.508771929824562,-2.0,0.2807017543859649,0.14035087719298245,0.017241379310344827,0.017241379310344827
BRD-MSP,58,57,9.87719298245614,-9.0,0.14035087719298245,0.14035087719298245,0.017241379310344827,0.0
STT-JFK,58,57,15.87719298245614,-3.0,0.21052631578947367,0.14035087719298245,0.017241379310344827,0.017241379310344827
HNL-ORD,58,56,7.517857142857143,-5.0,0.14285714285714285,0.07142857142857142,0.034482758620689655,0.0
ONT-PDX,58,55,7.709090909090909,-3.0,0.18181818181818182,0.12727272727272726,0.05172413793103448,0.0
DEN-BFF,58,57,8.210526315789474,-6.0,0.21052631578947367,0.15789473684210525,0.017241379310344827,0.0
ORD-GEG,58,57,15.982456140350877,2.0,0.2631578947368421,0.19298245614035087,0.017241379310344827,0.0
PWM-ATL,58,58,10.293103448275861,-0.5,0.1724137931034483,0.1724137931034483,0.0,0.0
CHA-ORD,58,57,5.298245614035087,-6.0,0.15789473684210525,0.05263157894736842,0.017241379310344827,0.0
LAS-BZN,58,57,13.385964912280702,0.0,0.2982456140350877,0.15789473684210525,0.017241379310344827,0.017241379310344827
CVG-RSW,58,58,14.448275862068966,-4.0,0.20689655172413793,0.1724137931034483,0.0,0.0
ORD-EAU,58,57,16.842105263157894,-4.0,0.2807017543859649,0.19298245614035087,0.017241379310344827,0.0
SYR-DTW,58,58,2.7758620689655173,-7.0,0.1206896551724138,0.10344827586206896,0.0,0.0
AUS-PDX,58,58,10.793103448275861,3.5,0.2413793103448276,0.10344827586206896,0.0,0.0
DEN-LAR,58,56,19.0,-4.0,0.25,0.17857142857142858,0.034482758620689655,0.0
BTV-CLT,58,55,15.309090909090909,-6.0,0.21818181818181817,0.16363636363636364,0.05172413793103448,0.0
TPA-MCI,57,57,9.842105263157896,-1.0,0.19298245614035087,0.10526315789473684,0.0,0.017543859649122806
PNS-DEN,57,56,20.625,-2.0,0.19642857142857142,0.14285714285714285,0.017543859649122806,0.0
SJU-RDU,57,57,8.894736842105264,-5.0,0.14035087719298245,0.07017543859649122,0.0,0.0
ORD-SCE,57,55,16.418181818181818,-2.0,0.2727272727272727,0.2,0.03508771929824561,0.0
DAL-OAK,57,56,20.892857142857142,9.5,0.4107142857142857,0.30357142857142855,0.017543859649122806,0.0
IAH-CVG,57,56,23.178571428571427,-2.0,0.32142857142857145,0.2857142857142857,0.017543859649122806,0.0
DFW-BZN,57,57,15.807017543859649,-1.0,0.19298245614035087,0.12280701754385964,0.0,0.0
OGG-SJC,57,57,11.0,0.0,0.2807017543859649,0.17543859649122806,0.0,0.0
IAH-PNS,57,57,24.350877192982455,-1.0,0.2982456140350877,0.19298245614035087,0.0,0.017543859649122806
HNL-JFK,57,57,0.7368421052631579,-3.0,0.10526315789473684,0.03508771929824561,0.0,0.0
LAS-DSM,57,57,29.666666666666668,0.0,0.24561403508771928,0.12280701754385964,0.0,0.0
LAS-ICT,57,57,9.68421052631579,1.0,0.24561403508771928,0.12280701754385964,0.0,0.017543859649122806
MDW-SEA,57,57,13.263157894736842,4.0,0.24561403508771928,0.15789473684210525,0.0,0.03508771929824561
IAD-ORF,57,57,10.210526315789474,-1.0,0.19298245614035087,0.10526315789473684,0.0,0.0
FLL-TYS,57,57,13.491228070175438,-3.0,0.22807017543859648,0.15789473684210525,0.0,0.0
DEN-PNS,57,56,18.785714285714285,0.0,0.25,0.19642857142857142,0.017543859649122806,0.0
MIA-MCI,57,56,17.946428571428573,-1.0,0.35714285714285715,0.26785714285714285,0.017543859649122806,0.0
MIA-IAD,57,56,3.9464285714285716,-4.0,0.14285714285714285,0.05357142857142857,0.017543859649122806,0.0
IAH-BTR,57,56,14.214285714285714,-2.0,0.23214285714285715,0.19642857142857142,0.017543859649122806,0.0
PSE-MCO,57,57,-2.0,-6.0,0.08771929824561403,0.05263157894736842,0.0,0.0
SLC-EKO,57,57,-3.789473684210526,-7.0,0.03508771929824561,0.03508771929824561,0.0,0.0
MYR-BOS,57,55,18.472727272727273,-7.0,0.21818181818181817,0.2,0.03508771929824561,0.0
LGB-HOU,57,57,7.7368421052631575,-1.0,0.17543859649122806,0.10526315789473684,0.0,0.0
ORF-DTW,57,56,12.625,-4.0,0.21428571428571427,0.14285714285714285,0.017543859649122806,0.0
SAT-SFO,57,57,9.070175438596491,-5.0,0.12280701754385964,0.12280701754385964,0.0,0.0
SBP-SAN,57,54,4.5,-6.0,0.16666666666666666,0.12962962962962962,0.05263157894736842,0.0
LAX-BZN,57,57,3.245614035087719,-5.0,0.08771929824561403,0.08771929824561403,0.0,0.017543859649122806
IND-SFO,56,56,15.357142857142858,-0.5,0.25,0.17857142857142858,0.0,0.0
TPA-PVD,56,56,13.928571428571429,-0.5,0.23214285714285715,0.14285714285714285,0.0,0.0
LGA-SAV,56,54,11.277777777777779,-5.0,0.25925925925925924,0.18518518518518517,0.03571428571428571,0.0
EKO-SLC,56,56,1.7142857142857142,-11.0,0.07142857142857142,0.07142857142857142,0.0,0.0
PVD-MDW,56,55,9.454545454545455,-2.0,0.16363636363636364,0.12727272727272726,0.017857142857142856,0.0
MIA-SAT,56,56,9.125,-1.0,0.3392857142857143,0.16071428571428573,0.0,0.017857142857142856
BUF-DFW,56,56,10.482142857142858,0.0,0.21428571428571427,0.16071428571428573,0.0,0.0
TYS-PIE,56,56,6.125,-3.0,0.23214285714285715,0.16071428571428573,0.0,0.0
STS-SEA,56,54,10.666666666666666,-4.0,0.25925925925925924,0.2222222222222222,0.03571428571428571,0.0
MAF-LAS,56,56,1.9107142857142858,-3.0,0.08928571428571429,0.07142857142857142,0.0,0.0
PIT-SEA,56,56,7.017857142857143,-3.5,0.23214285714285715,0.14285714285714285,0.0,0.0
PIH-SLC,56,56,-3.5892857142857144,-9.0,0.07142857142857142,0.05357142857142857,0.0,0.0
TUL-SLC,56,55,1.5636363636363637,-6.0,0.10909090909090909,0.07272727272727272,0.017857142857142856,0.0
IAH-CRP,56,55,10.909090909090908,-3.0,0.18181818181818182,0.14545454545454545,0.017857142857142856,0.0
CAE-LGA,56,54,13.87037037037037,-3.0,0.24074074074074073,0.18518518518518517,0.03571428571428571,0.0
DFW-BIS,56,55,11.963636363636363,-2.0,0.16363636363636364,0.10909090909090909,0.017857142857142856,0.0
CLT-CAE,56,54,12.703703703703704,-4.5,0.2222222222222222,0.14814814814814814,0.03571428571428571,0.0
MDW-ABQ,56,55,7.6,-1.0,0.2,0.09090909090909091,0.017857142857142856,0.0
PHX-EUG,56,56,36.160714285714285,-3.0,0.2857142857142857,0.23214285714285715,0.0,0.0
JFK-SYR,56,55,26.272727272727273,-2.0,0.4,0.32727272727272727,0.017857142857142856,0.0
JFK-SRQ,56,55,-0.509090909090909,-5.0,0.09090909090909091,0.05454545454545454,0.017857142857142856,0.017857142857142856
RDU-STL,56,55,4.618181818181818,-1.0,0.14545454545454545,0.09090909090909091,0.017857142857142856,0.017857142857142856
TYS-FLL,55,55,12.0,-4.0,0.23636363636363636,0.2,0.0,0.0
MSP-SMF,55,55,7.709090909090909,-3.0,0.18181818181818182,0.10909090909090909,0.0,0.0
APN-DTW,55,52,7.134615384615385,-10.0,0.09615384615384616,0.07692307692307693,0.05454545454545454,0.0
MIA-ILM,55,54,12.074074074074074,-1.5,0.25925925925925924,0.16666666666666666,0.01818181818181818,0.0
CLE-JFK,55,54,8.222222222222221,-3.0,0.16666666666666666,0.09259259259259259,0.01818181818181818,0.0
SLC-TUL,55,54,-1.1851851851851851,-5.0,0.09259259259259259,0.05555555555555555,0.01818181818181818,0.0
FOD-ORD,55,50,6.64,-10.0,0.2,0.14,0.09090909090909091,0.0
MDW-BUF,55,54,13.037037037037036,-1.0,0.25925925925925924,0.12962962962962962,0.01818181818181818,0.0
DVL-DEN,55,55,9.581818181818182,-8.0,0.21818181818181817,0.2,0.0,0.0
PHX-MEM,55,54,26.14814814814815,0.5,0.25925925925925924,0.18518518518518517,0.01818181818181818,0.0
CVG-EWR,55,53,4.981132075471698,-4.0,0.11320754716981132,0.11320754716981132,0.05454545454545454,0.0
CVG-VPS,55,55,25.10909090909091,-4.0,0.21818181818181817,0.18181818181818182,0.0,0.0
SRQ-MDW,55,53,10.132075471698114,0.0,0.20754716981132076,0.1320754716981132,0.03636363636363636,0.0
ATL-BOI,55,54,6.444444444444445,-3.0,0.1111111111111111,0.09259259259259259,0.01818181818181818,0.01818181818181818
OGG-SMF,55,54,10.148148148148149,4.0,0.2222222222222222,0.12962962962962962,0.01818181818181818,0.0
DTW-JAX,55,55,-0.10909090909090909,-5.0,0.09090909090909091,0.05454545454545454,0.0,0.0
PHL-SLC,55,55,10.072727272727272,-2.0,0.16363636363636364,0.07272727272727272,0.0,0.0
GSP-EWR,55,53,10.50943396226415,-5.0,0.1509433962264151,0.1320754716981132,0.03636363636363636,0.0
MEM-DAL,55,55,15.036363636363637,0.0,0.2545454545454545,0.14545454545454545,0.0,0.01818181818181818
GSP-DTW,55,55,9.6,-6.0,0.10909090909090909,0.10909090909090909,0.0,0.0
PVD-FLL,55,55,8.545454545454545,-3.0,0.2,0.12727272727272726,0.0,0.0
MDW-SLC,55,55,9.836363636363636,0.0,0.2545454545454545,0.09090909090909091,0.0,0.0
PIB-IAH,55,53,18.07547169811321,-7.0,0.1509433962264151,0.1320754716981132,0.03636363636363636,0.0
MSO-DFW,55,54,69.96296296296296,-1.0,0.2962962962962963,0.16666666666666666,0.01818181818181818,0.03636363636363636
STT-ATL,55,54,6.296296296296297,-5.0,0.12962962962962962,0.07407407407407407,0.01818181818181818,0.0
ORD-LAN,55,55,9.436363636363636,-1.0,0.21818181818181817,0.12727272727272726,0.0,0.0
SMF-MDW,54,54,9.11111111111111,4.5,0.18518518518518517,0.05555555555555555,0.0,0.0
GJT-SLC,54,54,-3.2222222222222223,-7.0,0.07407407407407407,0.05555555555555555,0.0,0.0
SEA-MSY,54,52,7.634615384615385,-1.5,0.25,0.09615384615384616,0.037037037037037035,0.0
COS-SLC,54,54,1.2962962962962963,-8.0,0.12962962962962962,0.09259259259259259,0.0,0.0
AVP-ORD,54,52,3.25,-5.0,0.11538461538461539,0.09615384615384616,0.037037037037037035,0.0
OGG-PHX,54,54,-3.574074074074074,-5.0,0.037037037037037035,0.018518518518518517,0.0,0.0
ONT-IAH,54,54,3.462962962962963,-2.5,0.14814814814814814,0.037037037037037035,0.0,0.0
IAH-LIT,54,54,16.0,-2.5,0.25925925925925924,0.2222222222222222,0.0,0.0
GEG-OAK,54,54,5.296296296296297,-1.5,0.14814814814814814,0.037037037037037035,0.0,0.0
MCO-ROC,54,54,6.722222222222222,-3.0,0.14814814814814814,0.05555555555555555,0.0,0.0
RIC-MIA,54,54,3.814814814814815,-3.5,0.14814814814814814,0.09259259259259259,0.0,0.0
BHM-MDW,54,54,11.777777777777779,-2.0,0.24074074074074073,0.14814814814814814,0.0,0.0
JFK-STT,54,54,4.62962962962963,-5.0,0.07407407407407407,0.05555555555555555,0.0,0.0
LIT-IAH,54,54,11.055555555555555,-1.0,0.2222222222222222,0.1111111111111111,0.0,0.0
BZN-EWR,54,54,28.11111111111111,-2.0,0.2777777777777778,0.2037037037037037,0.0,0.0
MDW-SJC,54,54,12.314814814814815,0.0,0.3148148148148148,0.14814814814814814,0.0,0.0
ORD-DEC,54,53,18.22641509433962,-5.0,0.22641509433962265,0.1509433962264151,0.018518518518518517,0.0
CLT-STT,54,54,3.888888888888889,-4.0,0.1111111111111111,0.09259259259259259,0.0,0.0
PSP-OAK,54,54,5.222222222222222,-2.0,0.09259259259259259,0.05555555555555555,0.0,0.0
ATL-MOB,54,53,12.679245283018869,-4.0,0.22641509433962265,0.1320754716981132,0.018518518518518517,0.0
SAN-SAT,54,54,19.0,7.0,0.3888888888888889,0.3148148148148148,0.0,0.0
ISP-TPA,54,52,9.596153846153847,-1.5,0.3076923076923077,0.11538461538461539,0.037037037037037035,0.0
SFB-AVL,54,53,19.39622641509434,-3.0,0.2641509433962264,0.20754716981132076,0.018518518518518517,0.0
FWA-DTW,53,53,6.584905660377358,-7.0,0.18867924528301888,0.1509433962264151,0.0,0.0
BTV-IAD,53,52,12.211538461538462,-6.0,0.11538461538461539,0.09615384615384616,0.018867924528301886,0.0
ATL-XNA,53,53,9.660377358490566,-5.0,0.18867924528301888,0.11320754716981132,0.0,0.0
CLT-CID,53,52,19.076923076923077,-1.0,0.21153846153846154,0.1346153846153846,0.018867924528301886,0.018867924528301886
TPA-ISP,53,52,6.519230769230769,-3.0,0.17307692307692307,0.07692307692307693,0.018867924528301886,0.0
ALB-FLL,53,53,5.490566037735849,-4.0,0.16981132075471697,0.1320754716981132,0.0,0.0
BOS-MCI,53,51,0.3333333333333333,-6.0,0.13725490196078433,0.09803921568627451,0.03773584905660377,0.0
FLL-CHS,53,53,13.037735849056604,-5.0,0.2641509433962264,0.20754716981132076,0.0,0.0
CVG-IAD,53,51,-3.607843137254902,-7.0,0.0784313725490196,0.0392156862745098,0.03773584905660377,0.0
JAX-DTW,53,53,1.7735849056603774,-6.0,0.1509433962264151,0.05660377358490566,0.0,0.0
ABQ-SEA,53,53,10.245283018867925,-4.0,0.3018867924528302,0.22641509433962265,0.0,0.0
HIB-MSP,53,53,19.50943396226415,-7.0,0.1509433962264151,0.1509433962264151,0.0,0.0
PIT-MSP,53,52,21.134615384615383,-3.5,0.25,0.21153846153846154,0.018867924528301886,0.018867924528301886
OKC-MDW,53,52,14.51923076923077,-1.0,0.2692307692307692,0.17307692307692307,0.018867924528301886,0.018867924528301886
PIT-SFO,53,53,13.943396226415095,-3.0,0.1509433962264151,0.09433962264150944,0.018867924528301886,0.018867924528301886
AUS-ECP,53,53,13.981132075471699,-2.0,0.22641509433962265,0.16981132075471697,0.0,0.0
MYR-DTW,53,52,2.0,-6.0,0.17307692307692307,0.09615384615384616,0.018867924528301886,0.0
DTW-MYR,53,53,0.5094339622641509,-4.0,0.1320754716981132,0.03773584905660377,0.0,0.0
SAT-EWR,53,53,1.830188679245283,-6.0,0.11320754716981132,0.07547169811320754,0.0,0.0
BOI-ATL,53,53,17.641509433962263,1.0,0.33962264150943394,0.20754716981132076,0.0,0.018867924528301886
JFK-HNL,53,53,19.547169811320753,0.0,0.2830188679245283,0.20754716981132076,0.0,0.018867924528301886
SYR-EWR,53,53,5.90566037735849,-4.0,0.1320754716981132,0.09433962264150944,0.018867924528301886,0.0
SFO-SAT,53,53,2.188679245283019,-4.0,0.16981132075471697,0.09433962264150944,0.0,0.0
MCW-ORD,53,48,29.291666666666668,-9.0,0.16666666666666666,0.14583333333333334,0.09433962264150944,0.0
BOS-ORF,52,52,7.346153846153846,-6.0,0.09615384615384616,0.057692307692307696,0.0,0.0
SLC-OMA,52,52,4.538461538461538,-5.0,0.15384615384615385,0.057692307692307696,0.0,0.0
CLT-CHA,52,51,30.313725490196077,-3.0,0.2549019607843137,0.1568627450980392,0.019230769230769232,0.0
SLC-MDW,52,52,7.288461538461538,0.0,0.09615384615384616,0.057692307692307696,0.0,0.0
IAH-ICT,52,51,16.0,-2.0,0.17647058823529413,0.13725490196078433,0.019230769230769232,0.0
DTW-PLN,52,51,15.352941176470589,-3.0,0.13725490196078433,0.11764705882352941,0.038461538461538464,0.0
DEN-PRC,52,52,8.384615384615385,-5.0,0.1346153846153846,0.11538461538461539,0.0,0.019230769230769232
OMA-SEA,52,52,-0.34615384615384615,-6.0,0.11538461538461539,0.057692307692307696,0.0,0.0
ABQ-IAH,52,51,1.3529411764705883,-5.0,0.0784313725490196,0.0392156862745098,0.019230769230769232,0.0
MOB-ATL,52,51,8.254901960784315,-4.0,0.17647058823529413,0.09803921568627451,0.019230769230769232,0.0
PBI-BDL,52,51,10.098039215686274,-6.0,0.19607843137254902,0.1568627450980392,0.019230769230769232,0.0
DAL-FLL,52,51,18.980392156862745,6.0,0.27450980392156865,0.13725490196078433,0.019230769230769232,0.0
PBI-DTW,52,52,5.288461538461538,-3.0,0.21153846153846154,0.1346153846153846,0.0,0.0
PBI-IAH,52,51,21.745098039215687,-3.0,0.3333333333333333,0.27450980392156865,0.019230769230769232,0.0
JFK-BQN,52,52,19.634615384615383,4.0,0.3076923076923077,0.19230769230769232,0.0,0.0
ECP-AUS,52,52,4.096153846153846,-1.0,0.11538461538461539,0.07692307692307693,0.0,0.0
ABQ-SAN,52,51,10.549019607843137,-3.0,0.13725490196078433,0.11764705882352941,0.019230769230769232,0.019230769230769232
CRP-IAH,52,50,17.22,-6.0,0.14,0.14,0.038461538461538464,0.0
SMF-KOA,52,52,18.192307692307693,-1.0,0.19230769230769232,0.1346153846153846,0.0,0.0
AVL-SFB,52,50,23.54,-4.0,0.26,0.18,0.038461538461538464,0.0
MCI-TPA,52,52,11.788461538461538,2.0,0.2692307692307692,0.1346153846153846,0.0,0.0
HOU-BHM,52,52,11.634615384615385,0.0,0.23076923076923078,0.11538461538461539,0.0,0.0
BGR-EWR,52,49,11.918367346938776,-4.0,0.1836734693877551,0.14285714285714285,0.057692307692307696,0.0
ATL-SGF,52,52,7.730769230769231,-3.5,0.15384615384615385,0.11538461538461539,0.0,0.0
ACY-FLL,52,51,-2.4705882352941178,-7.0,0.09803921568627451,0.0392156862745098,0.019230769230769232,0.0
MDW-SRQ,52,52,19.78846153846154,3.5,0.34615384615384615,0.23076923076923078,0.0,0.0
BHM-TPA,52,52,16.807692307692307,-0.5,0.21153846153846154,0.15384615384615385,0.0,0.0
SCC-ANC,52,51,-6.901960784313726,-16.0,0.11764705882352941,0.0784313725490196,0.019230769230769232,0.0
LGB-BNA,52,52,0.6153846153846154,-3.0,0.038461538461538464,0.019230769230769232,0.0,0.0
MSY-SFO,52,52,10.48076923076923,-1.0,0.17307692307692307,0.15384615384615385,0.0,0.0
DEN-JMS,52,52,4.730769230769231,-4.0,0.19230769230769232,0.09615384615384616,0.0,0.0
FLL-MCI,51,51,10.607843137254902,0.0,0.23529411764705882,0.11764705882352941,0.0,0.0
MCO-PSE,51,51,4.450980392156863,-3.0,0.17647058823529413,0.13725490196078433,0.0,0.0
MFE-LAS,51,51,-7.254901960784314,-10.0,0.0784313725490196,0.058823529411764705,0.0,0.0
OME-ANC,51,50,9.74,-7.0,0.22,0.16,0.0196078431372549,0.0
PNS-DAL,51,50,15.88,0.5,0.24,0.12,0.0196078431372549,0.0
CHS-FLL,51,51,19.823529411764707,-4.0,0.2549019607843137,0.19607843137254902,0.0,0.0
MDW-OKC,51,50,17.52,0.5,0.22,0.16,0.0196078431372549,0.0
SGF-IAH,51,48,39.104166666666664,-3.0,0.2708333333333333,0.22916666666666666,0.058823529411764705,0.0196078431372549
ORD-AZO,51,49,7.653061224489796,-2.0,0.20408163265306123,0.08163265306122448,0.0392156862745098,0.0
MYR-MCO,51,50,8.6,-6.0,0.12,0.1,0.0196078431372549,0.0
GFK-MSP,51,51,3.156862745098039,-4.0,0.17647058823529413,0.13725490196078433,0.0,0.0
IAH-MEI,51,51,11.176470588235293,-3.0,0.21568627450980393,0.17647058823529413,0.0,0.0
LBF-DEN,51,50,5.7,-10.0,0.14,0.14,0.0196078431372549,0.0
ORF-BOS,51,49,9.73469387755102,-4.0,0.1836734693877551,0.12244897959183673,0.0392156862745098,0.0
CVG-IAH,51,49,1.0204081632653061,-5.0,0.12244897959183673,0.061224489795918366,0.0392156862745098,0.0
MSP-SJC,51,50,16.32,0.0,0.26,0.16,0.0196078431372549,0.0
LAS-PSP,51,51,12.588235294117647,4.0,0.23529411764705882,0.1568627450980392,0.0,0.0
ORD-PNS,51,49,17.714285714285715,-3.0,0.1836734693877551,0.10204081632653061,0.0392156862745098,0.0
PHL-BGR,51,50,8.78,-1.0,0.22,0.14,0.0196078431372549,0.0
MIA-TYS,51,50,13.78,-1.5,0.3,0.22,0.0196078431372549,0.0
ORF-BNA,51,51,12.117647058823529,-1.0,0.21568627450980393,0.1568627450980392,0.0,0.0
LAR-DEN,51,48,13.645833333333334,-8.0,0.1875,0.14583333333333334,0.058823529411764705,0.0
SBP-LAX,51,51,-0.09803921568627451,-7.0,0.09803921568627451,0.0196078431372549,0.0,0.0
BHM-PHL,51,48,13.4375,-7.0,0.20833333333333334,0.16666666666666666,0.058823529411764705,0.0
PHX-SDF,50,50,12.54,2.0,0.2,0.14,0.0,0.0
ANC-DEN,50,50,-1.12,-3.5,0.1,0.04,0.0,0.0
DFW-MYR,50,50,34.96,1.0,0.42,0.36,0.0,0.0
SGU-DFW,50,50,2.88,-4.5,0.12,0.08,0.0,0.0
STT-CLT,50,49,10.857142857142858,-3.0,0.2653061224489796,0.10204081632653061,0.02,0.0
MSY-MCI,50,50,12.56,0.5,0.2,0.18,0.0,0.0
SAF-PHX,50,50,-1.62,-6.0,0.1,0.04,0.0,0.0
EWR-SAT,50,50,1.74,-5.5,0.06,0.04,0.0,0.0
SGF-ATL,50,49,16.877551020408163,-3.0,0.32653061224489793,0.22448979591836735,0.02,0.0
BQN-JFK,50,50,-2.18,-7.0,0.12,0.04,0.0,0.0
VPS-CVG,50,50,20.2,-4.0,0.26,0.2,0.0,0.0
FCA-MSP,50,49,4.877551020408164,-5.0,0.20408163265306123,0.16326530612244897,0.02,0.0
MCI-BOS,50,48,11.0,-3.5,0.20833333333333334,0.16666666666666666,0.04,0.0
SYR-DEN,50,50,11.72,-3.0,0.2,0.14,0.0,0.0
SEA-CMH,50,50,7.16,-2.0,0.22,0.12,0.0,0.0
MCI-IAH,50,49,39.183673469387756,-5.0,0.16326530612244897,0.14285714285714285,0.02,0.0
PSG-JNU,50,48,-0.5833333333333334,-10.0,0.125,0.08333333333333333,0.04,0.0
ORD-RAP,50,49,15.551020408163266,-1.0,0.20408163265306123,0.14285714285714285,0.02,0.0
MSN-PHX,50,50,1.76,-7.0,0.12,0.1,0.0,0.0
OMA-LAX,50,49,21.755102040816325,-5.0,0.16326530612244897,0.14285714285714285,0.02,0.0
FLL-PVD,50,49,6.040816326530612,-3.0,0.20408163265306123,0.12244897959183673,0.02,0.0
ORD-SPI,50,50,8.38,-3.0,0.1,0.1,0.0,0.0
SMF-OGG,50,50,15.08,-3.0,0.08,0.04,0.0,0.0
CRW-ATL,50,48,16.145833333333332,-5.5,0.22916666666666666,0.1875,0.04,0.0
DTW-SAV,50,49,5.204081632653061,-4.0,0.16326530612244897,0.061224489795918366,0.02,0.0
DTW-PWM,50,50,13.06,-4.0,0.2,0.18,0.0,0.0
CLT-BTV,50,47,8.085106382978724,-4.0,0.23404255319148937,0.1276595744680851,0.06,0.0
AUS-DCA,50,50,22.26,10.5,0.46,0.3,0.0,0.02
ATW-DEN,50,50,9.02,-4.0,0.2,0.18,0.0,0.0
PHL-PVD,50,50,11.14,-3.0,0.26,0.18,0.0,0.0
RAP-ORD,50,48,4.4375,-2.5,0.20833333333333334,0.125,0.04,0.0
MYR-ORD,50,50,6.66,-6.5,0.12,0.1,0.0,0.0
BUR-RNO,49,49,23.306122448979593,-1.0,0.32653061224489793,0.2653061224489796,0.0,0.0
OAK-MDW,49,49,6.612244897959184,3.0,0.16326530612244897,0.10204081632653061,0.0,0.0
DAL-BUR,49,49,32.91836734693877,0.0,0.3877551020408163,0.30612244897959184,0.0,0.0
MDW-PDX,49,49,14.306122448979592,6.0,0.32653061224489793,0.20408163265306123,0.0,0.0
MHT-MDW,49,49,7.3061224489795915,-5.0,0.14285714285714285,0.08163265306122448,0.0,0.0
IAH-PBI,49,49,7.081632653061225,-2.0,0.14285714285714285,0.08163265306122448,0.0,0.0
BUR-DAL,49,49,2.7551020408163267,-3.0,0.10204081632653061,0.04081632653061224,0.0,0.0
ISP-FLL,49,49,19.285714285714285,-3.0,0.24489795918367346,0.1836734693877551,0.0,0.0
SPI-ORD,49,48,8.1875,-7.0,0.16666666666666666,0.16666666666666666,0.02040816326530612,0.0
JMS-DEN,49,47,6.468085106382978,-10.0,0.2127659574468085,0.19148936170212766,0.04081632653061224,0.0
IAH-ONT,49,49,18.306122448979593,4.0,0.32653061224489793,0.20408163265306123,0.0,0.0
SRQ-IND,49,48,8.9375,-1.5,0.2708333333333333,0.14583333333333334,0.02040816326530612,0.0
CLD-PHX,49,49,-4.061224489795919,-5.0,0.0,0.0,0.0,0.0
IAD-RSW,49,49,2.326530612244898,-5.0,0.10204081632653061,0.08163265306122448,0.0,0.0
JST-IAD,49,45,39.13333333333333,-8.0,0.2,0.2,0.08163265306122448,0.0
SMF-CLT,49,47,13.0,-6.0,0.10638297872340426,0.0425531914893617,0.04081632653061224,0.0
ILM-BOS,49,48,37.145833333333336,4.0,0.4583333333333333,0.3541666666666667,0.02040816326530612,0.0
IAH-ABQ,49,48,19.25,1.0,0.3125,0.2708333333333333,0.02040816326530612,0.02040816326530612
MYR-MDW,49,46,7.586956521739131,-4.0,0.10869565217391304,0.08695652173913043,0.061224489795918366,0.0
JAX-MDW,49,49,15.53061224489796,1.0,0.20408163265306123,0.1836734693877551,0.0,0.0
DTW-GSP,49,49,35.48979591836735,1.0,0.3469387755102041,0.2857142857142857,0.02040816326530612,0.0
ACK-LGA,49,47,10.829787234042554,-4.0,0.2127659574468085,0.1702127659574468,0.04081632653061224,0.0
OMA-DAL,49,47,22.19148936170213,6.0,0.425531914893617,0.19148936170212766,0.04081632653061224,0.0
DEC-ORD,49,48,13.270833333333334,-10.0,0.125,0.125,0.02040816326530612,0.0
LAS-MFE,49,49,-4.163265306122449,-6.0,0.10204081632653061,0.02040816326530612,0.0,0.0
DCA-EYW,49,47,3.0638297872340425,-5.0,0.1702127659574468,0.0851063829787234,0.04081632653061224,0.02040816326530612
STL-SAT,48,48,8.145833333333334,1.5,0.2708333333333333,0.08333333333333333,0.0,0.020833333333333332
CAE-CLT,48,47,17.0,-3.0,0.2127659574468085,0.14893617021276595,0.020833333333333332,0.0
SMF-MSP,48,48,5.125,-6.0,0.125,0.125,0.0,0.0
LGA-OMA,48,48,9.4375,-3.0,0.22916666666666666,0.1875,0.0,0.020833333333333332
CVG-MDW,48,48,9.291666666666666,0.0,0.1875,0.125,0.0,0.0
DTW-PBI,48,48,2.9583333333333335,-3.5,0.14583333333333334,0.08333333333333333,0.0,0.0
CID-MSP,48,47,1.2765957446808511,-6.0,0.10638297872340426,0.0851063829787234,0.020833333333333332,0.0
PRC-DEN,48,48,17.416666666666668,-8.0,0.22916666666666666,0.1875,0.0,0.0
ICT-LAS,48,47,11.297872340425531,-1.0,0.23404255319148937,0.14893617021276595,0.020833333333333332,0.0
PNS-HOU,48,48,1.2916666666666667,-5.0,0.10416666666666667,0.08333333333333333,0.0,0.0
RDU-DAL,48,48,13.041666666666666,4.5,0.25,0.14583333333333334,0.0,0.020833333333333332
MSY-MSP,48,47,5.957446808510638,-4.0,0.19148936170212766,0.10638297872340426,0.020833333333333332,0.020833333333333332
DFW-SRQ,48,48,18.333333333333332,-1.0,0.3333333333333333,0.20833333333333334,0.0,0.0
SFO-MSY,48,47,5.723404255319149,-4.0,0.1702127659574468,0.10638297872340426,0.020833333333333332,0.0
DAL-CMH,48,48,17.270833333333332,3.5,0.25,0.16666666666666666,0.0,0.0
OAK-DAL,48,47,25.53191489361702,5.0,0.3404255319148936,0.2765957446808511,0.020833333333333332,0.020833333333333332
ABQ-MDW,48,47,3.595744680851064,-1.0,0.10638297872340426,0.06382978723404255,0.020833333333333332,0.0
OAK-GEG,48,48,8.041666666666666,0.5,0.1875,0.08333333333333333,0.0,0.0
BHM-HOU,48,48,4.979166666666667,-3.0,0.125,0.08333333333333333,0.0,0.0
MKE-TPA,48,48,8.9375,-2.0,0.14583333333333334,0.10416666666666667,0.0,0.0
MIA-ORF,48,48,8.708333333333334,-1.0,0.2916666666666667,0.14583333333333334,0.0,0.0
HOU-IND,48,48,20.541666666666668,3.0,0.3333333333333333,0.16666666666666666,0.0,0.0
LAS-EUG,48,48,10.083333333333334,-1.0,0.25,0.125,0.0,0.0
DFW-IDA,48,48,21.291666666666668,-4.0,0.2916666666666667,0.22916666666666666,0.0,0.0
DAL-OMA,47,47,17.19148936170213,4.0,0.2765957446808511,0.19148936170212766,0.0,0.0
LGA-AVL,47,46,2.6739130434782608,-6.0,0.08695652173913043,0.06521739130434782,0.02127659574468085,0.0
VPS-DAL,47,47,4.553191489361702,-2.0,0.19148936170212766,0.06382978723404255,0.0,0.02127659574468085
EYW-ORD,47,46,18.065217391304348,1.5,0.2826086956521739,0.17391304347826086,0.02127659574468085,0.0
CVG-PGD,47,47,21.829787234042552,-5.0,0.2127659574468085,0.14893617021276595,0.0,0.02127659574468085
MLI-CLT,47,44,42.31818181818182,-6.0,0.13636363636363635,0.09090909090909091,0.06382978723404255,0.0
PVD-PBI,47,47,4.51063829787234,-3.0,0.1702127659574468,0.14893617021276595,0.0,0.0
FLG-DFW,47,47,36.340425531914896,-2.0,0.3191489361702128,0.23404255319148937,0.0,0.0
XNA-ATL,47,45,1.3555555555555556,-4.0,0.08888888888888889,0.08888888888888889,0.0425531914893617,0.0
FLL-ACY,47,47,2.425531914893617,-7.0,0.10638297872340426,0.06382978723404255,0.0,0.0
EYW-EWR,47,47,3.8297872340425534,-2.0,0.2127659574468085,0.1276595744680851,0.0,0.0425531914893617
CLT-SMF,47,47,23.06382978723404,0.0,0.3617021276595745,0.2765957446808511,0.0,0.0
CLT-SNA,47,46,17.391304347826086,4.5,0.32608695652173914,0.15217391304347827,0.02127659574468085,0.02127659574468085
GRR-PGD,47,47,-1.553191489361702,-8.0,0.1276595744680851,0.0851063829787234,0.0,0.0425531914893617
CMH-DAL,47,46,14.76086956521739,3.5,0.1956521739130435,0.15217391304347827,0.02127659574468085,0.02127659574468085
DAY-DEN,47,47,1.5319148936170213,-5.0,0.14893617021276595,0.0851063829787234,0.0,0.0
SEA-PIT,47,47,10.893617021276595,3.0,0.2978723404255319,0.23404255319148937,0.0,0.0
PDX-STS,47,47,5.617021276595745,-5.0,0.1276595744680851,0.0851063829787234,0.0,0.06382978723404255
LAS-MAF,47,47,13.063829787234043,-2.0,0.2765957446808511,0.14893617021276595,0.0,0.0
FLL-STT,47,47,0.3617021276595745,-5.0,0.1276595744680851,0.06382978723404255,0.0,0.02127659574468085
BZN-SFO,47,47,10.829787234042554,-2.0,0.23404255319148937,0.1276595744680851,0.0,0.0
CMH-SLC,47,47,-2.765957446808511,-5.0,0.10638297872340426,0.02127659574468085,0.0,0.0
SAT-MIA,47,47,0.1702127659574468,-5.0,0.0851063829787234,0.06382978723404255,0.0,0.0
BFL-DFW,47,47,10.063829787234043,-3.0,0.14893617021276595,0.1276595744680851,0.0,0.0425531914893617
LWS-SLC,47,47,8.148936170212766,-6.0,0.0851063829787234,0.0425531914893617,0.0,0.0
AUS-CMH,47,47,6.723404255319149,0.0,0.23404255319148937,0.10638297872340426,0.0,0.0
DEN-DVL,46,46,-4.565217391304348,-8.0,0.06521739130434782,0.043478260869565216,0.0,0.0
DAL-MKE,46,45,9.977777777777778,1.0,0.17777777777777778,0.13333333333333333,0.021739130434782608,0.0
PHX-FSD,46,46,10.521739130434783,-5.0,0.1956521739130435,0.15217391304347827,0.0,0.0
RIC-MDW,46,46,19.5,2.5,0.2608695652173913,0.15217391304347827,0.0,0.043478260869565216
JFK-SAT,46,46,0.32608695652173914,-4.5,0.08695652173913043,0.043478260869565216,0.0,0.0
MSP-MSO,46,46,5.3478260869565215,-2.0,0.1956521739130435,0.08695652173913043,0.0,0.021739130434782608
PHX-BUF,46,46,15.695652173913043,4.5,0.30434782608695654,0.10869565217391304,0.0,0.0
XNA-DCA,46,45,3.8,-4.0,0.2,0.08888888888888889,0.021739130434782608,0.0
SYR-JFK,46,42,5.880952380952381,-4.0,0.14285714285714285,0.11904761904761904,0.08695652173913043,0.0
ORD-EVV,46,43,11.651162790697674,-1.0,0.27906976744186046,0.13953488372093023,0.06521739130434782,0.0
DEN-LIH,46,46,13.326086956521738,0.0,0.1956521739130435,0.13043478260869565,0.0,0.0
PHX-MSN,46,46,15.478260869565217,-4.5,0.21739130434782608,0.1956521739130435,0.0,0.0
SCE-ORD,46,45,14.066666666666666,-7.0,0.2,0.15555555555555556,0.021739130434782608,0.0
IND-HOU,46,45,6.733333333333333,-1.0,0.2,0.1111111111111111,0.021739130434782608,0.0
SUX-ORD,46,46,7.760869565217392,-7.0,0.13043478260869565,0.10869565217391304,0.0,0.0
EUG-SMF,46,46,2.8260869565217392,-3.0,0.08695652173913043,0.06521739130434782,0.0,0.0
SBN-DTW,46,45,22.933333333333334,-6.0,0.2,0.17777777777777778,0.021739130434782608,0.0
LEX-DEN,46,46,3.9130434782608696,-7.0,0.13043478260869565,0.06521739130434782,0.0,0.0
ATW-ATL,46,46,5.565217391304348,-4.0,0.13043478260869565,0.08695652173913043,0.0,0.021739130434782608
XNA-PHL,46,44,17.045454545454547,-7.0,0.20454545454545456,0.1590909090909091,0.043478260869565216,0.021739130434782608
STT-SJU,46,46,19.369565217391305,-2.5,0.3695652173913043,0.2826086956521739,0.0,0.0
CMH-SEA,46,46,13.065217391304348,5.5,0.34782608695652173,0.17391304347826086,0.0,0.0
CID-CLT,46,45,33.0,-2.0,0.15555555555555556,0.15555555555555556,0.021739130434782608,0.0
JAN-CLT,46,45,8.066666666666666,-4.0,0.17777777777777778,0.15555555555555556,0.021739130434782608,0.0
IND-SRQ,46,45,20.08888888888889,-2.0,0.24444444444444444,0.13333333333333333,0.021739130434782608,0.0
ATL-COS,46,46,12.76086956521739,-2.5,0.2608695652173913,0.1956521739130435,0.0,0.0
RSW-BDL,46,45,16.8,-6.0,0.2,0.13333333333333333,0.021739130434782608,0.0
CVG-BNA,46,45,14.377777777777778,7.0,0.3111111111111111,0.1111111111111111,0.021739130434782608,0.0
IAH-MCI,46,46,19.282608695652176,-0.5,0.1956521739130435,0.17391304347826086,0.0,0.0
ORD-FCA,46,45,31.68888888888889,0.0,0.35555555555555557,0.2222222222222222,0.021739130434782608,0.0
OMA-MCO,45,44,10.295454545454545,-1.0,0.18181818181818182,0.1590909090909091,0.022222222222222223,0.0
DAL-VPS,45,45,10.8,-2.0,0.24444444444444444,0.15555555555555556,0.0,0.0
MHK-ORD,45,42,10.571428571428571,-6.0,0.14285714285714285,0.11904761904761904,0.06666666666666667,0.0
XNA-LAX,45,45,14.28888888888889,2.0,0.24444444444444444,0.15555555555555556,0.0,0.0
LAS-AMA,45,44,2.5,-4.0,0.11363636363636363,0.06818181818181818,0.022222222222222223,0.0
TPA-SDF,45,45,5.355555555555555,-3.0,0.15555555555555556,0.13333333333333333,0.0,0.022222222222222223
DAL-RDU,45,44,11.431818181818182,2.5,0.25,0.11363636363636363,0.022222222222222223,0.0
TPA-BHM,45,44,11.590909090909092,1.0,0.29545454545454547,0.1590909090909091,0.022222222222222223,0.0
DAL-PNS,45,44,7.840909090909091,0.5,0.18181818181818182,0.13636363636363635,0.022222222222222223,0.0
FWA-CLT,45,45,1.4666666666666666,-5.0,0.15555555555555556,0.06666666666666667,0.0,0.0
DAL-MIA,45,44,9.931818181818182,0.0,0.20454545454545456,0.09090909090909091,0.022222222222222223,0.0
DEN-LEX,45,45,9.266666666666667,-1.0,0.2,0.13333333333333333,0.0,0.0
SDF-LAS,45,45,5.177777777777778,-2.0,0.15555555555555556,0.1111111111111111,0.0,0.022222222222222223
SMF-EUG,45,45,10.533333333333333,4.0,0.28888888888888886,0.1111111111111111,0.0,0.0
STS-PDX,45,45,14.844444444444445,-4.0,0.2,0.15555555555555556,0.0,0.0
MDW-MHT,45,43,10.744186046511627,-1.0,0.20930232558139536,0.11627906976744186,0.044444444444444446,0.0
BWI-GRR,45,45,14.71111111111111,-1.0,0.28888888888888886,0.17777777777777778,0.0,0.0
SAV-MDW,45,44,15.795454545454545,-1.0,0.20454545454545456,0.13636363636363635,0.022222222222222223,0.0
DFW-ANC,45,44,22.59090909090909,5.5,0.29545454545454547,0.25,0.022222222222222223,0.0
LAX-SGU,45,45,6.022222222222222,-5.0,0.022222222222222223,0.022222222222222223,0.0,0.0
SLC-GJT,45,45,-7.6,-9.0,0.022222222222222223,0.0,0.0,0.0
SFB-GRR,45,45,12.577777777777778,-5.0,0.28888888888888886,0.2,0.0,0.0
PGD-GRR,45,45,-0.26666666666666666,-4.0,0.13333333333333333,0.022222222222222223,0.0,0.0
BTR-IAH,45,43,16.441860465116278,-5.0,0.20930232558139536,0.18604651162790697,0.044444444444444446,0.0
SJC-MSP,45,45,8.466666666666667,-5.0,0.1111111111111111,0.08888888888888889,0.0,0.0
CHA-CLT,45,45,38.53333333333333,-6.0,0.2222222222222222,0.17777777777777778,0.0,0.0
SNA-PVU,45,44,102.95454545454545,5.0,0.4090909090909091,0.2727272727272727,0.022222222222222223,0.0
ORH-MCO,45,45,18.711111111111112,-7.0,0.13333333333333333,0.08888888888888889,0.0,0.022222222222222223
DEN-GSP,45,45,11.866666666666667,-3.0,0.15555555555555556,0.06666666666666667,0.0,0.0
OKC-BNA,45,45,9.266666666666667,-3.0,0.1111111111111111,0.044444444444444446,0.0,0.022222222222222223
SAN-TPA,45,45,5.8,-1.0,0.15555555555555556,0.06666666666666667,0.0,0.0
LGA-CAE,45,45,2.8666666666666667,-6.0,0.1111111111111111,0.08888888888888889,0.0,0.0
SEA-STS,45,45,10.644444444444444,-1.0,0.3333333333333333,0.15555555555555556,0.022222222222222223,0.0
DAL-HRL,45,43,10.186046511627907,2.0,0.23255813953488372,0.16279069767441862,0.044444444444444446,0.0
EWR-BUF,45,42,10.666666666666666,-2.0,0.2619047619047619,0.19047619047619047,0.06666666666666667,0.0
DFW-SYR,44,41,52.73170731707317,18.0,0.5121951219512195,0.3902439024390244,0.06818181818181818,0.0
ATL-ASE,44,44,25.363636363636363,-2.0,0.18181818181818182,0.13636363636363635,0.0,0.13636363636363635
FSD-ATL,44,44,6.909090909090909,-2.0,0.13636363636363635,0.11363636363636363,0.0,0.0
DFW-OGG,44,44,34.34090909090909,3.5,0.3181818181818182,0.2727272727272727,0.0,0.0
MIA-GNV,44,44,6.5,-4.0,0.20454545454545456,0.13636363636363635,0.0,0.0
ROC-MCO,44,44,7.386363636363637,-1.0,0.20454545454545456,0.06818181818181818,0.0,0.0
SDF-FLL,44,43,39.23255813953488,4.0,0.27906976744186046,0.16279069767441862,0.022727272727272728,0.0
DFW-BUF,44,42,43.0,21.5,0.5952380952380952,0.4523809523809524,0.045454545454545456,0.0
SJU-DTW,44,44,7.2272727272727275,-2.0,0.22727272727272727,0.06818181818181818,0.0,0.0
ROC-EWR,44,43,-1.2093023255813953,-4.0,0.06976744186046512,0.023255813953488372,0.022727272727272728,0.0
SEA-IND,44,44,9.522727272727273,5.0,0.25,0.09090909090909091,0.0,0.0
DTW-MDT,44,44,6.090909090909091,-4.0,0.18181818181818182,0.13636363636363635,0.0,0.0
CVG-PIE,44,44,20.40909090909091,-3.0,0.3409090909090909,0.22727272727272727,0.0,0.0
SJC-OGG,44,44,-2.1136363636363638,-2.0,0.022727272727272728,0.0,0.0,0.0
RDU-SLC,44,44,14.977272727272727,-1.0,0.18181818181818182,0.13636363636363635,0.0,0.0
CAK-DCA,44,43,5.790697674418604,-9.0,0.13953488372093023,0.046511627906976744,0.022727272727272728,0.0
FCA-ORD,44,44,8.0,-4.0,0.20454545454545456,0.20454545454545456,0.0,0.022727272727272728
DCA-CID,44,41,5.536585365853658,-2.0,0.17073170731707318,0.0975609756097561,0.06818181818181818,0.0
KOA-SMF,44,44,3.6818181818181817,-5.0,0.045454545454545456,0.045454545454545456,0.0,0.0
BDL-RSW,44,43,3.5813953488372094,-5.0,0.18604651162790697,0.11627906976744186,0.022727272727272728,0.022727272727272728
LAS-GRR,44,44,15.227272727272727,3.0,0.36363636363636365,0.18181818181818182,0.0,0.022727272727272728
PDX-AUS,44,44,12.045454545454545,-1.5,0.22727272727272727,0.11363636363636363,0.0,0.0
PHL-BHM,44,43,34.55813953488372,-5.0,0.27906976744186046,0.23255813953488372,0.045454545454545456,0.022727272727272728
GRR-MCO,44,44,-1.2272727272727273,-5.0,0.13636363636363635,0.045454545454545456,0.0,0.0
PHL-EYW,44,44,3.5,-6.0,0.18181818181818182,0.11363636363636363,0.0,0.022727272727272728
SPN-GUM,44,44,23.772727272727273,-6.5,0.11363636363636363,0.09090909090909091,0.0,0.0
MCI-SAN,44,44,16.113636363636363,0.5,0.29545454545454547,0.11363636363636363,0.0,0.0
PBI-PVD,44,42,5.642857142857143,-5.0,0.19047619047619047,0.11904761904761904,0.045454545454545456,0.0
BNA-BDL,44,44,6.545454545454546,0.5,0.20454545454545456,0.09090909090909091,0.0,0.0
PDX-MCO,44,44,10.545454545454545,0.0,0.18181818181818182,0.09090909090909091,0.0,0.0
PIE-CVG,44,44,16.568181818181817,-2.5,0.3181818181818182,0.25,0.0,0.0
HOU-OMA,44,44,14.0,-1.5,0.22727272727272727,0.11363636363636363,0.0,0.0
BNA-LGB,43,43,10.906976744186046,7.0,0.27906976744186046,0.06976744186046512,0.0,0.0
IAD-CVG,43,42,4.857142857142857,-3.5,0.09523809523809523,0.09523809523809523,0.023255813953488372,0.0
DFW-SBA,43,42,29.69047619047619,2.0,0.30952380952380953,0.2619047619047619,0.023255813953488372,0.023255813953488372
BNA-OKC,43,43,14.488372093023257,6.0,0.3488372093023256,0.11627906976744186,0.0,0.0
MDW-SAV,43,42,8.476190476190476,-1.5,0.21428571428571427,0.14285714285714285,0.023255813953488372,0.0
DEN-SUX,43,43,15.046511627906977,-2.0,0.27906976744186046,0.16279069767441862,0.0,0.0
RDU-SJU,43,42,12.928571428571429,-1.0,0.2857142857142857,0.19047619047619047,0.023255813953488372,0.0
MEM-EWR,43,42,6.142857142857143,-3.5,0.11904761904761904,0.09523809523809523,0.023255813953488372,0.0
ATL-GEG,43,43,-1.627906976744186,-4.0,0.06976744186046512,0.023255813953488372,0.0,0.0
PDX-CLT,43,43,1.2325581395348837,-5.0,0.13953488372093023,0.06976744186046512,0.0,0.0
BIL-MSP,43,43,-5.8604651162790695,-9.0,0.06976744186046512,0.046511627906976744,0.0,0.0
MYR-PIT,43,42,3.6904761904761907,-6.5,0.14285714285714285,0.07142857142857142,0.023255813953488372,0.0
MCI-EWR,43,41,22.878048780487806,-4.0,0.17073170731707318,0.17073170731707318,0.046511627906976744,0.023255813953488372
KTN-JNU,43,43,-3.4186046511627906,-15.0,0.18604651162790697,0.11627906976744186,0.0,0.0
LAX-PRC,43,42,31.523809523809526,-4.0,0.16666666666666666,0.16666666666666666,0.023255813953488372,0.0
RIC-BNA,43,43,0.5116279069767442,-1.0,0.09302325581395349,0.023255813953488372,0.0,0.0
LAX-SUN,43,43,3.372093023255814,-6.0,0.09302325581395349,0.09302325581395349,0.0,0.0
ORD-MHK,43,43,25.046511627906977,1.0,0.3953488372093023,0.3023255813953488,0.0,0.0
MYR-DFW,43,41,25.26829268292683,-3.0,0.2926829268292683,0.24390243902439024,0.046511627906976744,0.023255813953488372
OGG-DFW,43,43,52.18604651162791,-2.0,0.16279069767441862,0.13953488372093023,0.0,0.023255813953488372
GEG-ORD,43,43,13.976744186046512,-3.0,0.16279069767441862,0.13953488372093023,0.0,0.0
SEA-CLE,43,43,11.813953488372093,3.0,0.3488372093023256,0.13953488372093023,0.0,0.0
SMF-PSP,43,43,11.69767441860465,0.0,0.27906976744186046,0.18604651162790697,0.0,0.0
ACY-RSW,43,43,-0.20930232558139536,-7.0,0.11627906976744186,0.023255813953488372,0.0,0.0
SLC-PIT,43,43,0.5813953488372093,-7.0,0.11627906976744186,0.046511627906976744,0.0,0.0
CHS-DAL,43,43,14.232558139534884,0.0,0.27906976744186046,0.20930232558139536,0.0,0.0
DCA-AVL,43,41,36.048780487804876,0.0,0.2682926829268293,0.24390243902439024,0.046511627906976744,0.0
SBA-SEA,43,43,9.581395348837209,0.0,0.2558139534883721,0.16279069767441862,0.0,0.0
MKE-RSW,43,43,10.604651162790697,-2.0,0.13953488372093023,0.11627906976744186,0.0,0.0
WRG-KTN,43,42,-1.0952380952380953,-12.0,0.11904761904761904,0.09523809523809523,0.023255813953488372,0.023255813953488372
VPS-DCA,43,41,32.8780487804878,-7.0,0.17073170731707318,0.12195121951219512,0.046511627906976744,0.0
SEA-OKC,43,43,7.162790697674419,-3.0,0.13953488372093023,0.09302325581395349,0.0,0.0
TPA-SAN,43,43,6.116279069767442,1.0,0.23255813953488372,0.11627906976744186,0.0,0.0
FSD-PHX,43,43,1.6511627906976745,-5.0,0.18604651162790697,0.09302325581395349,0.0,0.0
DEN-SYR,42,42,33.38095238095238,-0.5,0.38095238095238093,0.2619047619047619,0.0,0.0
CVG-SFB,42,42,10.261904761904763,-2.5,0.30952380952380953,0.16666666666666666,0.0,0.0
EWR-BQN,42,42,10.380952380952381,0.0,0.21428571428571427,0.09523809523809523,0.0,0.0
MDW-OAK,42,42,26.38095238095238,8.5,0.40476190476190477,0.21428571428571427,0.0,0.0
SNA-JFK,42,39,28.58974358974359,-3.0,0.3076923076923077,0.2564102564102564,0.07142857142857142,0.0
KOA-PHX,42,42,48.42857142857143,-6.5,0.07142857142857142,0.047619047619047616,0.0,0.0
SHV-DEN,42,42,8.166666666666666,-5.0,0.14285714285714285,0.09523809523809523,0.0,0.0
LAS-SDF,42,41,10.951219512195122,2.0,0.2682926829268293,0.0975609756097561,0.023809523809523808,0.0
VPS-MSP,42,42,7.904761904761905,-3.5,0.19047619047619047,0.09523809523809523,0.0,0.0
LIH-PHX,42,42,20.023809523809526,-9.0,0.047619047619047616,0.047619047619047616,0.0,0.0
MSP-MSY,42,41,-1.829268292682927,-4.0,0.07317073170731707,0.0,0.023809523809523808,0.0
TUL-LAX,42,42,20.095238095238095,-1.5,0.23809523809523808,0.19047619047619047,0.0,0.0
ROC-DTW,42,40,23.55,-2.0,0.175,0.15,0.047619047619047616,0.0
EWR-CVG,42,38,8.368421052631579,-4.5,0.21052631578947367,0.15789473684210525,0.09523809523809523,0.0
STL-PIT,42,42,7.5476190476190474,-1.5,0.16666666666666666,0.09523809523809523,0.0,0.0
MSY-SLC,42,42,1.3095238095238095,-6.5,0.11904761904761904,0.07142857142857142,0.0,0.0
DEN-AVL,42,42,3.3095238095238093,-4.0,0.14285714285714285,0.11904761904761904,0.0,0.0
CHS-MDW,42,42,2.8333333333333335,-2.0,0.047619047619047616,0.047619047619047616,0.0,0.0
BUF-EWR,42,41,8.560975609756097,-4.0,0.14634146341463414,0.07317073170731707,0.023809523809523808,0.0
MCO-MYR,42,42,1.0,-4.0,0.16666666666666666,0.047619047619047616,0.0,0.0
SEA-LWS,42,42,8.357142857142858,-5.0,0.16666666666666666,0.14285714285714285,0.0,0.0
SMF-AUS,42,42,13.047619047619047,0.5,0.2619047619047619,0.14285714285714285,0.0,0.0
LFT-CLT,42,41,5.536585365853658,-7.0,0.12195121951219512,0.07317073170731707,0.023809523809523808,0.0
SLC-MKE,42,42,4.523809523809524,-7.5,0.16666666666666666,0.14285714285714285,0.0,0.0
FNT-PIE,42,42,7.071428571428571,-0.5,0.23809523809523808,0.14285714285714285,0.0,0.0
GRB-ATL,42,42,3.2857142857142856,-6.0,0.07142857142857142,0.07142857142857142,0.0,0.023809523809523808
CLT-AGS,42,41,23.048780487804876,-2.0,0.2926829268292683,0.1951219512195122,0.023809523809523808,0.0
IND-MDW,42,42,6.095238095238095,-1.5,0.14285714285714285,0.09523809523809523,0.0,0.0
LGA-TUL,42,41,19.390243902439025,-3.0,0.2926829268292683,0.24390243902439024,0.023809523809523808,0.0
LAX-RDD,42,42,-0.3333333333333333,-5.0,0.047619047619047616,0.023809523809523808,0.0,0.0
IAH-HOB,42,41,58.048780487804876,2.0,0.36585365853658536,0.24390243902439024,0.023809523809523808,0.0
MSP-FWA,42,41,16.170731707317074,-4.0,0.2682926829268293,0.17073170731707318,0.023809523809523808,0.0
GSO-DEN,42,42,3.5952380952380953,-4.0,0.07142857142857142,0.07142857142857142,0.0,0.0
ATL-BUR,42,41,35.90243902439025,-1.0,0.21951219512195122,0.1951219512195122,0.047619047619047616,0.0
ESC-DTW,42,40,48.725,-7.0,0.175,0.15,0.047619047619047616,0.0
DFW-BFL,42,40,35.85,22.0,0.575,0.325,0.047619047619047616,0.0
GSP-DEN,42,42,11.714285714285714,-3.0,0.14285714285714285,0.14285714285714285,0.0,0.0
MSO-SEA,42,42,13.023809523809524,-2.5,0.35714285714285715,0.11904761904761904,0.0,0.0
PHX-SAF,42,41,5.560975609756097,-5.0,0.14634146341463414,0.14634146341463414,0.023809523809523808,0.0
IAH-SGF,42,42,36.833333333333336,-2.0,0.3333333333333333,0.19047619047619047,0.0,0.0
ORD-RNO,42,42,25.0,5.5,0.40476190476190477,0.21428571428571427,0.0,0.0
MCO-OMA,42,42,16.523809523809526,5.0,0.38095238095238093,0.14285714285714285,0.0,0.0
BOS-ILM,41,40,2.425,-6.5,0.1,0.1,0.024390243902439025,0.0
ALB-LAS,41,41,13.24390243902439,2.0,0.2926829268292683,0.1951219512195122,0.0,0.024390243902439025
DTW-HPN,41,41,7.219512195121951,-1.0,0.17073170731707318,0.14634146341463414,0.0,0.0
SLC-RDU,41,41,1.024390243902439,-4.0,0.17073170731707318,0.07317073170731707,0.0,0.0
MHT-ORD,41,41,3.4390243902439024,-6.0,0.1951219512195122,0.0975609756097561,0.0,0.0
DFW-AGS,41,39,46.02564102564103,-3.0,0.1282051282051282,0.1282051282051282,0.04878048780487805,0.0
AZA-FSD,41,41,10.463414634146341,-4.0,0.1951219512195122,0.14634146341463414,0.0,0.0
MGW-IAD,41,39,34.30769230769231,-7.0,0.1794871794871795,0.15384615384615385,0.04878048780487805,0.0
AUS-BUR,41,41,21.536585365853657,8.0,0.36585365853658536,0.17073170731707318,0.0,0.0
MDW-RIC,41,41,4.878048780487805,-1.0,0.0975609756097561,0.07317073170731707,0.0,0.0
EWR-BGR,41,39,10.435897435897436,-4.0,0.23076923076923078,0.1794871794871795,0.04878048780487805,0.0
STX-SJU,41,41,14.707317073170731,-6.0,0.2682926829268293,0.21951219512195122,0.0,0.0
LAX-EUG,41,41,3.7560975609756095,-7.0,0.024390243902439025,0.024390243902439025,0.0,0.0
SDF-IAD,41,40,1.9,-7.0,0.05,0.05,0.04878048780487805,0.0
SDF-MIA,41,41,13.512195121951219,-1.0,0.17073170731707318,0.07317073170731707,0.0,0.0
EVV-ORD,41,39,8.384615384615385,-6.0,0.1282051282051282,0.07692307692307693,0.04878048780487805,0.0
SDF-TPA,41,41,17.975609756097562,0.0,0.24390243902439024,0.17073170731707318,0.0,0.0
SDF-PHX,41,41,12.195121951219512,-1.0,0.21951219512195122,0.17073170731707318,0.0,0.0
AGS-CLT,41,40,6.95,-4.5,0.15,0.125,0.024390243902439025,0.0
MSY-SAT,41,40,21.75,2.0,0.325,0.225,0.024390243902439025,0.0
DAL-PIT,41,41,9.097560975609756,0.0,0.21951219512195122,0.0975609756097561,0.0,0.0
OMA-HOU,41,40,2.15,-2.5,0.1,0.05,0.024390243902439025,0.0
ANC-SCC,41,41,3.8292682926829267,-7.0,0.17073170731707318,0.0975609756097561,0.0,0.0
RNO-BUR,41,40,4.225,-1.5,0.2,0.1,0.024390243902439025,0.0
LAS-LBB,41,41,6.585365853658536,0.0,0.17073170731707318,0.12195121951219512,0.0,0.0
OKC-MCO,41,41,35.21951219512195,-2.0,0.21951219512195122,0.14634146341463414,0.0,0.0
SRQ-STL,41,40,12.75,-3.5,0.1,0.1,0.024390243902439025,0.0
PSP-SMF,41,41,2.975609756097561,-3.0,0.1951219512195122,0.12195121951219512,0.0,0.0
FLL-MYR,41,40,13.625,-4.5,0.2,0.175,0.024390243902439025,0.0
FLL-ORH,41,40,5.775,-5.5,0.125,0.075,0.024390243902439025,0.0
OTZ-ANC,41,38,6.947368421052632,-11.5,0.18421052631578946,0.13157894736842105,0.07317073170731707,0.0
ATL-CRW,41,39,37.38461538461539,-2.0,0.28205128205128205,0.20512820512820512,0.04878048780487805,0.024390243902439025
ANC-HNL,41,41,17.804878048780488,-2.0,0.17073170731707318,0.12195121951219512,0.0,0.0
MCI-MSY,41,41,1.146341463414634,-4.0,0.07317073170731707,0.04878048780487805,0.0,0.0
MQT-MSP,41,39,16.564102564102566,-9.0,0.15384615384615385,0.1282051282051282,0.04878048780487805,0.0
YUM-DFW,41,40,10.125,-7.5,0.075,0.05,0.024390243902439025,0.0
PWM-JFK,41,41,6.634146341463414,-7.0,0.17073170731707318,0.12195121951219512,0.024390243902439025,0.0
SJU-STT,41,40,13.6,-1.0,0.275,0.175,0.024390243902439025,0.0
ORD-SLN,41,41,30.682926829268293,-1.0,0.3170731707317073,0.2926829268292683,0.0,0.0
GEG-ATL,40,40,5.85,-3.0,0.2,0.125,0.0,0.025
MCI-OAK,40,40,22.275,13.0,0.475,0.325,0.0,0.0
DAL-ONT,40,40,25.5,5.0,0.375,0.225,0.0,0.0
LGB-OGG,40,40,2.675,-6.0,0.075,0.05,0.0,0.0
SEA-MSO,40,39,4.205128205128205,-3.0,0.23076923076923078,0.10256410256410256,0.025,0.0
ORD-JLN,40,39,58.743589743589745,0.0,0.3333333333333333,0.3076923076923077,0.025,0.0
SRQ-CMH,40,40,2.975,-4.0,0.175,0.05,0.0,0.0
LAX-PSC,40,40,7.6,-4.5,0.175,0.175,0.0,0.0
DCA-SJU,40,40,-1.975,-3.5,0.075,0.0,0.0,0.0
CLT-TLH,40,37,6.0,-5.0,0.16216216216216217,0.10810810810810811,0.075,0.0
AGS-DFW,40,38,21.55263157894737,-1.0,0.42105263157894735,0.2631578947368421,0.05,0.0
TPA-SAT,40,39,30.512820512820515,-2.0,0.28205128205128205,0.23076923076923078,0.025,0.0
PHL-LEX,40,39,15.307692307692308,-4.0,0.2564102564102564,0.20512820512820512,0.025,0.025
MSP-CID,40,40,1.05,-4.0,0.075,0.05,0.0,0.0
PHX-FLL,40,40,18.15,-1.0,0.225,0.2,0.0,0.0
TPA-SLC,40,40,1.225,-3.0,0.1,0.05,0.0,0.0
SRQ-PHL,40,38,16.44736842105263,1.0,0.4473684210526316,0.34210526315789475,0.05,0.0
LIH-DEN,40,40,-7.3,-10.0,0.05,0.025,0.0,0.0
LAX-XNA,40,40,8.125,-5.5,0.175,0.15,0.0,0.0
IAH-ASE,40,39,14.179487179487179,-4.0,0.1794871794871795,0.1282051282051282,0.025,0.025
DCA-AGS,40,39,26.205128205128204,6.0,0.46153846153846156,0.38461538461538464,0.025,0.0
PHL-TYS,40,38,25.44736842105263,-3.5,0.2894736842105263,0.13157894736842105,0.05,0.0
ILM-ORD,40,38,15.157894736842104,-1.5,0.2894736842105263,0.23684210526315788,0.05,0.0
LAX-TUL,40,40,15.425,-7.0,0.15,0.15,0.0,0.0
HNL-ONT,40,40,2.75,-1.0,0.1,0.05,0.0,0.0
MDW-CVG,40,40,21.175,9.0,0.375,0.225,0.0,0.0
DEN-HOB,40,39,28.53846153846154,0.0,0.2564102564102564,0.23076923076923078,0.025,0.025
HNL-ANC,40,40,11.025,-0.5,0.225,0.175,0.0,0.0
BWI-ABQ,40,40,11.925,-0.5,0.3,0.2,0.0,0.0
KOA-DEN,40,40,1.375,-4.0,0.075,0.05,0.0,0.025
JST-ORD,40,38,24.31578947368421,-6.5,0.21052631578947367,0.18421052631578946,0.05,0.0
RSW-ACY,40,40,1.775,-8.0,0.125,0.1,0.0,0.0
LAX-ANC,40,40,4.25,-4.0,0.2,0.05,0.0,0.0
MDW-TUS,40,39,7.230769230769231,-2.0,0.1794871794871795,0.07692307692307693,0.025,0.0
ATL-HNL,40,40,13.3,3.5,0.3,0.125,0.0,0.0
LAX-CVG,40,39,4.282051282051282,-1.0,0.15384615384615385,0.07692307692307693,0.025,0.0
PBI-ACY,40,40,11.4,-6.5,0.15,0.1,0.0,0.0
PNS-ORD,40,40,15.75,-3.5,0.15,0.1,0.0,0.0
PVD-SJU,39,39,5.205128205128205,-3.0,0.10256410256410256,0.07692307692307693,0.0,0.0
SRQ-JFK,39,39,58.35897435897436,-4.0,0.1794871794871795,0.15384615384615385,0.0,0.0
PIT-AUS,39,39,4.589743589743589,-2.0,0.07692307692307693,0.07692307692307693,0.0,0.0
BUR-ABQ,39,39,6.128205128205129,-3.0,0.1794871794871795,0.10256410256410256,0.0,0.0
FLL-PHX,39,39,10.076923076923077,-6.0,0.23076923076923078,0.1282051282051282,0.0,0.0
MSP-CIU,39,39,2.076923076923077,-5.0,0.07692307692307693,0.05128205128205128,0.0,0.02564102564102564
MCO-PDX,39,39,10.717948717948717,-2.0,0.23076923076923078,0.1794871794871795,0.0,0.0
LIH-KOA,39,39,8.794871794871796,5.0,0.3076923076923077,0.1282051282051282,0.0,0.0
MGW-ORD,39,36,24.416666666666668,-9.0,0.16666666666666666,0.16666666666666666,0.07692307692307693,0.0
MCI-ABQ,39,38,9.289473684210526,1.0,0.2631578947368421,0.13157894736842105,0.02564102564102564,0.0
RSW-IAD,39,39,0.3333333333333333,-6.0,0.07692307692307693,0.07692307692307693,0.0,0.0
SEA-CHS,39,39,2.6923076923076925,-1.0,0.1282051282051282,0.02564102564102564,0.0,0.0
LBB-LAS,39,38,13.473684210526315,-2.0,0.21052631578947367,0.13157894736842105,0.02564102564102564,0.02564102564102564
ORD-HNL,39,39,3.6666666666666665,0.0,0.1282051282051282,0.05128205128205128,0.0,0.0
HNL-BOS,39,39,9.128205128205128,5.0,0.1794871794871795,0.05128205128205128,0.0,0.0
MCO-GRR,39,38,13.105263157894736,-4.0,0.18421052631578946,0.13157894736842105,0.02564102564102564,0.02564102564102564
MIA-BDL,39,39,27.05128205128205,3.0,0.358974358974359,0.2564102564102564,0.0,0.0
RSW-MKE,39,39,3.7948717948717947,-1.0,0.1282051282051282,0.05128205128205128,0.0,0.0
HNL-IAH,39,38,10.026315789473685,0.0,0.21052631578947367,0.15789473684210525,0.02564102564102564,0.0
SBA-OAK,39,39,10.102564102564102,-3.0,0.2564102564102564,0.1794871794871795,0.0,0.0
SFB-CVG,39,39,14.897435897435898,3.0,0.3076923076923077,0.23076923076923078,0.0,0.02564102564102564
SAT-MSY,39,39,0.23076923076923078,-4.0,0.07692307692307693,0.07692307692307693,0.0,0.02564102564102564
CRW-DCA,39,37,7.027027027027027,-8.0,0.08108108108108109,0.08108108108108109,0.05128205128205128,0.0
DAL-SAV,39,39,19.0,1.0,0.38461538461538464,0.2564102564102564,0.0,0.0
HOU-SLC,39,39,5.589743589743589,0.0,0.23076923076923078,0.05128205128205128,0.0,0.0
CDV-YAK,39,38,-9.894736842105264,-17.0,0.07894736842105263,0.05263157894736842,0.02564102564102564,0.02564102564102564
JAC-SFO,39,39,18.28205128205128,-1.0,0.28205128205128205,0.1794871794871795,0.0,0.0
RIC-EWR,39,35,40.48571428571429,-4.0,0.3142857142857143,0.2,0.10256410256410256,0.0
HHH-DCA,39,39,0.358974358974359,-8.0,0.15384615384615385,0.05128205128205128,0.0,0.0
ACK-JFK,39,39,14.615384615384615,-6.0,0.2564102564102564,0.20512820512820512,0.0,0.0
LAX-OMA,39,39,4.897435897435898,-6.0,0.15384615384615385,0.10256410256410256,0.0,0.0
ATL-RNO,39,39,18.05128205128205,-2.0,0.38461538461538464,0.2564102564102564,0.0,0.0
JAX-DAL,39,39,14.820512820512821,5.0,0.358974358974359,0.23076923076923078,0.0,0.0
BLV-VPS,39,39,9.512820512820513,-7.0,0.28205128205128205,0.23076923076923078,0.0,0.0
JNU-PSG,39,39,5.0256410256410255,-9.0,0.1282051282051282,0.07692307692307693,0.0,0.0
BDL-MIA,39,38,-5.578947368421052,-5.0,0.0,0.0,0.02564102564102564,0.0
PHX-KOA,39,39,9.23076923076923,-5.0,0.20512820512820512,0.1282051282051282,0.0,0.0
BNA-RIC,39,39,19.205128205128204,9.0,0.38461538461538464,0.1794871794871795,0.0,0.0
BGR-PHL,38,38,16.13157894736842,-6.5,0.18421052631578946,0.10526315789473684,0.02631578947368421,0.0
CLT-JAN,38,35,18.228571428571428,-4.0,0.2571428571428571,0.22857142857142856,0.07894736842105263,0.0
STL-SMF,38,38,11.157894736842104,4.0,0.2631578947368421,0.15789473684210525,0.0,0.0
JFK-MVY,38,35,7.542857142857143,-5.0,0.22857142857142856,0.11428571428571428,0.07894736842105263,0.0
MSO-MSP,38,38,10.157894736842104,-6.0,0.13157894736842105,0.05263157894736842,0.0,0.02631578947368421
LAS-BLI,38,38,3.710526315789474,-7.0,0.07894736842105263,0.07894736842105263,0.0,0.0
CLT-FWA,38,38,23.07894736842105,0.5,0.42105263157894735,0.2894736842105263,0.0,0.0
MIA-DAL,38,38,18.31578947368421,-1.0,0.18421052631578946,0.10526315789473684,0.0,0.0
DEN-BTM,38,36,69.58333333333333,3.0,0.3611111111111111,0.2222222222222222,0.05263157894736842,0.0
DEN-GSO,38,37,11.297297297297296,-2.0,0.16216216216216217,0.16216216216216217,0.02631578947368421,0.0
DCA-ECP,38,36,13.833333333333334,-3.0,0.19444444444444445,0.1388888888888889,0.07894736842105263,0.0
BNA-PDX,38,38,16.44736842105263,0.5,0.2631578947368421,0.21052631578947367,0.0,0.0
KOA-PDX,38,38,8.394736842105264,1.5,0.21052631578947367,0.05263157894736842,0.0,0.0
SBP-DFW,38,38,20.13157894736842,3.0,0.3684210526315789,0.21052631578947367,0.0,0.02631578947368421
PAE-LAS,38,38,8.68421052631579,-4.5,0.23684210526315788,0.15789473684210525,0.0,0.0
BOI-BUR,38,38,5.2894736842105265,-3.0,0.18421052631578946,0.15789473684210525,0.0,0.0
DEN-JLN,38,38,10.263157894736842,-5.0,0.23684210526315788,0.15789473684210525,0.0,0.0
BDL-BNA,38,38,7.421052631578948,-0.5,0.23684210526315788,0.07894736842105263,0.0,0.0
SLC-TPA,38,38,3.1842105263157894,-4.0,0.18421052631578946,0.10526315789473684,0.0,0.0
AUS-SNA,38,38,17.473684210526315,8.5,0.42105263157894735,0.23684210526315788,0.0,0.0
DCA-AUS,38,38,53.078947368421055,23.0,0.5789473684210527,0.47368421052631576,0.0,0.0
DFW-MSO,38,38,4.7631578947368425,-2.0,0.18421052631578946,0.10526315789473684,0.0,0.0
DAL-MEM,38,38,19.263157894736842,8.0,0.34210526315789475,0.23684210526315788,0.0,0.0
CMH-AUS,38,38,12.263157894736842,1.0,0.21052631578947367,0.13157894736842105,0.0,0.0
STT-FLL,38,38,2.8947368421052633,-5.0,0.10526315789473684,0.07894736842105263,0.0,0.0
BHM-LAS,38,38,4.2368421052631575,0.0,0.13157894736842105,0.05263157894736842,0.0,0.0
ONT-DAL,38,38,18.789473684210527,2.0,0.15789473684210525,0.10526315789473684,0.0,0.0
LWS-SEA,38,38,-3.1052631578947367,-3.5,0.02631578947368421,0.0,0.0,0.0
SJC-ORD,38,37,23.972972972972972,-4.0,0.08108108108108109,0.05405405405405406,0.02631578947368421,0.0
GSP-PHL,38,37,-1.135135135135135,-7.0,0.13513513513513514,0.05405405405405406,0.02631578947368421,0.0
PHX-JAX,38,38,15.105263157894736,-2.5,0.3157894736842105,0.18421052631578946,0.0,0.0
MCI-MKE,38,37,21.72972972972973,6.0,0.43243243243243246,0.24324324324324326,0.02631578947368421,0.0
ANC-PHX,38,38,5.578947368421052,-3.5,0.15789473684210525,0.07894736842105263,0.0,0.02631578947368421
OAK-AUS,38,38,8.18421052631579,2.0,0.15789473684210525,0.07894736842105263,0.0,0.0
ATL-GRB,38,38,3.6052631578947367,-3.0,0.21052631578947367,0.07894736842105263,0.0,0.0
EYW-PIE,38,38,-5.5,-16.0,0.15789473684210525,0.13157894736842105,0.0,0.02631578947368421
GSP-BNA,38,38,12.657894736842104,5.0,0.21052631578947367,0.13157894736842105,0.0,0.0
BUF-PHX,38,38,5.684210526315789,0.5,0.18421052631578946,0.07894736842105263,0.0,0.0
EUG-LAS,38,38,14.710526315789474,4.0,0.2894736842105263,0.18421052631578946,0.0,0.02631578947368421
SAN-MCI,38,37,16.216216216216218,0.0,0.2702702702702703,0.13513513513513514,0.02631578947368421,0.0
ATL-FAT,38,38,6.315789473684211,0.0,0.23684210526315788,0.05263157894736842,0.0,0.0
CAE-ORD,38,37,28.54054054054054,-3.0,0.24324324324324326,0.1891891891891892,0.02631578947368421,0.0
HOU-PNS,38,38,29.894736842105264,17.0,0.5,0.34210526315789475,0.0,0.0
TUS-MDW,38,38,-0.9473684210526315,-2.0,0.02631578947368421,0.0,0.0,0.0
SLC-CMH,38,38,10.157894736842104,-5.0,0.21052631578947367,0.15789473684210525,0.0,0.0
HNL-MSP,38,38,5.631578947368421,-6.5,0.10526315789473684,0.10526315789473684,0.0,0.0
SJC-RNO,38,38,-3.736842105263158,-5.0,0.0,0.0,0.0,0.02631578947368421
COS-MDW,37,37,11.621621621621621,4.0,0.24324324324324326,0.16216216216216217,0.0,0.0
MDW-JAX,37,37,7.837837837837838,-1.0,0.13513513513513514,0.10810810810810811,0.0,0.0
BNA-GSP,37,37,19.7027027027027,2.0,0.35135135135135137,0.1891891891891892,0.0,0.0
BNA-CVG,37,37,14.405405405405405,4.0,0.32432432432432434,0.1891891891891892,0.0,0.0
AMA-LAS,37,37,4.27027027027027,-4.0,0.16216216216216217,0.13513513513513514,0.0,0.0
ACV-DEN,37,37,1.4054054054054055,-7.0,0.08108108108108109,0.05405405405405406,0.0,0.0
DAL-CLT,37,37,16.945945945945947,3.0,0.35135135135135137,0.16216216216216217,0.0,0.0
ONT-HOU,37,37,7.162162162162162,2.0,0.2702702702702703,0.05405405405405406,0.0,0.0
DEN-OGG,37,37,12.432432432432432,-1.0,0.16216216216216217,0.08108108108108109,0.0,0.02702702702702703
TUS-IAH,37,37,-1.3783783783783783,-3.0,0.05405405405405406,0.02702702702702703,0.0,0.0
MIA-RIC,37,37,9.72972972972973,-2.0,0.2702702702702703,0.1891891891891892,0.0,0.0
JLN-DEN,37,34,23.88235294117647,-6.0,0.29411764705882354,0.2647058823529412,0.08108108108108109,0.0
HOU-SMF,37,37,7.918918918918919,-1.0,0.1891891891891892,0.13513513513513514,0.0,0.0
ECP-STL,37,36,7.555555555555555,-2.0,0.16666666666666666,0.1111111111111111,0.02702702702702703,0.0
ROA-ATL,37,36,0.25,-5.0,0.08333333333333333,0.08333333333333333,0.02702702702702703,0.0
PDX-TUS,37,36,5.555555555555555,-1.5,0.16666666666666666,0.1111111111111111,0.02702702702702703,0.0
EUG-LAX,37,36,-3.0,-5.0,0.05555555555555555,0.027777777777777776,0.02702702702702703,0.0
CIU-MSP,37,37,9.135135135135135,-4.0,0.16216216216216217,0.13513513513513514,0.0,0.0
ORF-MIA,37,37,18.56756756756757,-5.0,0.16216216216216217,0.08108108108108109,0.0,0.0
PDX-DCA,37,37,2.4594594594594597,-4.0,0.13513513513513514,0.10810810810810811,0.0,0.0
LGB-MDW,37,37,-0.5945945945945946,-2.0,0.02702702702702703,0.0,0.0,0.0
CHS-MSP,37,36,36.22222222222222,-5.5,0.25,0.16666666666666666,0.02702702702702703,0.0
BUR-BNA,37,37,10.864864864864865,-1.0,0.1891891891891892,0.16216216216216217,0.0,0.0
HNL-ATL,37,37,7.243243243243243,-4.0,0.13513513513513514,0.08108108108108109,0.0,0.0
AVL-DEN,37,37,28.35135135135135,-1.0,0.32432432432432434,0.24324324324324326,0.0,0.05405405405405406
SLC-HOU,37,37,3.0,0.0,0.13513513513513514,0.05405405405405406,0.0,0.02702702702702703
MSY-SAN,37,36,10.277777777777779,5.0,0.3611111111111111,0.08333333333333333,0.02702702702702703,0.0
MKE-SEA,37,37,-2.675675675675676,-6.0,0.02702702702702703,0.02702702702702703,0.0,0.0
IAD-SMF,37,36,15.083333333333334,-1.0,0.19444444444444445,0.16666666666666666,0.02702702702702703,0.0
LEX-DCA,37,37,-3.4594594594594597,-7.0,0.02702702702702703,0.02702702702702703,0.0,0.0
SRQ-PIT,37,37,2.2162162162162162,-3.0,0.16216216216216217,0.08108108108108109,0.0,0.0
GRR-SFB,37,37,23.64864864864865,9.0,0.43243243243243246,0.2972972972972973,0.0,0.0
DCA-SLC,37,35,32.25714285714286,1.0,0.2571428571428571,0.14285714285714285,0.05405405405405406,0.0
PSC-LAX,37,37,7.0,-3.0,0.13513513513513514,0.10810810810810811,0.0,0.0
DCA-TUL,37,36,8.11111111111111,-3.0,0.19444444444444445,0.16666666666666666,0.02702702702702703,0.0
LAS-BUF,37,37,14.297297297297296,2.0,0.24324324324324326,0.16216216216216217,0.0,0.0
TPA-ACY,37,37,40.027027027027025,-4.0,0.21621621621621623,0.21621621621621623,0.0,0.0
OMA-PHL,37,36,10.416666666666666,-2.0,0.16666666666666666,0.1388888888888889,0.02702702702702703,0.0
SRQ-DCA,37,36,6.833333333333333,-5.0,0.2222222222222222,0.16666666666666666,0.02702702702702703,0.0
SLN-DEN,37,36,20.833333333333332,-5.5,0.16666666666666666,0.1388888888888889,0.02702702702702703,0.02702702702702703
IAH-LFT,37,37,13.64864864864865,-3.0,0.2702702702702703,0.1891891891891892,0.0,0.0
DTW-IMT,37,36,12.583333333333334,-5.0,0.1111111111111111,0.1111111111111111,0.02702702702702703,0.0
FLL-SLC,37,37,11.594594594594595,0.0,0.24324324324324326,0.16216216216216217,0.0,0.0
SLC-MEM,37,37,11.945945945945946,-3.0,0.24324324324324326,0.21621621621621623,0.0,0.0
ANC-SFO,37,37,12.45945945945946,-3.0,0.16216216216216217,0.10810810810810811,0.0,0.02702702702702703
ABQ-BWI,37,37,8.027027027027026,-1.0,0.21621621621621623,0.13513513513513514,0.0,0.0
DTW-SNA,37,37,8.0,-3.0,0.13513513513513514,0.10810810810810811,0.0,0.0
CLT-PDX,37,37,12.18918918918919,-1.0,0.21621621621621623,0.16216216216216217,0.0,0.0
YAK-CDV,37,35,-8.057142857142857,-18.0,0.11428571428571428,0.08571428571428572,0.05405405405405406,0.0
PSC-MSP,37,37,10.675675675675675,-8.0,0.10810810810810811,0.08108108108108109,0.0,0.0
MYR-FLL,37,37,16.89189189189189,-7.0,0.1891891891891892,0.1891891891891892,0.0,0.0
IAH-TUS,37,37,4.216216216216216,-2.0,0.10810810810810811,0.10810810810810811,0.0,0.0
TYS-MIA,37,37,17.486486486486488,-2.0,0.16216216216216217,0.13513513513513514,0.0,0.02702702702702703
IAD-JST,37,37,11.18918918918919,-6.0,0.16216216216216217,0.13513513513513514,0.0,0.0
BZN-ATL,36,36,8.722222222222221,-4.5,0.19444444444444445,0.16666666666666666,0.0,0.0
PIE-ABE,36,36,11.86111111111111,-8.0,0.16666666666666666,0.1388888888888889,0.0,0.0
BWI-BHM,36,36,30.27777777777778,1.5,0.25,0.16666666666666666,0.0,0.0
SFO-ASE,36,34,6.088235294117647,-4.5,0.11764705882352941,0.11764705882352941,0.05555555555555555,0.027777777777777776
BNA-BUF,36,35,12.028571428571428,2.0,0.17142857142857143,0.11428571428571428,0.027777777777777776,0.0
FNT-SFB,36,36,15.777777777777779,5.0,0.3055555555555556,0.2222222222222222,0.0,0.0
MSP-SBN,36,36,14.194444444444445,-2.0,0.2222222222222222,0.1111111111111111,0.0,0.0
BNA-BUR,36,36,31.27777777777778,4.5,0.3888888888888889,0.16666666666666666,0.0,0.0
KOA-SAN,36,36,15.027777777777779,-3.5,0.19444444444444445,0.1388888888888889,0.0,0.0
ATL-ROA,36,34,11.823529411764707,-2.0,0.23529411764705882,0.17647058823529413,0.05555555555555555,0.0
ASE-SFO,36,35,19.6,1.0,0.37142857142857144,0.22857142857142856,0.027777777777777776,0.0
PVU-SNA,36,36,5.138888888888889,-7.0,0.1388888888888889,0.08333333333333333,0.0,0.027777777777777776
OMA-LGA,36,33,-1.9696969696969697,-6.0,0.06060606060606061,0.030303030303030304,0.08333333333333333,0.0
STL-ECP,36,36,3.25,0.0,0.16666666666666666,0.05555555555555555,0.0,0.027777777777777776
MQT-DTW,36,36,24.86111111111111,-5.0,0.16666666666666666,0.16666666666666666,0.0,0.0
HNL-GUM,36,36,9.222222222222221,3.5,0.2222222222222222,0.16666666666666666,0.0,0.0
PIE-TYS,36,35,20.742857142857144,-3.0,0.2571428571428571,0.17142857142857143,0.027777777777777776,0.0
TUL-LGA,36,36,23.27777777777778,-4.0,0.25,0.19444444444444445,0.0,0.0
MAF-PHX,36,35,21.65714285714286,-7.0,0.11428571428571428,0.08571428571428572,0.027777777777777776,0.0
DEN-ALB,36,35,33.51428571428571,17.0,0.6285714285714286,0.3142857142857143,0.027777777777777776,0.0
STL-BUR,36,36,16.36111111111111,1.0,0.2222222222222222,0.16666666666666666,0.0,0.0
BIL-ORD,36,36,9.777777777777779,-5.0,0.16666666666666666,0.1111111111111111,0.0,0.027777777777777776
JNU-YAK,36,35,6.828571428571428,-7.0,0.17142857142857143,0.11428571428571428,0.027777777777777776,0.027777777777777776
SAN-DCA,36,35,10.6,1.0,0.2857142857142857,0.22857142857142856,0.027777777777777776,0.0
DCA-TLH,36,28,48.0,27.0,0.7142857142857143,0.5,0.2222222222222222,0.0
ORD-ALO,36,36,2.7222222222222223,-4.0,0.1111111111111111,0.08333333333333333,0.0,0.027777777777777776
PHX-ANC,36,36,4.916666666666667,-1.0,0.19444444444444445,0.08333333333333333,0.0,0.027777777777777776
HPN-TPA,36,36,-4.027777777777778,-9.0,0.027777777777777776,0.027777777777777776,0.0,0.0
DFW-YUM,36,36,29.02777777777778,-3.5,0.19444444444444445,0.1388888888888889,0.0,0.027777777777777776
BOS-PQI,36,36,29.305555555555557,16.0,0.5277777777777778,0.3333333333333333,0.0,0.027777777777777776
AGS-DCA,36,34,-5.882352941176471,-7.5,0.029411764705882353,0.0,0.05555555555555555,0.0
SLC-MSY,36,36,-0.1111111111111111,-5.0,0.08333333333333333,0.08333333333333333,0.0,0.0
ELP-MDW,36,36,4.861111111111111,-3.5,0.08333333333333333,0.05555555555555555,0.0,0.027777777777777776
DFW-FLG,36,35,19.257142857142856,-5.0,0.2,0.14285714285714285,0.027777777777777776,0.027777777777777776
CLT-OAJ,36,35,11.457142857142857,-1.0,0.22857142857142856,0.17142857142857143,0.027777777777777776,0.0
DTW-MQT,36,34,52.26470588235294,-4.0,0.2647058823529412,0.17647058823529413,0.05555555555555555,0.0
ACY-TPA,36,36,-1.6944444444444444,-8.5,0.1388888888888889,0.05555555555555555,0.0,0.027777777777777776
SDF-DAL,36,36,17.055555555555557,6.0,0.2777777777777778,0.2222222222222222,0.0,0.027777777777777776
IAD-MGW,36,34,29.352941176470587,-9.5,0.23529411764705882,0.23529411764705882,0.05555555555555555,0.0
ORD-ILM,36,36,29.555555555555557,-1.0,0.3055555555555556,0.25,0.0,0.0
ECP-HOU,36,36,5.333333333333333,-2.5,0.1388888888888889,0.08333333333333333,0.0,0.0
MIA-PDX,36,36,26.555555555555557,-0.5,0.3333333333333333,0.2777777777777778,0.0,0.027777777777777776
HOU-ONT,36,36,18.916666666666668,0.0,0.19444444444444445,0.1388888888888889,0.0,0.0
LIT-DCA,36,35,-2.2285714285714286,-3.0,0.02857142857142857,0.02857142857142857,0.027777777777777776,0.0
BOS-HNL,36,36,22.36111111111111,1.0,0.25,0.1111111111111111,0.0,0.0
OAK-MCI,36,36,4.527777777777778,-2.0,0.16666666666666666,0.05555555555555555,0.0,0.0
TLH-DCA,36,33,9.696969696969697,-7.0,0.12121212121212122,0.09090909090909091,0.08333333333333333,0.0
HOU-ECP,36,36,17.88888888888889,0.0,0.3333333333333333,0.19444444444444445,0.0,0.0
SBA-SMF,36,36,21.61111111111111,-3.0,0.3055555555555556,0.25,0.0,0.0
BUR-BOI,36,36,3.3333333333333335,-5.0,0.2222222222222222,0.1388888888888889,0.0,0.0
MEM-SLC,35,35,6.857142857142857,-5.0,0.11428571428571428,0.08571428571428572,0.0,0.0
SBA-ATL,35,34,50.411764705882355,3.0,0.4411764705882353,0.23529411764705882,0.02857142857142857,0.0
ALB-DEN,35,35,5.914285714285715,0.0,0.2,0.08571428571428572,0.0,0.0
SUX-DEN,35,35,15.114285714285714,-6.0,0.2571428571428571,0.2571428571428571,0.0,0.0
ATL-BZN,35,35,12.228571428571428,-1.0,0.17142857142857143,0.14285714285714285,0.0,0.0
ATL-CID,35,35,2.4,-5.0,0.08571428571428572,0.08571428571428572,0.0,0.02857142857142857
ATW-DFW,35,35,11.571428571428571,-4.0,0.17142857142857143,0.14285714285714285,0.0,0.0
PHX-LBB,35,35,2.657142857142857,-5.0,0.17142857142857143,0.11428571428571428,0.0,0.0
ONT-AUS,35,35,14.314285714285715,0.0,0.14285714285714285,0.14285714285714285,0.0,0.02857142857142857
ABQ-BUR,35,34,7.294117647058823,-0.5,0.29411764705882354,0.08823529411764706,0.02857142857142857,0.0
DCA-CAK,35,35,50.05714285714286,3.0,0.4,0.37142857142857144,0.02857142857142857,0.02857142857142857
SEA-SBP,35,34,28.941176470588236,-1.5,0.35294117647058826,0.23529411764705882,0.02857142857142857,0.0
MCO-OKC,35,35,19.17142857142857,3.0,0.3142857142857143,0.22857142857142856,0.0,0.0
SEA-OMA,35,35,13.82857142857143,0.0,0.3142857142857143,0.17142857142857143,0.0,0.0
ATW-PGD,35,35,2.8857142857142857,-5.0,0.2,0.08571428571428572,0.0,0.0
DTW-ROC,35,33,21.696969696969695,-1.0,0.30303030303030304,0.21212121212121213,0.05714285714285714,0.02857142857142857
DAL-SDF,35,35,9.82857142857143,-2.0,0.17142857142857143,0.11428571428571428,0.0,0.02857142857142857
GRR-BWI,35,35,7.171428571428572,-3.0,0.14285714285714285,0.14285714285714285,0.0,0.02857142857142857
FLL-PNS,35,33,5.090909090909091,-4.0,0.18181818181818182,0.12121212121212122,0.05714285714285714,0.0
MCO-STT,35,35,1.4857142857142858,-4.0,0.08571428571428572,0.08571428571428572,0.0,0.0
PSG-WRG,35,35,5.457142857142857,-12.0,0.2,0.14285714285714285,0.0,0.0
SCK-LAS,35,34,20.235294117647058,2.0,0.3235294117647059,0.23529411764705882,0.02857142857142857,0.0
BOS-MEM,35,33,39.15151515151515,10.0,0.45454545454545453,0.36363636363636365,0.05714285714285714,0.0
KOA-LAS,35,35,-2.2285714285714286,-4.0,0.05714285714285714,0.02857142857142857,0.0,0.0
LGA-CHO,35,35,5.114285714285714,-6.0,0.17142857142857143,0.14285714285714285,0.0,0.0
IAH-HNL,35,35,30.057142857142857,7.0,0.34285714285714286,0.17142857142857143,0.0,0.02857142857142857
MSP-HNL,35,35,6.485714285714286,-2.0,0.17142857142857143,0.05714285714285714,0.0,0.0
ICT-DCA,35,34,28.970588235294116,6.0,0.38235294117647056,0.29411764705882354,0.02857142857142857,0.02857142857142857
DEN-ACV,35,35,12.457142857142857,-2.0,0.17142857142857143,0.11428571428571428,0.0,0.0
SJU-DCA,35,35,17.114285714285714,0.0,0.2857142857142857,0.22857142857142856,0.0,0.0
SJU-HPN,35,35,33.08571428571429,0.0,0.4,0.2571428571428571,0.0,0.0
SLC-CLE,35,35,-2.8857142857142857,-5.0,0.08571428571428572,0.05714285714285714,0.0,0.02857142857142857
ATL-BTV,35,34,9.5,-1.0,0.23529411764705882,0.14705882352941177,0.02857142857142857,0.0
SAT-JFK,35,34,6.323529411764706,-5.0,0.14705882352941177,0.08823529411764706,0.02857142857142857,0.0
STS-BUR,35,33,10.93939393939394,-1.0,0.2727272727272727,0.12121212121212122,0.05714285714285714,0.02857142857142857
ORD-MYR,35,35,18.228571428571428,-1.0,0.22857142857142856,0.17142857142857143,0.02857142857142857,0.0
DEN-KOA,35,35,27.4,0.0,0.3142857142857143,0.17142857142857143,0.0,0.0
SFB-FNT,35,35,15.714285714285714,-4.0,0.22857142857142856,0.17142857142857143,0.0,0.0
PNS-FLL,35,34,4.529411764705882,-6.0,0.20588235294117646,0.14705882352941177,0.02857142857142857,0.0
MDW-TUL,35,35,2.657142857142857,-4.0,0.08571428571428572,0.02857142857142857,0.0,0.0
ALO-ORD,35,34,22.08823529411765,-3.0,0.2647058823529412,0.20588235294117646,0.02857142857142857,0.0
ORD-MSO,35,35,23.34285714285714,-2.0,0.2,0.11428571428571428,0.02857142857142857,0.0
EWR-MSN,35,33,12.303030303030303,-3.0,0.24242424242424243,0.15151515151515152,0.05714285714285714,0.0
SAN-EUG,35,35,15.4,3.0,0.2857142857142857,0.2,0.0,0.0
DEN-MLI,35,35,34.457142857142856,0.0,0.3142857142857143,0.22857142857142856,0.0,0.0
DEN-SAV,35,35,8.285714285714286,-1.0,0.17142857142857143,0.08571428571428572,0.0,0.0
PDX-BNA,35,34,-0.6764705882352942,-4.0,0.08823529411764706,0.029411764705882353,0.02857142857142857,0.0
EWR-DCA,35,34,12.852941176470589,-3.5,0.20588235294117646,0.11764705882352941,0.02857142857142857,0.0
EWR-MCI,35,34,4.617647058823529,-5.0,0.23529411764705882,0.11764705882352941,0.02857142857142857,0.0
JAX-PHX,35,35,1.2,-4.0,0.08571428571428572,0.05714285714285714,0.0,0.0
ATL-SBA,35,34,27.11764705882353,6.5,0.4117647058823529,0.2647058823529412,0.02857142857142857,0.05714285714285714
ORD-MHT,35,35,11.542857142857143,-3.0,0.2,0.11428571428571428,0.0,0.0
SMF-IAD,35,35,-4.114285714285714,-5.0,0.02857142857142857,0.0,0.0,0.0
PIE-EYW,35,35,-9.342857142857143,-10.0,0.02857142857142857,0.0,0.0,0.0
BNA-PBI,35,35,9.228571428571428,0.0,0.2857142857142857,0.11428571428571428,0.0,0.0
AVL-LGA,35,32,7.28125,-4.0,0.21875,0.125,0.11428571428571428,0.0
PIT-SRQ,35,35,9.8,-2.0,0.17142857142857143,0.14285714285714285,0.0,0.0
SLC-BTM,35,35,-6.742857142857143,-8.0,0.02857142857142857,0.02857142857142857,0.0,0.0
SFO-MCI,35,34,3.2058823529411766,-2.5,0.14705882352941177,0.08823529411764706,0.02857142857142857,0.0
PHX-MAF,35,35,17.82857142857143,-4.0,0.2857142857142857,0.2571428571428571,0.0,0.02857142857142857
SJC-HOU,35,34,0.7058823529411765,-1.0,0.029411764705882353,0.029411764705882353,0.02857142857142857,0.02857142857142857
MSP-MQT,35,34,5.088235294117647,-3.5,0.17647058823529413,0.14705882352941177,0.02857142857142857,0.0
ONT-HNL,35,34,10.264705882352942,-3.5,0.11764705882352941,0.08823529411764706,0.02857142857142857,0.0
PGD-FNT,35,35,14.314285714285715,-1.0,0.34285714285714286,0.2,0.0,0.0
BUF-LAS,35,35,9.942857142857143,3.0,0.2,0.08571428571428572,0.0,0.0
SFO-OTH,34,34,6.117647058823529,-3.5,0.17647058823529413,0.08823529411764706,0.0,0.029411764705882353
SFB-MDT,34,34,14.147058823529411,-4.0,0.23529411764705882,0.11764705882352941,0.0,0.0
MSP-SRQ,34,34,-1.2647058823529411,-4.0,0.08823529411764706,0.058823529411764705,0.0,0.0
ORF-FLL,34,33,17.87878787878788,0.0,0.21212121212121213,0.21212121212121213,0.029411764705882353,0.0
PIA-DEN,34,33,18.333333333333332,0.0,0.30303030303030304,0.24242424242424243,0.029411764705882353,0.029411764705882353
PGD-CVG,34,34,9.470588235294118,-3.0,0.29411764705882354,0.11764705882352941,0.0,0.0
RDM-LAX,34,34,4.823529411764706,-4.0,0.17647058823529413,0.11764705882352941,0.0,0.0
MVY-LGA,34,33,5.818181818181818,-4.0,0.18181818181818182,0.09090909090909091,0.058823529411764705,0.0
SMF-EWR,34,34,13.176470588235293,2.5,0.2647058823529412,0.14705882352941177,0.0,0.0
OKC-MSP,34,34,11.882352941176471,-7.0,0.14705882352941177,0.08823529411764706,0.0,0.0
SMF-BNA,34,33,8.575757575757576,2.0,0.06060606060606061,0.06060606060606061,0.029411764705882353,0.0
SMF-STL,34,34,10.441176470588236,4.0,0.20588235294117646,0.14705882352941177,0.0,0.0
PHL-XNA,34,31,13.516129032258064,-6.0,0.1935483870967742,0.1935483870967742,0.08823529411764706,0.0
MSP-PSP,34,34,4.0588235294117645,-4.0,0.058823529411764705,0.058823529411764705,0.0,0.0
ORD-JST,34,34,41.588235294117645,11.5,0.5,0.29411764705882354,0.0,0.0
OAK-HOU,34,34,2.6470588235294117,0.5,0.08823529411764706,0.0,0.0,0.0
SDF-PHL,34,34,21.264705882352942,-3.0,0.2647058823529412,0.2647058823529412,0.0,0.0
OGG-DEN,34,34,-1.9705882352941178,-3.5,0.029411764705882353,0.0,0.0,0.0
SRQ-DFW,34,33,43.39393939393939,2.0,0.3333333333333333,0.21212121212121213,0.029411764705882353,0.0
SAN-MSY,34,34,30.88235294117647,6.5,0.38235294117647056,0.29411764705882354,0.0,0.0
OMA-SFO,34,33,-0.48484848484848486,-5.0,0.06060606060606061,0.030303030303030304,0.029411764705882353,0.0
PNS-PHL,34,33,8.06060606060606,-6.0,0.24242424242424243,0.15151515151515152,0.029411764705882353,0.0
LAX-CMH,34,34,38.911764705882355,-1.0,0.38235294117647056,0.29411764705882354,0.0,0.0
BQN-FLL,34,34,11.588235294117647,-3.5,0.17647058823529413,0.17647058823529413,0.0,0.0
BOS-AVL,34,34,-3.7058823529411766,-7.0,0.029411764705882353,0.029411764705882353,0.0,0.0
BUR-STS,34,33,15.06060606060606,-5.0,0.18181818181818182,0.15151515151515152,0.058823529411764705,0.0
BNA-PVD,34,33,11.878787878787879,3.0,0.30303030303030304,0.15151515151515152,0.029411764705882353,0.0
ABQ-BNA,34,34,11.029411764705882,0.5,0.29411764705882354,0.14705882352941177,0.0,0.0
DCA-EWR,34,34,3.911764705882353,-3.0,0.11764705882352941,0.08823529411764706,0.0,0.0
MDT-DTW,34,34,32.94117647058823,-6.0,0.20588235294117646,0.17647058823529413,0.0,0.0
BUR-AUS,34,34,5.382352941176471,-3.0,0.17647058823529413,0.14705882352941177,0.0,0.0
LAN-DCA,34,29,37.58620689655172,17.0,0.5172413793103449,0.3448275862068966,0.14705882352941177,0.0
MDW-IND,34,34,12.823529411764707,-1.0,0.20588235294117646,0.08823529411764706,0.0,0.0
DCA-PDX,34,34,21.176470588235293,-3.5,0.20588235294117646,0.17647058823529413,0.0,0.0
FAR-AZA,34,34,12.794117647058824,-4.5,0.20588235294117646,0.08823529411764706,0.0,0.0
DFW-MDT,34,31,43.83870967741935,22.0,0.5161290322580645,0.45161290322580644,0.08823529411764706,0.0
AUS-ONT,34,34,15.382352941176471,8.5,0.29411764705882354,0.20588235294117646,0.0,0.0
LGA-DSM,34,33,9.454545454545455,-6.0,0.21212121212121213,0.21212121212121213,0.029411764705882353,0.0
ELP-SAN,34,33,4.0606060606060606,-4.0,0.15151515151515152,0.12121212121212122,0.029411764705882353,0.0
MCI-IND,34,34,12.147058823529411,-1.0,0.23529411764705882,0.14705882352941177,0.0,0.0
BTV-DTW,34,34,22.147058823529413,-5.5,0.2647058823529412,0.20588235294117646,0.0,0.0
MCO-PBI,34,34,13.470588235294118,0.0,0.20588235294117646,0.14705882352941177,0.0,0.0
BQN-EWR,34,34,5.0588235294117645,-2.5,0.17647058823529413,0.11764705882352941,0.0,0.0
CLT-ONT,34,34,20.852941176470587,3.0,0.38235294117647056,0.2647058823529412,0.0,0.0
DFW-MRY,34,34,14.5,-1.0,0.29411764705882354,0.20588235294117646,0.029411764705882353,0.0
EWR-BZN,34,34,1.5,-4.0,0.14705882352941177,0.058823529411764705,0.0,0.0
GEG-SJC,34,34,3.411764705882353,-3.0,0.17647058823529413,0.08823529411764706,0.0,0.0
HPN-ACK,34,34,-4.823529411764706,-8.0,0.058823529411764705,0.029411764705882353,0.029411764705882353,0.0
MCO-ORH,34,34,6.882352941176471,-6.0,0.11764705882352941,0.08823529411764706,0.0,0.0
EWR-RIC,34,30,4.966666666666667,-5.5,0.2,0.1,0.11764705882352941,0.0
HPN-DTW,34,34,21.294117647058822,-2.0,0.2647058823529412,0.23529411764705882,0.0,0.0
ALB-BNA,34,34,4.764705882352941,-2.0,0.11764705882352941,0.11764705882352941,0.0,0.0
GNV-MIA,34,34,3.264705882352941,-7.5,0.058823529411764705,0.058823529411764705,0.0,0.0
IND-MCI,34,34,4.676470588235294,-0.5,0.11764705882352941,0.029411764705882353,0.0,0.0
CVG-LAX,33,33,5.03030303030303,-4.0,0.15151515151515152,0.09090909090909091,0.0,0.0
CLE-SEA,33,33,5.545454545454546,-3.0,0.21212121212121213,0.09090909090909091,0.0,0.0
STT-MCO,33,32,15.0625,-5.0,0.25,0.15625,0.030303030303030304,0.12121212121212122
MDT-DFW,33,33,18.03030303030303,-4.0,0.15151515151515152,0.09090909090909091,0.0,0.030303030303030304
SUN-LAX,33,32,-0.96875,-9.0,0.09375,0.0625,0.030303030303030304,0.0
KOA-LIH,33,33,-0.6060606060606061,-3.0,0.030303030303030304,0.030303030303030304,0.0,0.0
MIA-SDF,33,33,34.45454545454545,10.0,0.48484848484848486,0.30303030303030304,0.0,0.0
SFO-JAC,33,33,2.5454545454545454,-4.0,0.12121212121212122,0.09090909090909091,0.0,0.0
MCO-SRQ,33,33,4.393939393939394,-2.0,0.15151515151515152,0.09090909090909091,0.0,0.0
STT-IAD,33,33,-3.9393939393939394,-9.0,0.15151515151515152,0.030303030303030304,0.0,0.0
IAD-PDX,33,33,12.93939393939394,2.0,0.24242424242424243,0.15151515151515152,0.030303030303030304,0.0
GUM-SPN,33,33,-6.303030303030303,-8.0,0.030303030303030304,0.030303030303030304,0.0,0.0
HOB-IAH,33,32,47.15625,-6.0,0.28125,0.25,0.030303030303030304,0.030303030303030304
TVC-CLT,33,33,-2.8181818181818183,-3.0,0.030303030303030304,0.0,0.0,0.0
IAD-STT,33,33,0.9090909090909091,-2.0,0.06060606060606061,0.030303030303030304,0.0,0.0
DAL-SNA,33,33,13.151515151515152,7.0,0.2727272727272727,0.15151515151515152,0.0,0.0
PHX-LIH,33,33,5.2727272727272725,-2.0,0.18181818181818182,0.09090909090909091,0.0,0.0
TUS-HOU,33,33,10.909090909090908,-2.0,0.12121212121212122,0.09090909090909091,0.0,0.0
HOU-TUS,33,33,6.0,0.0,0.18181818181818182,0.06060606060606061,0.0,0.0
HOU-OAK,33,32,16.53125,11.0,0.375,0.21875,0.030303030303030304,0.0
JAX-AUS,33,33,3.727272727272727,-5.0,0.12121212121212122,0.12121212121212122,0.0,0.0
SNA-DAL,33,33,16.757575757575758,1.0,0.2727272727272727,0.18181818181818182,0.0,0.030303030303030304
SNA-CLT,33,33,9.545454545454545,-1.0,0.12121212121212122,0.12121212121212122,0.0,0.0
DCA-ACK,33,33,8.757575757575758,-2.0,0.3333333333333333,0.12121212121212122,0.030303030303030304,0.030303030303030304
MDW-MYR,33,33,0.2727272727272727,-3.0,0.09090909090909091,0.030303030303030304,0.0,0.0
DTW-PDX,33,33,4.515151515151516,-2.0,0.24242424242424243,0.09090909090909091,0.0,0.0
PIE-GRR,33,33,1.6363636363636365,-7.0,0.15151515151515152,0.09090909090909091,0.0,0.0
SAV-DEN,33,33,18.060606060606062,9.0,0.45454545454545453,0.15151515151515152,0.0,0.0
DCA-CHA,33,31,17.06451612903226,-2.0,0.3548387096774194,0.22580645161290322,0.06060606060606061,0.0
DCA-CRW,33,29,49.310344827586206,-2.0,0.27586206896551724,0.27586206896551724,0.12121212121212122,0.0
OGG-ITO,33,33,5.454545454545454,-3.0,0.15151515151515152,0.09090909090909091,0.0,0.0
PDX-DTW,33,33,4.9393939393939394,-1.0,0.21212121212121213,0.09090909090909091,0.0,0.0
DEN-SJU,33,33,5.212121212121212,1.0,0.15151515151515152,0.030303030303030304,0.0,0.0
PBI-MCO,33,33,16.454545454545453,-3.0,0.21212121212121213,0.18181818181818182,0.0,0.0
VPS-BLV,33,33,21.393939393939394,-5.0,0.2727272727272727,0.18181818181818182,0.0,0.0
SAT-TPA,33,32,11.4375,-3.5,0.21875,0.15625,0.030303030303030304,0.0
JFK-BDL,33,33,19.09090909090909,-1.0,0.36363636363636365,0.24242424242424243,0.0,0.0
DFW-FCA,33,32,18.3125,-1.5,0.34375,0.15625,0.030303030303030304,0.0
SRQ-CVG,33,33,36.78787878787879,-10.0,0.18181818181818182,0.15151515151515152,0.0,0.0
FLL-ORF,33,32,15.09375,-0.5,0.1875,0.1875,0.030303030303030304,0.0
DCA-LEX,33,33,19.060606060606062,-5.0,0.3333333333333333,0.2727272727272727,0.0,0.0
EVV-ATL,33,31,32.774193548387096,-5.0,0.3225806451612903,0.25806451612903225,0.06060606060606061,0.0
DCA-VPS,33,29,8.655172413793103,-3.0,0.27586206896551724,0.10344827586206896,0.12121212121212122,0.0
BUR-ATL,33,32,13.75,-0.5,0.21875,0.15625,0.030303030303030304,0.0
ONT-CLT,33,33,24.12121212121212,-3.0,0.15151515151515152,0.12121212121212122,0.0,0.0
SLC-IND,33,33,2.1515151515151514,-5.0,0.12121212121212122,0.09090909090909091,0.0,0.0
MLI-DEN,33,33,10.969696969696969,-2.0,0.21212121212121213,0.15151515151515152,0.0,0.0
ONT-MDW,33,33,4.303030303030303,0.0,0.15151515151515152,0.030303030303030304,0.0,0.0
ORD-BIL,33,33,10.0,0.0,0.24242424242424243,0.12121212121212122,0.0,0.0
RDU-HOU,33,33,11.696969696969697,1.0,0.18181818181818182,0.09090909090909091,0.0,0.0
BUR-MDW,33,33,3.8484848484848486,-3.0,0.09090909090909091,0.06060606060606061,0.0,0.0
EUG-OAK,33,33,4.696969696969697,-4.0,0.09090909090909091,0.06060606060606061,0.0,0.0
CDV-ANC,33,32,-3.5625,-9.0,0.09375,0.03125,0.030303030303030304,0.0
EWR-MEM,33,29,50.758620689655174,-4.0,0.27586206896551724,0.2413793103448276,0.12121212121212122,0.0
LFT-IAH,33,33,28.303030303030305,-2.0,0.36363636363636365,0.3333333333333333,0.0,0.0
CHO-LGA,33,33,6.96969696969697,-4.0,0.18181818181818182,0.15151515151515152,0.0,0.0
LEX-PHL,33,30,18.533333333333335,-2.0,0.3333333333333333,0.26666666666666666,0.09090909090909091,0.0
DEN-DAY,33,33,24.484848484848484,0.0,0.2727272727272727,0.24242424242424243,0.0,0.0
ATL-FSD,33,33,29.363636363636363,-1.0,0.30303030303030304,0.24242424242424243,0.0,0.0
RNO-ORD,33,33,7.03030303030303,-3.0,0.09090909090909091,0.06060606060606061,0.0,0.0
EWR-EYW,33,33,9.848484848484848,-6.0,0.12121212121212122,0.09090909090909091,0.0,0.0
CID-DCA,33,31,18.387096774193548,-1.0,0.22580645161290322,0.12903225806451613,0.06060606060606061,0.06060606060606061
TYS-PHL,32,31,12.64516129032258,-8.0,0.22580645161290322,0.16129032258064516,0.03125,0.0
DCA-BTR,32,29,21.517241379310345,-1.0,0.4482758620689655,0.27586206896551724,0.09375,0.0
SMF-SBA,32,32,8.09375,-2.0,0.25,0.125,0.0,0.0
ACV-LAX,32,31,-5.032258064516129,-8.0,0.06451612903225806,0.0,0.03125,0.0
TPA-HPN,32,32,27.34375,0.0,0.40625,0.3125,0.0,0.0
PDX-IAD,32,32,15.65625,-6.0,0.0625,0.0625,0.0,0.0
MSN-EWR,32,32,5.59375,-5.0,0.15625,0.15625,0.0,0.0
DEN-SHV,32,32,18.90625,-1.0,0.21875,0.15625,0.0,0.0
CVG-SRQ,32,32,18.53125,-5.0,0.28125,0.1875,0.0,0.0
HRL-DAL,32,32,11.25,-1.0,0.21875,0.15625,0.0,0.0
PHL-OMA,32,31,23.06451612903226,-1.0,0.3548387096774194,0.2903225806451613,0.03125,0.0
ICT-MSP,32,31,15.580645161290322,-5.0,0.16129032258064516,0.12903225806451613,0.03125,0.0
DEN-ATW,32,32,16.875,0.0,0.28125,0.21875,0.0,0.0
CMH-LAX,32,32,88.0,4.0,0.34375,0.34375,0.0,0.0
BHM-BNA,32,32,5.25,1.0,0.25,0.03125,0.0,0.0
DCA-XNA,32,32,4.9375,-2.5,0.15625,0.09375,0.0,0.0
DFW-SBP,32,32,19.96875,-1.0,0.34375,0.25,0.0,0.0
ATW-CLT,32,32,9.125,-4.0,0.1875,0.125,0.0,0.0
LIH-LAS,32,32,-4.71875,-5.0,0.0,0.0,0.0,0.03125
LGA-MVY,32,32,4.15625,-5.5,0.125,0.0625,0.0,0.0
ANC-DFW,32,32,33.0625,2.0,0.375,0.3125,0.0,0.0
DFW-EYW,32,32,31.03125,-2.0,0.28125,0.1875,0.0,0.0
RSW-MCO,32,32,2.8125,-4.5,0.09375,0.09375,0.0,0.0
RSW-MCI,32,31,16.161290322580644,-2.0,0.25806451612903225,0.12903225806451613,0.03125,0.0
RDD-DEN,32,32,12.21875,-4.5,0.1875,0.1875,0.0,0.0
PIT-DAL,32,32,13.75,1.5,0.28125,0.25,0.0,0.0
GRR-PIE,32,32,2.75,-8.0,0.0625,0.0625,0.0,0.0
BTV-ATL,32,31,4.67741935483871,-1.0,0.06451612903225806,0.06451612903225806,0.03125,0.0
ANC-LAX,32,32,1.65625,-2.0,0.125,0.03125,0.0,0.0
SFB-BGR,32,32,8.90625,-6.0,0.25,0.1875,0.0,0.0
MCO-PNS,32,29,10.689655172413794,-5.0,0.27586206896551724,0.20689655172413793,0.09375,0.0
ANC-OTZ,32,31,-2.4193548387096775,-7.0,0.0967741935483871,0.03225806451612903,0.03125,0.0
LAS-SCK,32,32,2.40625,-6.0,0.15625,0.09375,0.0,0.0
BWI-SMF,32,32,20.125,11.5,0.4375,0.25,0.0,0.0
SYR-BOS,32,32,-1.6875,-6.0,0.0625,0.03125,0.0,0.0
LAX-MEM,32,32,19.40625,-1.5,0.3125,0.25,0.0,0.0
SLN-ORD,32,30,22.366666666666667,-9.0,0.13333333333333333,0.13333333333333333,0.0625,0.0
BNA-SMF,32,32,12.25,8.5,0.3125,0.15625,0.0,0.0
LAX-RDM,32,32,3.09375,-4.0,0.15625,0.09375,0.0,0.0
MSP-PSC,32,32,14.21875,-2.0,0.28125,0.21875,0.0,0.0
JLN-ORD,32,29,55.48275862068966,-5.0,0.2413793103448276,0.2413793103448276,0.09375,0.0
SLC-DCA,32,32,17.78125,-2.0,0.21875,0.125,0.0,0.0
FWA-MSP,32,32,13.15625,-5.0,0.15625,0.125,0.0,0.0
BUR-STL,32,32,4.21875,1.0,0.125,0.09375,0.0,0.0
AVL-PIE,32,32,5.21875,-7.5,0.15625,0.125,0.0,0.0
FLL-BQN,32,32,6.8125,-1.5,0.25,0.09375,0.0,0.0
MCI-SAT,32,32,16.09375,0.5,0.28125,0.15625,0.0,0.0
BRW-ANC,32,31,15.0,6.0,0.3548387096774194,0.1935483870967742,0.03125,0.0
BNA-ORF,32,32,7.21875,1.0,0.25,0.09375,0.0,0.0
MCI-SFO,32,31,20.774193548387096,0.0,0.3548387096774194,0.22580645161290322,0.03125,0.0
DTW-SJU,32,32,18.65625,-2.0,0.1875,0.1875,0.0,0.0
BWI-MEM,32,32,18.65625,2.5,0.28125,0.09375,0.0,0.0
AUS-LBB,32,32,4.1875,-4.5,0.125,0.0625,0.0,0.0
MKE-DAL,32,32,10.28125,-2.0,0.1875,0.125,0.0,0.0
AUS-PIT,31,31,11.548387096774194,1.0,0.25806451612903225,0.16129032258064516,0.0,0.0
SFO-BZN,31,31,7.612903225806452,-5.0,0.0967741935483871,0.0967741935483871,0.0,0.03225806451612903
TUL-AUS,31,31,0.9354838709677419,-5.0,0.0967741935483871,0.03225806451612903,0.0,0.0
LAS-LIH,31,31,1.1290322580645162,-1.0,0.06451612903225806,0.0,0.0,0.0
IND-SAN,31,31,5.580645161290323,0.0,0.1935483870967742,0.03225806451612903,0.0,0.0
IND-SLC,31,31,-5.903225806451613,-6.0,0.0,0.0,0.0,0.0
LAS-LIT,31,31,8.129032258064516,1.0,0.25806451612903225,0.0967741935483871,0.03225806451612903,0.0
LIH-SAN,31,28,4.642857142857143,-1.0,0.25,0.14285714285714285,0.0967741935483871,0.0
JAX-MSP,31,31,21.032258064516128,0.0,0.2903225806451613,0.22580645161290322,0.0,0.0
ISP-MIA,31,31,10.870967741935484,-2.0,0.2903225806451613,0.16129032258064516,0.0,0.0
DCA-LIT,31,31,18.096774193548388,-2.0,0.3225806451612903,0.1935483870967742,0.0,0.0
LGB-STL,31,30,-0.2,-2.5,0.06666666666666667,0.0,0.03225806451612903,0.0
ORD-SUX,31,30,30.833333333333332,1.0,0.4,0.3333333333333333,0.03225806451612903,0.06451612903225806
LAS-BHM,31,31,3.4193548387096775,0.0,0.16129032258064516,0.03225806451612903,0.0,0.0
JAN-DCA,31,31,10.516129032258064,-10.0,0.06451612903225806,0.06451612903225806,0.0,0.0
DEN-PIA,31,31,15.96774193548387,2.0,0.2903225806451613,0.16129032258064516,0.0,0.0
MDW-ONT,31,30,17.066666666666666,2.0,0.2,0.13333333333333333,0.03225806451612903,0.0
OAK-SBA,31,31,8.35483870967742,-2.0,0.2903225806451613,0.12903225806451613,0.0,0.0
ONT-BNA,31,31,10.67741935483871,6.0,0.3225806451612903,0.12903225806451613,0.0,0.0
TPA-ALB,31,31,20.838709677419356,4.0,0.3225806451612903,0.12903225806451613,0.0,0.0
ORD-EGE,31,31,12.419354838709678,-1.0,0.22580645161290322,0.12903225806451613,0.0,0.0
JFK-ACK,31,31,3.0,-7.0,0.12903225806451613,0.06451612903225806,0.0,0.0
TUL-MDW,31,31,11.96774193548387,-2.0,0.22580645161290322,0.12903225806451613,0.0,0.0
OKC-SEA,31,30,16.933333333333334,3.0,0.3,0.13333333333333333,0.03225806451612903,0.0
LIT-LAS,31,31,25.35483870967742,4.0,0.3870967741935484,0.12903225806451613,0.0,0.0
MSP-ICT,31,31,-1.4516129032258065,-5.0,0.06451612903225806,0.03225806451612903,0.0,0.06451612903225806
SLC-LWS,31,31,-1.903225806451613,-5.0,0.03225806451612903,0.03225806451612903,0.0,0.06451612903225806
ABQ-OAK,31,31,3.6774193548387095,1.0,0.12903225806451613,0.06451612903225806,0.0,0.0
SJU-DEN,31,31,7.419354838709677,-3.0,0.16129032258064516,0.12903225806451613,0.0,0.06451612903225806
DTW-ESC,31,30,4.1,-4.0,0.16666666666666666,0.13333333333333333,0.03225806451612903,0.0
HOU-PIT,31,31,8.03225806451613,1.0,0.2903225806451613,0.0967741935483871,0.0,0.0
CIU-DTW,31,31,15.774193548387096,-8.0,0.16129032258064516,0.16129032258064516,0.0,0.0
ABQ-MCI,31,31,19.483870967741936,-2.0,0.3548387096774194,0.16129032258064516,0.0,0.03225806451612903
SFO-SUN,31,30,11.7,-4.5,0.26666666666666666,0.2,0.03225806451612903,0.03225806451612903
CLT-DAL,31,31,16.096774193548388,9.0,0.41935483870967744,0.25806451612903225,0.0,0.0
HNL-DTW,31,31,13.870967741935484,0.0,0.22580645161290322,0.12903225806451613,0.0,0.0
HPN-SJU,31,31,-2.2903225806451615,-6.0,0.06451612903225806,0.03225806451612903,0.0,0.0
ACY-PBI,31,31,4.0,-7.0,0.16129032258064516,0.12903225806451613,0.0,0.0
MSP-JAX,31,29,16.448275862068964,-4.0,0.1724137931034483,0.13793103448275862,0.06451612903225806,0.03225806451612903
SJU-PVD,31,31,9.483870967741936,-2.0,0.16129032258064516,0.12903225806451613,0.0,0.0
PSP-MSP,31,31,5.741935483870968,-3.0,0.16129032258064516,0.0967741935483871,0.0,0.0
IAH-DSM,31,30,4.4,-2.0,0.16666666666666666,0.1,0.03225806451612903,0.0
PIE-FNT,31,31,-0.3225806451612903,-6.0,0.12903225806451613,0.0967741935483871,0.0,0.0
BUR-HOU,31,31,2.096774193548387,0.0,0.0967741935483871,0.06451612903225806,0.0,0.0
FLL-ISP,31,31,24.29032258064516,-5.0,0.22580645161290322,0.16129032258064516,0.0,0.0
YAK-JNU,31,30,-7.733333333333333,-9.0,0.1,0.06666666666666667,0.03225806451612903,0.0
MRY-DFW,31,31,12.161290322580646,4.0,0.1935483870967742,0.16129032258064516,0.0,0.03225806451612903
HOU-SJC,31,30,11.033333333333333,6.0,0.26666666666666666,0.13333333333333333,0.03225806451612903,0.0
DSM-PHL,31,31,7.0,-8.0,0.1935483870967742,0.12903225806451613,0.0,0.0
BOS-SAT,31,31,7.741935483870968,-5.0,0.1935483870967742,0.16129032258064516,0.0,0.0
BNA-MEM,30,30,17.5,3.0,0.4,0.26666666666666666,0.0,0.0
MIA-HOU,30,30,35.2,9.0,0.43333333333333335,0.26666666666666666,0.0,0.0
CLT-ATW,30,30,14.2,-2.0,0.13333333333333333,0.13333333333333333,0.0,0.0
PIT-HOU,30,30,21.766666666666666,4.5,0.3333333333333333,0.2,0.0,0.0
PRC-LAX,30,29,50.89655172413793,-7.0,0.3103448275862069,0.27586206896551724,0.03333333333333333,0.0
OGG-LGB,30,30,3.7,2.0,0.1,0.03333333333333333,0.0,0.0
DFW-GTR,30,30,4.7,-3.5,0.13333333333333333,0.1,0.0,0.03333333333333333
STL-PNS,30,30,4.733333333333333,-2.0,0.2,0.1,0.0,0.0
BNA-IND,30,29,11.482758620689655,4.0,0.3103448275862069,0.1724137931034483,0.03333333333333333,0.0
PNS-MCO,30,30,14.033333333333333,-8.5,0.13333333333333333,0.13333333333333333,0.0,0.0
JFK-PWM,30,29,15.827586206896552,-7.0,0.20689655172413793,0.1724137931034483,0.03333333333333333,0.0
ATL-ATW,30,30,27.766666666666666,-3.0,0.23333333333333334,0.23333333333333334,0.0,0.03333333333333333
SLN-IAH,30,29,-1.6551724137931034,-9.0,0.10344827586206896,0.06896551724137931,0.03333333333333333,0.0
AUS-JAX,30,30,0.1,-6.5,0.13333333333333333,0.1,0.0,0.0
ORD-MGW,30,28,43.75,-2.0,0.25,0.25,0.06666666666666667,0.1
FCA-DFW,30,30,11.333333333333334,-0.5,0.3,0.13333333333333333,0.0,0.0
SLC-FLL,30,30,5.133333333333334,-2.0,0.16666666666666666,0.1,0.0,0.0
FLL-SDF,30,29,4.9655172413793105,-2.0,0.1724137931034483,0.06896551724137931,0.03333333333333333,0.0
FSD-AZA,30,30,11.466666666666667,-0.5,0.2,0.16666666666666666,0.0,0.0
MKE-SLC,30,30,23.033333333333335,-5.5,0.1,0.06666666666666667,0.0,0.0
MCO-LBE,30,29,-1.1379310344827587,-5.0,0.06896551724137931,0.034482758620689655,0.03333333333333333,0.0
MKE-PHL,30,29,25.517241379310345,-8.0,0.2413793103448276,0.1724137931034483,0.03333333333333333,0.0
BTM-SLC,30,28,-4.892857142857143,-10.0,0.10714285714285714,0.07142857142857142,0.06666666666666667,0.0
LAS-KOA,30,30,2.3666666666666667,-1.0,0.06666666666666667,0.03333333333333333,0.0,0.0
FWA-SFB,30,30,31.566666666666666,15.5,0.5,0.36666666666666664,0.0,0.0
RST-MSP,30,30,1.7333333333333334,-8.0,0.1,0.1,0.0,0.0
EUG-SAN,30,29,18.06896551724138,5.0,0.3103448275862069,0.1724137931034483,0.03333333333333333,0.0
VPS-ORD,30,29,34.689655172413794,-1.0,0.3793103448275862,0.3103448275862069,0.03333333333333333,0.0
SEA-SIT,30,30,15.166666666666666,9.5,0.4,0.26666666666666666,0.0,0.0
AUS-CVG,30,30,18.066666666666666,-7.0,0.2,0.16666666666666666,0.0,0.0
ALB-DFW,30,29,-2.1379310344827585,-4.0,0.06896551724137931,0.0,0.03333333333333333,0.03333333333333333
SNA-DTW,30,30,20.133333333333333,-1.0,0.26666666666666666,0.16666666666666666,0.0,0.0
HOU-RDU,30,30,12.9,4.5,0.3,0.16666666666666666,0.0,0.0
TUS-DAL,30,28,8.571428571428571,-5.0,0.17857142857142858,0.07142857142857142,0.06666666666666667,0.0
PDX-MIA,30,30,14.466666666666667,0.0,0.16666666666666666,0.1,0.0,0.0
PHX-PVU,30,30,8.6,-5.5,0.1,0.1,0.0,0.0
SBN-MSP,30,29,-2.896551724137931,-4.0,0.034482758620689655,0.034482758620689655,0.03333333333333333,0.0
XNA-SLC,30,30,0.1,-3.5,0.13333333333333333,0.03333333333333333,0.0,0.0
ILM-MIA,30,30,-0.06666666666666667,-5.0,0.13333333333333333,0.06666666666666667,0.0,0.0
HOU-CMH,30,30,13.133333333333333,-1.5,0.23333333333333334,0.1,0.0,0.0
OAK-RNO,30,30,12.4,-1.5,0.23333333333333334,0.16666666666666666,0.0,0.0
BLV-PGD,30,30,5.366666666666666,-5.0,0.16666666666666666,0.13333333333333333,0.0,0.0
PHL-SDF,30,28,40.25,-4.0,0.25,0.14285714285714285,0.06666666666666667,0.0
SBP-SEA,30,30,14.333333333333334,-7.5,0.26666666666666666,0.2,0.0,0.0
LGA-ROA,30,29,27.862068965517242,2.0,0.20689655172413793,0.20689655172413793,0.03333333333333333,0.0
MDW-SFO,30,30,10.733333333333333,3.0,0.3333333333333333,0.13333333333333333,0.0,0.0
CLT-TVC,29,29,8.586206896551724,-1.0,0.20689655172413793,0.1724137931034483,0.0,0.034482758620689655
SIT-KTN,29,29,-6.586206896551724,-10.0,0.10344827586206896,0.034482758620689655,0.0,0.0
LAS-ROC,29,29,8.0,4.0,0.20689655172413793,0.10344827586206896,0.0,0.0
BGR-PIE,29,29,-0.10344827586206896,-6.0,0.13793103448275862,0.10344827586206896,0.0,0.034482758620689655
BTR-DCA,29,28,5.571428571428571,-9.0,0.17857142857142858,0.10714285714285714,0.034482758620689655,0.034482758620689655
IND-PIE,29,29,2.4482758620689653,-6.0,0.1724137931034483,0.10344827586206896,0.0,0.0
CMH-HOU,29,29,1.0344827586206897,-2.0,0.034482758620689655,0.034482758620689655,0.0,0.0
SAN-GEG,29,28,6.357142857142857,-3.0,0.17857142857142858,0.07142857142857142,0.034482758620689655,0.0
GEG-BOI,29,29,-1.5517241379310345,-5.0,0.10344827586206896,0.0,0.0,0.0
EWR-STT,29,29,5.241379310344827,-4.0,0.1724137931034483,0.1724137931034483,0.0,0.0
LGA-ACK,29,29,5.310344827586207,-5.0,0.13793103448275862,0.10344827586206896,0.0,0.034482758620689655
MEM-LAX,29,29,-2.206896551724138,-4.0,0.06896551724137931,0.0,0.0,0.0
MYR-PHL,29,28,15.785714285714286,-6.0,0.21428571428571427,0.17857142857142858,0.034482758620689655,0.0
ATW-SFB,29,29,16.448275862068964,-1.0,0.10344827586206896,0.06896551724137931,0.0,0.0
EWR-JAC,29,27,18.37037037037037,6.0,0.3333333333333333,0.2222222222222222,0.06896551724137931,0.034482758620689655
ORD-ECP,29,29,5.241379310344827,-4.0,0.20689655172413793,0.10344827586206896,0.0,0.0
FLL-MEM,29,29,26.344827586206897,-4.0,0.20689655172413793,0.1724137931034483,0.0,0.0
SJC-GEG,29,29,10.758620689655173,2.0,0.2413793103448276,0.1724137931034483,0.0,0.0
SBA-DFW,29,28,12.357142857142858,0.5,0.2857142857142857,0.21428571428571427,0.034482758620689655,0.0
ROA-LGA,29,21,143.71428571428572,2.0,0.38095238095238093,0.38095238095238093,0.27586206896551724,0.0
SFB-DSM,29,29,18.82758620689655,1.0,0.3448275862068966,0.13793103448275862,0.0,0.0
CMH-SRQ,29,29,4.689655172413793,0.0,0.13793103448275862,0.034482758620689655,0.0,0.0
MSP-OKC,29,29,11.241379310344827,0.0,0.2413793103448276,0.13793103448275862,0.0,0.0
SEA-DAL,29,28,19.964285714285715,8.5,0.42857142857142855,0.25,0.034482758620689655,0.0
PGD-PIA,29,29,-3.3793103448275863,-6.0,0.06896551724137931,0.034482758620689655,0.0,0.0
DTW-CIU,29,29,21.517241379310345,-6.0,0.20689655172413793,0.20689655172413793,0.0,0.0
CHS-SEA,29,28,10.357142857142858,0.5,0.32142857142857145,0.14285714285714285,0.034482758620689655,0.0
OKC-SAT,29,29,8.0,-2.0,0.13793103448275862,0.10344827586206896,0.0,0.0
MDW-ELP,29,29,4.206896551724138,-2.0,0.10344827586206896,0.06896551724137931,0.0,0.0
SEA-SBA,29,27,1.7037037037037037,-3.0,0.14814814814814814,0.037037037037037035,0.06896551724137931,0.0
EYW-DFW,29,29,17.0,4.0,0.3103448275862069,0.27586206896551724,0.0,0.0
LGA-JAX,29,28,17.964285714285715,-5.0,0.17857142857142858,0.14285714285714285,0.034482758620689655,0.0
PIE-BLV,29,29,7.137931034482759,-6.0,0.27586206896551724,0.1724137931034483,0.0,0.0
MSP-IMT,29,29,1.206896551724138,-5.0,0.06896551724137931,0.06896551724137931,0.0,0.0
TPA-TTN,29,29,2.4482758620689653,-10.0,0.1724137931034483,0.13793103448275862,0.0,0.0
BNA-JAN,29,29,19.655172413793103,6.0,0.27586206896551724,0.1724137931034483,0.0,0.0
SNA-AUS,29,29,14.241379310344827,1.0,0.10344827586206896,0.10344827586206896,0.0,0.0
BNA-OMA,29,29,13.724137931034482,5.0,0.3448275862068966,0.20689655172413793,0.0,0.0
ANC-CDV,29,29,3.5517241379310347,-4.0,0.20689655172413793,0.13793103448275862,0.0,0.0
ANC-BRW,29,28,10.357142857142858,6.5,0.21428571428571427,0.07142857142857142,0.034482758620689655,0.0
JFK-IAH,29,29,20.448275862068964,-3.0,0.13793103448275862,0.13793103448275862,0.0,0.0
PDX-KOA,29,29,1.793103448275862,-2.0,0.10344827586206896,0.06896551724137931,0.0,0.0
DFW-ATW,29,29,46.827586206896555,-2.0,0.27586206896551724,0.20689655172413793,0.0,0.0
OKC-AUS,29,29,9.931034482758621,5.0,0.41379310344827586,0.1724137931034483,0.0,0.0
PIT-STL,29,29,0.7241379310344828,-3.0,0.10344827586206896,0.034482758620689655,0.0,0.0
JAN-BWI,29,29,22.03448275862069,4.0,0.3793103448275862,0.2413793103448276,0.0,0.0
SUN-SFO,29,29,11.241379310344827,-3.0,0.2413793103448276,0.20689655172413793,0.0,0.0
PSP-LAX,29,29,-2.0689655172413794,-7.0,0.10344827586206896,0.06896551724137931,0.0,0.0
DCA-ICT,29,28,13.285714285714286,-1.0,0.32142857142857145,0.17857142857142858,0.034482758620689655,0.034482758620689655
AUS-TUL,29,29,20.0,9.0,0.41379310344827586,0.1724137931034483,0.0,0.0
JAC-EWR,29,28,8.821428571428571,-1.0,0.10714285714285714,0.07142857142857142,0.06896551724137931,0.0
SAT-FLL,29,29,9.517241379310345,-7.0,0.2413793103448276,0.1724137931034483,0.0,0.0
LAS-ALB,29,29,8.793103448275861,3.0,0.13793103448275862,0.06896551724137931,0.0,0.0
ITO-OGG,29,29,-0.7241379310344828,-4.0,0.06896551724137931,0.06896551724137931,0.0,0.0
PDX-EUG,29,28,3.892857142857143,-5.0,0.10714285714285714,0.03571428571428571,0.034482758620689655,0.0
CLT-EWN,29,29,9.689655172413794,-4.0,0.20689655172413793,0.13793103448275862,0.0,0.0
ROC-LAS,28,28,14.607142857142858,-1.0,0.21428571428571427,0.14285714285714285,0.0,0.0
ORD-CAE,28,27,8.333333333333334,-1.0,0.18518518518518517,0.1111111111111111,0.03571428571428571,0.0
SRQ-DEN,28,28,37.535714285714285,3.0,0.32142857142857145,0.17857142857142858,0.0,0.0
RNO-ATL,28,28,73.89285714285714,4.0,0.35714285714285715,0.25,0.0,0.0
DTW-BTV,28,28,26.142857142857142,-3.0,0.17857142857142858,0.14285714285714285,0.0,0.0
PHL-PNS,28,27,11.444444444444445,-5.0,0.18518518518518517,0.18518518518518517,0.03571428571428571,0.0
BIS-AZA,28,27,13.925925925925926,-4.0,0.25925925925925924,0.14814814814814814,0.03571428571428571,0.0
PHL-MKE,28,28,25.821428571428573,-0.5,0.35714285714285715,0.2857142857142857,0.0,0.0
SRQ-MSP,28,28,14.785714285714286,-2.5,0.2857142857142857,0.14285714285714285,0.0,0.0
IDA-PHX,28,27,-4.814814814814815,-10.0,0.037037037037037035,0.037037037037037035,0.03571428571428571,0.0
PHL-GSP,28,27,46.03703703703704,0.0,0.3333333333333333,0.2962962962962963,0.03571428571428571,0.0
IMT-DTW,28,28,-1.1785714285714286,-10.0,0.07142857142857142,0.07142857142857142,0.0,0.0
PHL-DAY,28,27,27.333333333333332,12.0,0.3333333333333333,0.3333333333333333,0.03571428571428571,0.0
HTS-PIE,28,28,18.214285714285715,0.5,0.39285714285714285,0.21428571428571427,0.0,0.0
SFO-MDW,28,28,12.75,4.5,0.2857142857142857,0.17857142857142858,0.0,0.0
HOB-DEN,28,26,28.807692307692307,-5.5,0.23076923076923078,0.19230769230769232,0.07142857142857142,0.0
AZA-FAR,28,28,0.2857142857142857,-6.5,0.10714285714285714,0.03571428571428571,0.0,0.0
SGU-LAX,28,28,17.535714285714285,-7.5,0.07142857142857142,0.07142857142857142,0.0,0.0
OTH-SFO,28,28,-4.892857142857143,-5.5,0.0,0.0,0.0,0.0
GSP-HOU,28,27,24.333333333333332,-1.0,0.25925925925925924,0.2222222222222222,0.03571428571428571,0.0
PVD-DEN,28,28,20.285714285714285,3.0,0.2857142857142857,0.17857142857142858,0.0,0.0
PVU-PHX,28,28,21.142857142857142,-3.0,0.35714285714285715,0.21428571428571427,0.0,0.0
GEG-SAN,28,26,-4.1923076923076925,-7.0,0.038461538461538464,0.038461538461538464,0.07142857142857142,0.0
EGE-ORD,28,27,17.62962962962963,5.0,0.37037037037037035,0.18518518518518517,0.03571428571428571,0.0
BUF-BNA,28,27,18.77777777777778,1.0,0.2962962962962963,0.18518518518518517,0.03571428571428571,0.0
FLL-SAT,28,28,27.428571428571427,-0.5,0.32142857142857145,0.25,0.0,0.03571428571428571
DEN-RDD,28,28,1.0714285714285714,-3.0,0.07142857142857142,0.03571428571428571,0.0,0.03571428571428571
LAX-ACV,28,28,-3.107142857142857,-6.0,0.07142857142857142,0.0,0.0,0.0
LAX-EGE,28,28,13.535714285714286,-4.0,0.25,0.21428571428571427,0.0,0.0
CVG-AUS,28,28,5.857142857142857,-2.5,0.10714285714285714,0.10714285714285714,0.0,0.0
SAN-ELP,28,28,5.607142857142857,-0.5,0.25,0.07142857142857142,0.0,0.0
MSP-BIL,28,28,32.214285714285715,1.0,0.2857142857142857,0.17857142857142858,0.0,0.0
MSP-CHS,28,28,3.892857142857143,-6.5,0.17857142857142858,0.14285714285714285,0.0,0.0
MEM-FLL,28,28,4.035714285714286,-2.5,0.25,0.07142857142857142,0.0,0.0
DAL-JAX,28,28,4.928571428571429,0.0,0.10714285714285714,0.03571428571428571,0.0,0.0
MVY-JFK,28,27,24.074074074074073,-2.0,0.25925925925925924,0.2222222222222222,0.03571428571428571,0.0
DCA-JAN,28,26,31.884615384615383,5.0,0.46153846153846156,0.3076923076923077,0.07142857142857142,0.0
SFB-ATW,28,28,7.178571428571429,-8.5,0.17857142857142858,0.10714285714285714,0.0,0.0
MDW-CHS,28,28,11.25,-2.0,0.21428571428571427,0.17857142857142858,0.0,0.0
ACK-DCA,28,25,2.72,-7.0,0.12,0.08,0.10714285714285714,0.0
ABE-PIE,28,28,4.607142857142857,-9.0,0.17857142857142858,0.10714285714285714,0.0,0.0
MDW-LGB,28,28,3.3214285714285716,-1.0,0.17857142857142858,0.07142857142857142,0.0,0.0
MSP-VPS,28,28,3.0357142857142856,-5.5,0.14285714285714285,0.10714285714285714,0.0,0.0
WRG-PSG,28,28,-5.857142857142857,-10.0,0.10714285714285714,0.07142857142857142,0.0,0.0
BWI-ONT,27,27,14.74074074074074,3.0,0.2962962962962963,0.14814814814814814,0.0,0.0
OAJ-CLT,27,26,6.384615384615385,-4.5,0.23076923076923078,0.19230769230769232,0.037037037037037035,0.0
TVC-DEN,27,27,11.074074074074074,-1.0,0.25925925925925924,0.2222222222222222,0.0,0.037037037037037035
MCO-SMF,27,27,13.62962962962963,6.0,0.25925925925925924,0.18518518518518517,0.0,0.0
KTN-SIT,27,27,27.814814814814813,6.0,0.37037037037037035,0.18518518518518517,0.037037037037037035,0.0
RDD-LAX,27,27,-3.4444444444444446,-8.0,0.07407407407407407,0.037037037037037035,0.0,0.0
ABQ-LGB,27,27,6.222222222222222,-1.0,0.18518518518518517,0.14814814814814814,0.0,0.0
ORD-FAI,27,27,20.037037037037038,1.0,0.37037037037037035,0.2222222222222222,0.0,0.0
ABE-MYR,27,27,3.2962962962962963,-5.0,0.18518518518518517,0.14814814814814814,0.0,0.0
EWR-AVL,27,27,10.814814814814815,-5.0,0.14814814814814814,0.07407407407407407,0.0,0.0
JFK-SNA,27,27,15.222222222222221,-3.0,0.18518518518518517,0.14814814814814814,0.0,0.0
AUS-MKE,27,27,13.518518518518519,2.0,0.3333333333333333,0.14814814814814814,0.0,0.0
LAX-PSP,27,27,-0.7777777777777778,-5.0,0.07407407407407407,0.037037037037037035,0.0,0.0
MCO-RSW,27,27,22.703703703703702,5.0,0.4074074074074074,0.37037037037037035,0.0,0.0
IMT-MSP,27,27,33.148148148148145,-3.0,0.25925925925925924,0.25925925925925924,0.0,0.0
BOS-SYR,27,27,38.2962962962963,20.0,0.5185185185185185,0.48148148148148145,0.0,0.0
SAT-MCI,27,27,7.037037037037037,-3.0,0.14814814814814814,0.07407407407407407,0.0,0.037037037037037035
PHL-DSM,27,27,12.851851851851851,-5.0,0.18518518518518517,0.18518518518518517,0.0,0.0
PIE-LCK,27,27,6.444444444444445,-4.0,0.2222222222222222,0.14814814814814814,0.0,0.0
TUS-PDX,27,27,-1.7037037037037037,-6.0,0.07407407407407407,0.07407407407407407,0.0,0.0
SAT-BOS,27,26,47.19230769230769,-7.0,0.23076923076923078,0.19230769230769232,0.037037037037037035,0.0
AUS-AMA,27,27,13.555555555555555,3.0,0.37037037037037035,0.2222222222222222,0.0,0.0
SBN-SFB,27,27,32.96296296296296,15.0,0.5185185185185185,0.37037037037037035,0.0,0.037037037037037035
BHM-DTW,27,27,15.222222222222221,-1.0,0.18518518518518517,0.1111111111111111,0.0,0.0
DEN-SLN,27,26,28.884615384615383,7.5,0.34615384615384615,0.3076923076923077,0.037037037037037035,0.0
RIC-PHL,27,27,21.62962962962963,3.0,0.3333333333333333,0.25925925925925924,0.0,0.0
PSM-PGD,27,27,-10.444444444444445,-12.0,0.037037037037037035,0.037037037037037035,0.0,0.0
RDM-SAN,27,26,6.076923076923077,-5.5,0.15384615384615385,0.11538461538461539,0.037037037037037035,0.0
DAL-TUS,27,26,23.03846153846154,9.0,0.38461538461538464,0.15384615384615385,0.037037037037037035,0.0
SBN-IAD,27,27,-0.2962962962962963,-3.0,0.037037037037037035,0.037037037037037035,0.0,0.0
CID-ATL,27,27,-2.5925925925925926,-3.0,0.0,0.0,0.0,0.037037037037037035
DSM-LGA,27,26,2.8076923076923075,-5.0,0.19230769230769232,0.11538461538461539,0.037037037037037035,0.0
STL-SRQ,27,27,34.25925925925926,-1.0,0.37037037037037035,0.2222222222222222,0.0,0.037037037037037035
MDT-PIE,27,27,34.629629629629626,13.0,0.48148148148148145,0.4074074074074074,0.0,0.0
DFW-MDW,27,27,24.814814814814813,2.0,0.4074074074074074,0.25925925925925924,0.0,0.0
MEM-AUS,27,27,-3.7037037037037037,-7.0,0.07407407407407407,0.037037037037037035,0.0,0.0
MEM-BNA,27,27,17.14814814814815,1.0,0.3333333333333333,0.18518518518518517,0.0,0.0
ESC-MSP,27,26,-2.923076923076923,-10.0,0.11538461538461539,0.11538461538461539,0.037037037037037035,0.0
HOU-GSP,27,27,4.666666666666667,-1.0,0.1111111111111111,0.07407407407407407,0.0,0.0
FAY-ATL,27,27,46.666666666666664,5.0,0.4074074074074074,0.2962962962962963,0.0,0.0
PVD-RSW,27,27,10.925925925925926,-3.0,0.2962962962962963,0.18518518518518517,0.0,0.0
GUM-HNL,27,26,7.384615384615385,1.0,0.2692307692307692,0.15384615384615385,0.037037037037037035,0.0
DTW-HNL,27,27,3.925925925925926,-5.0,0.1111111111111111,0.07407407407407407,0.0,0.0
FMN-DEN,27,27,9.74074074074074,-6.0,0.1111111111111111,0.07407407407407407,0.0,0.0
MSO-ORD,27,27,27.85185185185185,-1.0,0.2222222222222222,0.18518518518518517,0.0,0.037037037037037035
DTW-BGM,27,27,9.0,-4.0,0.2222222222222222,0.18518518518518517,0.0,0.037037037037037035
PBI-BNA,27,27,25.40740740740741,5.0,0.37037037037037035,0.25925925925925924,0.0,0.0
PIT-MYR,27,27,1.6666666666666667,-6.0,0.14814814814814814,0.07407407407407407,0.0,0.0
LIT-LGA,27,25,20.56,-5.0,0.12,0.08,0.07407407407407407,0.0
AZA-SGF,27,27,-0.5185185185185185,-6.0,0.14814814814814814,0.07407407407407407,0.0,0.0
STT-EWR,27,26,1.6538461538461537,-7.0,0.19230769230769232,0.11538461538461539,0.037037037037037035,0.0
SAN-IND,27,27,25.40740740740741,12.0,0.4074074074074074,0.2222222222222222,0.0,0.0
PIT-LAX,27,27,99.51851851851852,5.0,0.37037037037037035,0.25925925925925924,0.0,0.0
JAX-HOU,27,27,10.592592592592593,0.0,0.18518518518518517,0.18518518518518517,0.0,0.07407407407407407
BHM-PHX,26,26,15.76923076923077,1.5,0.19230769230769232,0.07692307692307693,0.0,0.038461538461538464
FAT-ATL,26,26,9.153846153846153,-2.0,0.23076923076923078,0.15384615384615385,0.0,0.0
IAH-SJC,26,25,1.44,-5.0,0.08,0.04,0.038461538461538464,0.0
AUS-OKC,26,26,6.961538461538462,-2.0,0.23076923076923078,0.038461538461538464,0.0,0.0
DSM-IAH,26,25,10.48,-5.0,0.12,0.04,0.038461538461538464,0.0
SYR-LGA,26,26,-1.4230769230769231,-6.0,0.07692307692307693,0.038461538461538464,0.0,0.0
PGD-RFD,26,26,-0.8076923076923077,-6.0,0.038461538461538464,0.038461538461538464,0.0,0.038461538461538464
BNA-BHM,26,26,10.807692307692308,-1.0,0.3076923076923077,0.15384615384615385,0.0,0.0
JAX-LGA,26,26,13.26923076923077,-2.5,0.19230769230769232,0.11538461538461539,0.0,0.038461538461538464
MDW-BUR,26,26,16.384615384615383,-1.5,0.19230769230769232,0.19230769230769232,0.0,0.0
FWA-PGD,26,26,51.38461538461539,6.0,0.4230769230769231,0.23076923076923078,0.0,0.0
OAK-EUG,26,26,9.961538461538462,2.0,0.19230769230769232,0.07692307692307693,0.0,0.0
ACK-BOS,26,25,24.36,-1.0,0.32,0.32,0.038461538461538464,0.0
PGD-ATW,26,26,-7.653846153846154,-10.0,0.07692307692307693,0.0,0.0,0.0
IND-BNA,26,26,15.615384615384615,-1.0,0.07692307692307693,0.038461538461538464,0.0,0.0
PGD-AVL,26,26,12.807692307692308,3.5,0.38461538461538464,0.23076923076923078,0.0,0.0
PIT-SLC,26,26,7.038461538461538,-1.0,0.23076923076923078,0.19230769230769232,0.0,0.0
SAN-KOA,26,26,10.461538461538462,0.5,0.19230769230769232,0.15384615384615385,0.0,0.0
EWN-CLT,26,26,18.03846153846154,3.5,0.34615384615384615,0.11538461538461539,0.0,0.0
CLE-SJU,26,25,18.24,0.0,0.32,0.2,0.038461538461538464,0.038461538461538464
OAK-ABQ,26,26,19.5,4.5,0.4230769230769231,0.2692307692307692,0.0,0.0
EYW-LGA,26,25,8.56,-3.0,0.28,0.12,0.038461538461538464,0.0
ANC-OME,26,25,9.76,3.0,0.32,0.16,0.07692307692307693,0.0
BNA-ONT,26,25,14.28,9.0,0.36,0.16,0.038461538461538464,0.0
FNT-PGD,26,26,5.8076923076923075,-2.0,0.19230769230769232,0.19230769230769232,0.0,0.0
CLT-LFT,26,26,31.96153846153846,-1.5,0.2692307692307692,0.2692307692307692,0.0,0.0
SJC-EUG,26,26,-0.11538461538461539,-4.0,0.11538461538461539,0.038461538461538464,0.0,0.0
CMH-SFO,26,25,57.68,5.0,0.32,0.2,0.038461538461538464,0.0
EGE-LAX,26,26,13.26923076923077,2.0,0.34615384615384615,0.15384615384615385,0.0,0.0
ATL-EVV,26,25,39.88,-3.0,0.4,0.36,0.07692307692307693,0.0
LBE-MCO,26,26,55.38461538461539,-5.0,0.23076923076923078,0.19230769230769232,0.0,0.0
MVY-DCA,26,24,58.958333333333336,-2.0,0.3333333333333333,0.08333333333333333,0.07692307692307693,0.0
HOU-BUR,26,26,10.615384615384615,-1.0,0.19230769230769232,0.19230769230769232,0.0,0.0
SFB-SBN,26,26,12.115384615384615,-1.0,0.2692307692307692,0.15384615384615385,0.0,0.0
LEX-SFB,26,25,85.72,21.0,0.56,0.44,0.038461538461538464,0.0
SJC-BNA,26,26,3.8076923076923075,2.5,0.11538461538461539,0.038461538461538464,0.0,0.0
ATL-JAC,26,26,16.653846153846153,-2.0,0.2692307692307692,0.11538461538461539,0.038461538461538464,0.0
PIE-ATW,26,26,15.153846153846153,1.5,0.34615384615384615,0.23076923076923078,0.0,0.0
AZA-GRR,25,25,4.72,-3.0,0.24,0.08,0.0,0.0
BUF-RSW,25,24,3.0,-5.0,0.125,0.08333333333333333,0.04,0.0
CHA-DCA,25,24,1.6666666666666667,-7.5,0.16666666666666666,0.16666666666666666,0.04,0.0
AUS-ASE,25,25,39.76,-2.0,0.4,0.32,0.0,0.12
BHM-BWI,25,24,11.833333333333334,2.5,0.375,0.125,0.04,0.0
DAL-CHS,25,25,8.32,-2.0,0.2,0.12,0.0,0.0
PIA-AZA,25,25,6.0,-3.0,0.08,0.04,0.0,0.0
DAY-LGA,25,25,6.8,-7.0,0.16,0.16,0.0,0.0
LCK-PIE,25,25,46.96,-4.0,0.2,0.16,0.0,0.0
LGA-PHL,25,25,-2.32,-5.0,0.08,0.04,0.0,0.0
SBN-PGD,25,25,11.4,2.0,0.36,0.24,0.0,0.0
MKE-MCI,25,25,1.28,-2.0,0.08,0.04,0.0,0.0
SAV-DAL,25,25,13.8,6.0,0.36,0.16,0.0,0.04
DAL-SEA,25,25,17.84,4.0,0.28,0.24,0.0,0.0
PVD-BNA,25,25,-0.08,-2.0,0.08,0.04,0.0,0.0
SJU-STX,25,25,2.52,-5.0,0.16,0.16,0.0,0.0
BGM-DTW,25,24,-3.5416666666666665,-6.0,0.08333333333333333,0.08333333333333333,0.04,0.0
LAX-PBI,25,25,2.2,-5.0,0.16,0.12,0.0,0.0
JNU-KTN,25,24,-3.625,-9.0,0.08333333333333333,0.08333333333333333,0.04,0.04
PGD-IND,25,25,21.24,7.0,0.4,0.32,0.0,0.0
GTF-MSP,25,25,6.12,-7.0,0.12,0.12,0.0,0.0
BGR-SFB,25,24,9.541666666666666,-4.5,0.25,0.16666666666666666,0.04,0.0
PNS-STL,25,25,9.76,-3.0,0.28,0.12,0.0,0.0
GTF-SEA,25,25,3.32,-2.0,0.16,0.08,0.0,0.0
BIS-ORD,25,25,24.48,0.0,0.36,0.12,0.0,0.0
LGA-EYW,25,23,5.086956521739131,-6.0,0.13043478260869565,0.043478260869565216,0.08,0.0
PBI-AVL,25,25,16.16,-2.0,0.28,0.2,0.0,0.0
AZA-BIS,25,25,-3.36,-8.0,0.12,0.08,0.0,0.0
BTM-DEN,25,25,6.64,-8.0,0.12,0.08,0.0,0.0
CAK-SRQ,25,25,-2.72,-12.0,0.12,0.08,0.0,0.0
ORD-PLN,25,25,14.8,-6.0,0.2,0.12,0.0,0.0
SLC-XNA,25,25,-2.92,-5.0,0.04,0.04,0.0,0.04
ORD-LAF,25,25,9.56,-1.0,0.24,0.08,0.0,0.0
AUS-MEM,25,24,17.625,-4.0,0.2916666666666667,0.20833333333333334,0.04,0.0
SFO-OMA,25,25,20.72,-1.0,0.2,0.16,0.0,0.0
LBB-AUS,25,25,13.48,-4.0,0.16,0.12,0.0,0.0
EUG-PDX,25,25,2.36,-5.0,0.08,0.08,0.0,0.0
DEN-PVD,25,25,26.48,13.0,0.48,0.36,0.0,0.0
LAX-FCA,25,25,-2.08,-4.0,0.08,0.04,0.0,0.0
SIT-SEA,25,24,13.666666666666666,-1.5,0.375,0.25,0.04,0.0
DCA-SAT,25,25,15.4,-1.0,0.36,0.2,0.0,0.0
CHS-HOU,25,25,8.6,0.0,0.28,0.16,0.0,0.08
PHX-BHM,25,25,15.0,-1.0,0.28,0.24,0.0,0.0
SRQ-MCO,25,25,10.6,-5.0,0.2,0.16,0.0,0.0
PVD-JFK,25,24,-3.0833333333333335,-10.5,0.125,0.08333333333333333,0.04,0.0
LFT-ATL,25,25,22.28,-7.0,0.12,0.12,0.0,0.04
ACK-HPN,25,25,8.28,-10.0,0.2,0.2,0.0,0.0
PHL-MYR,24,24,30.166666666666668,-4.0,0.3333333333333333,0.2916666666666667,0.0,0.0
JAN-BNA,24,24,17.125,-0.5,0.25,0.25,0.0,0.0
HHH-EWR,24,23,9.217391304347826,-5.0,0.21739130434782608,0.08695652173913043,0.041666666666666664,0.0
MDW-COS,24,24,0.25,-3.0,0.125,0.041666666666666664,0.0,0.0
DCA-HHH,24,24,-2.5833333333333335,-4.5,0.041666666666666664,0.0,0.0,0.0
DEN-PIR,24,24,-0.20833333333333334,-7.0,0.125,0.125,0.0,0.0
BDL-JFK,24,23,-11.434782608695652,-12.0,0.0,0.0,0.041666666666666664,0.0
ECP-DCA,24,22,100.36363636363636,-7.5,0.3181818181818182,0.3181818181818182,0.08333333333333333,0.0
TUL-BNA,24,24,0.4583333333333333,-3.5,0.125,0.041666666666666664,0.0,0.0
DCA-SAN,24,24,11.583333333333334,4.5,0.25,0.16666666666666666,0.0,0.0
VPS-BWI,24,24,-0.25,-4.0,0.041666666666666664,0.041666666666666664,0.0,0.0
RAP-AZA,24,24,18.875,-1.5,0.25,0.20833333333333334,0.0,0.0
AVL-BOS,24,24,6.708333333333333,-2.5,0.25,0.16666666666666666,0.0,0.0
AZA-ATW,24,24,8.166666666666666,-3.0,0.25,0.125,0.0,0.0
AVL-EWR,24,24,-1.1666666666666667,-5.0,0.125,0.041666666666666664,0.0,0.0
RNO-SJC,24,24,22.541666666666668,4.0,0.375,0.25,0.0,0.0
ORH-FLL,24,23,4.0,-5.0,0.17391304347826086,0.043478260869565216,0.041666666666666664,0.0
PGD-SBN,24,24,17.041666666666668,-2.5,0.16666666666666666,0.16666666666666666,0.0,0.041666666666666664
SJC-IAH,24,23,4.695652173913044,-5.0,0.13043478260869565,0.08695652173913043,0.041666666666666664,0.0
SMF-LIH,24,24,-3.75,-4.0,0.0,0.0,0.0,0.0
SMF-MCI,24,24,11.25,0.0,0.2916666666666667,0.20833333333333334,0.0,0.041666666666666664
DCA-MGM,24,23,32.73913043478261,1.0,0.391304347826087,0.2608695652173913,0.041666666666666664,0.0
SFB-USA,24,24,19.208333333333332,7.0,0.375,0.2916666666666667,0.0,0.0
PIE-IND,24,24,32.625,1.5,0.3333333333333333,0.20833333333333334,0.0,0.0
DCA-SRQ,24,24,8.625,-4.0,0.16666666666666666,0.08333333333333333,0.0,0.0
IAH-COS,24,24,33.458333333333336,2.5,0.25,0.25,0.0,0.0
MKE-AUS,24,24,12.5,-1.0,0.2916666666666667,0.08333333333333333,0.0,0.0
ILM-EWR,24,21,41.57142857142857,-4.0,0.23809523809523808,0.19047619047619047,0.125,0.0
PIT-PGD,24,24,3.5,-5.5,0.20833333333333334,0.125,0.0,0.0
TUL-DCA,24,21,2.857142857142857,-7.0,0.14285714285714285,0.047619047619047616,0.125,0.0
IAD-HNL,24,24,52.708333333333336,1.5,0.3333333333333333,0.2916666666666667,0.0,0.0
AVL-PGD,24,24,9.291666666666666,-7.0,0.25,0.25,0.0,0.0
PDX-RNO,24,24,4.083333333333333,-3.5,0.16666666666666666,0.08333333333333333,0.0,0.0
AZA-PSC,23,23,6.3478260869565215,-7.0,0.2608695652173913,0.21739130434782608,0.0,0.0
PIR-DEN,23,23,15.043478260869565,-9.0,0.17391304347826086,0.13043478260869565,0.0,0.0
MSP-ABQ,23,23,2.9565217391304346,-4.0,0.13043478260869565,0.08695652173913043,0.0,0.0
STS-LAS,23,23,2.391304347826087,-3.0,0.08695652173913043,0.08695652173913043,0.0,0.0
PIA-SFB,23,22,9.818181818181818,-1.5,0.18181818181818182,0.18181818181818182,0.043478260869565216,0.0
PGD-ALB,23,23,9.478260869565217,-6.0,0.2608695652173913,0.17391304347826086,0.0,0.0
PLN-ORD,23,22,22.045454545454547,-4.0,0.22727272727272727,0.13636363636363635,0.043478260869565216,0.0
SAT-DCA,23,22,-5.363636363636363,-7.0,0.045454545454545456,0.045454545454545456,0.043478260869565216,0.0
STL-VPS,23,23,17.130434782608695,2.0,0.2608695652173913,0.21739130434782608,0.0,0.0
DFW-STS,23,23,15.173913043478262,-2.0,0.2608695652173913,0.2608695652173913,0.0,0.0
MCI-BUR,23,23,7.217391304347826,-1.0,0.2608695652173913,0.08695652173913043,0.0,0.0
SDF-HOU,23,23,9.217391304347826,2.0,0.2608695652173913,0.13043478260869565,0.0,0.0
BNA-SJC,23,23,16.565217391304348,11.0,0.43478260869565216,0.21739130434782608,0.0,0.0
MGM-DCA,23,21,104.66666666666667,5.0,0.42857142857142855,0.38095238095238093,0.08695652173913043,0.0
MIA-DSM,23,22,10.045454545454545,-2.5,0.18181818181818182,0.18181818181818182,0.043478260869565216,0.0
ROC-MDW,23,23,23.043478260869566,-1.0,0.21739130434782608,0.17391304347826086,0.0,0.0
HOU-SDF,23,23,8.347826086956522,1.0,0.21739130434782608,0.08695652173913043,0.0,0.0
HOU-MIA,23,23,14.695652173913043,7.0,0.30434782608695654,0.13043478260869565,0.0,0.0
SYR-DFW,23,22,-0.4090909090909091,-3.0,0.045454545454545456,0.045454545454545456,0.043478260869565216,0.0
IND-PGD,23,23,9.434782608695652,-5.0,0.21739130434782608,0.17391304347826086,0.0,0.0
XNA-VPS,23,23,10.91304347826087,-10.0,0.2608695652173913,0.2608695652173913,0.0,0.043478260869565216
OMA-BNA,23,23,21.91304347826087,0.0,0.391304347826087,0.2608695652173913,0.0,0.0
BOS-TVC,23,23,1.608695652173913,-6.0,0.17391304347826086,0.08695652173913043,0.0,0.0
BOI-GEG,23,23,-4.0,-6.0,0.043478260869565216,0.0,0.0,0.0
ECP-DEN,23,23,13.826086956521738,0.0,0.30434782608695654,0.13043478260869565,0.0,0.0
RNO-OAK,23,23,2.0869565217391304,-3.0,0.13043478260869565,0.043478260869565216,0.0,0.0
LBB-PHX,23,23,-5.695652173913044,-8.0,0.08695652173913043,0.0,0.0,0.0
IAD-SDF,23,23,-1.1304347826086956,-5.0,0.08695652173913043,0.043478260869565216,0.0,0.0
DCA-MVY,23,23,-0.4782608695652174,-5.0,0.08695652173913043,0.08695652173913043,0.043478260869565216,0.0
BTV-DEN,23,23,24.652173913043477,5.0,0.34782608695652173,0.2608695652173913,0.0,0.08695652173913043
SFO-ANC,23,23,4.434782608695652,-5.0,0.08695652173913043,0.043478260869565216,0.0,0.0
DSM-SFB,23,23,-1.608695652173913,-5.0,0.13043478260869565,0.08695652173913043,0.0,0.0
IAH-SLN,23,23,62.17391304347826,7.0,0.43478260869565216,0.34782608695652173,0.0,0.043478260869565216
BWI-JAN,23,23,36.47826086956522,3.0,0.2608695652173913,0.17391304347826086,0.0,0.0
TLH-CLT,23,22,6.136363636363637,-6.5,0.09090909090909091,0.045454545454545456,0.043478260869565216,0.043478260869565216
LGB-ELP,22,22,12.409090909090908,1.0,0.18181818181818182,0.13636363636363635,0.0,0.0
BUF-PHL,22,22,44.86363636363637,1.5,0.2727272727272727,0.2727272727272727,0.0,0.0
ATW-AZA,22,22,4.545454545454546,-11.0,0.2727272727272727,0.13636363636363635,0.0,0.0
ATL-LFT,22,22,5.136363636363637,-5.0,0.18181818181818182,0.13636363636363635,0.09090909090909091,0.0
EWR-ILM,22,21,-3.2857142857142856,-6.0,0.09523809523809523,0.047619047619047616,0.045454545454545456,0.0
LGA-SYR,22,21,1.5714285714285714,-7.0,0.19047619047619047,0.14285714285714285,0.045454545454545456,0.0
PWM-BNA,22,22,6.590909090909091,2.0,0.13636363636363635,0.045454545454545456,0.0,0.0
MKE-IAH,22,22,3.409090909090909,-5.5,0.18181818181818182,0.09090909090909091,0.0,0.0
MYR-ABE,22,22,4.045454545454546,-4.0,0.13636363636363635,0.045454545454545456,0.0,0.0
PHL-LGA,22,22,-0.5454545454545454,-4.5,0.045454545454545456,0.045454545454545456,0.0,0.0
GSO-DTW,22,22,18.90909090909091,-5.0,0.13636363636363635,0.13636363636363635,0.0,0.0
MDW-DFW,22,21,4.380952380952381,-7.0,0.19047619047619047,0.14285714285714285,0.045454545454545456,0.0
PIE-CID,22,22,-2.727272727272727,-8.5,0.18181818181818182,0.09090909090909091,0.0,0.045454545454545456
WYS-DEN,22,21,13.238095238095237,-6.0,0.14285714285714285,0.09523809523809523,0.045454545454545456,0.0
PHL-MSN,22,22,16.59090909090909,-4.5,0.2727272727272727,0.18181818181818182,0.0,0.0
HOU-JAX,22,22,11.409090909090908,4.5,0.3181818181818182,0.22727272727272727,0.0,0.0
AZA-DSM,22,22,24.90909090909091,-2.5,0.2727272727272727,0.18181818181818182,0.0,0.0
DAL-PHL,22,22,15.090909090909092,5.5,0.22727272727272727,0.13636363636363635,0.0,0.0
ALB-PGD,22,22,17.818181818181817,1.5,0.18181818181818182,0.13636363636363635,0.0,0.0
LIH-SJC,22,22,2.4545454545454546,-3.5,0.09090909090909091,0.09090909090909091,0.0,0.0
SAV-HOU,22,22,12.727272727272727,7.5,0.2727272727272727,0.18181818181818182,0.0,0.0
BHM-FLL,22,22,37.86363636363637,-1.5,0.3181818181818182,0.3181818181818182,0.0,0.0
RAP-MSP,22,22,14.5,-3.0,0.22727272727272727,0.18181818181818182,0.0,0.0
BGR-CLT,22,22,7.863636363636363,-3.0,0.18181818181818182,0.13636363636363635,0.0,0.0
PGD-ABE,22,21,14.761904761904763,-1.0,0.38095238095238093,0.23809523809523808,0.045454545454545456,0.0
BNA-ABQ,22,22,22.863636363636363,11.5,0.4090909090909091,0.22727272727272727,0.0,0.0
ATW-PIE,22,22,29.863636363636363,0.0,0.2727272727272727,0.13636363636363635,0.0,0.0
JFK-PVD,22,22,26.40909090909091,2.0,0.3181818181818182,0.22727272727272727,0.0,0.0
SGF-AZA,22,22,-1.3636363636363635,-6.5,0.09090909090909091,0.09090909090909091,0.0,0.0
ONT-BWI,22,22,8.818181818181818,2.0,0.18181818181818182,0.09090909090909091,0.0,0.0
DTW-GSO,22,22,48.22727272727273,-5.0,0.13636363636363635,0.09090909090909091,0.0,0.0
LEX-PIE,22,22,22.227272727272727,2.5,0.3181818181818182,0.22727272727272727,0.0,0.045454545454545456
IAD-SBN,22,22,9.045454545454545,-4.5,0.18181818181818182,0.13636363636363635,0.0,0.0
PSP-SJC,22,22,4.818181818181818,-2.0,0.22727272727272727,0.09090909090909091,0.0,0.0
PIA-PGD,22,22,13.727272727272727,-4.5,0.18181818181818182,0.13636363636363635,0.0,0.0
PIE-PIA,22,22,29.818181818181817,2.0,0.45454545454545453,0.36363636363636365,0.0,0.0
DSM-PIE,22,22,20.272727272727273,2.5,0.3181818181818182,0.18181818181818182,0.0,0.0
PHL-BUF,22,20,30.15,-1.0,0.3,0.25,0.09090909090909091,0.0
ORD-VPS,22,21,6.619047619047619,-4.0,0.23809523809523808,0.23809523809523808,0.045454545454545456,0.0
PIE-DSM,22,22,7.363636363636363,-5.5,0.22727272727272727,0.18181818181818182,0.0,0.0
BWI-VPS,22,22,4.045454545454546,2.5,0.13636363636363635,0.0,0.0,0.0
HHH-LGA,22,22,60.63636363636363,-1.5,0.2727272727272727,0.22727272727272727,0.0,0.09090909090909091
IAG-PIE,22,22,6.136363636363637,-3.0,0.22727272727272727,0.13636363636363635,0.0,0.0
PHL-DAL,22,21,11.714285714285714,9.0,0.38095238095238093,0.09523809523809523,0.045454545454545456,0.045454545454545456
DEN-TVC,22,22,8.454545454545455,-1.5,0.22727272727272727,0.13636363636363635,0.0,0.0
ABQ-IAD,22,22,1.5454545454545454,-3.0,0.18181818181818182,0.09090909090909091,0.0,0.0
SDF-SFB,22,22,69.81818181818181,31.5,0.5454545454545454,0.5,0.0,0.0
SMF-BWI,22,22,1.6818181818181819,-1.0,0.13636363636363635,0.0,0.0,0.0
EGE-IAH,22,22,12.954545454545455,-1.5,0.2727272727272727,0.18181818181818182,0.0,0.0
SJU-JAX,21,20,52.15,2.5,0.4,0.3,0.047619047619047616,0.0
SFO-CMH,21,21,5.380952380952381,-5.0,0.19047619047619047,0.09523809523809523,0.0,0.0
BHM-IAH,21,21,22.095238095238095,-5.0,0.2857142857142857,0.2857142857142857,0.0,0.0
DTW-BHM,21,21,2.142857142857143,-3.0,0.19047619047619047,0.047619047619047616,0.0,0.0
PGD-TYS,21,21,20.047619047619047,2.0,0.38095238095238093,0.2857142857142857,0.0,0.0
PIE-BGR,21,21,-6.523809523809524,-9.0,0.09523809523809523,0.047619047619047616,0.0,0.0
ALB-TPA,21,21,6.857142857142857,-2.0,0.19047619047619047,0.14285714285714285,0.0,0.0
MYR-BDL,21,21,6.523809523809524,-7.0,0.14285714285714285,0.09523809523809523,0.0,0.0
SMF-MCO,21,21,2.0,0.0,0.047619047619047616,0.047619047619047616,0.0,0.0
SFB-PIT,21,21,64.76190476190476,47.0,0.7619047619047619,0.7142857142857143,0.0,0.0
FCA-SFO,21,21,13.952380952380953,-6.0,0.23809523809523808,0.23809523809523808,0.0,0.0
SAV-MSP,21,20,-0.1,-5.5,0.15,0.05,0.047619047619047616,0.0
PGD-FWA,21,21,-3.857142857142857,-7.0,0.09523809523809523,0.047619047619047616,0.0,0.0
RNO-AUS,21,20,4.25,-0.5,0.2,0.05,0.047619047619047616,0.0
MOT-AZA,21,21,60.0,1.0,0.14285714285714285,0.09523809523809523,0.0,0.0
IND-SFB,21,21,-3.4285714285714284,-4.0,0.047619047619047616,0.047619047619047616,0.0,0.0
RFD-PGD,21,21,8.952380952380953,-7.0,0.09523809523809523,0.047619047619047616,0.0,0.0
TYS-BOS,21,21,1.0,-7.0,0.09523809523809523,0.09523809523809523,0.0,0.0
COS-IAH,21,21,12.952380952380953,-7.0,0.19047619047619047,0.09523809523809523,0.0,0.0
MYR-SWF,21,20,0.55,-9.5,0.15,0.1,0.047619047619047616,0.0
EUG-SJC,21,21,9.095238095238095,3.0,0.23809523809523808,0.14285714285714285,0.0,0.0
SMF-HOU,21,21,12.428571428571429,3.0,0.3333333333333333,0.047619047619047616,0.0,0.0
JFK-BUR,21,21,37.38095238095238,5.0,0.42857142857142855,0.38095238095238093,0.0,0.047619047619047616
LGA-ROC,21,20,5.55,-6.0,0.15,0.1,0.047619047619047616,0.0
SFB-FWA,21,21,0.5714285714285714,-6.0,0.14285714285714285,0.09523809523809523,0.0,0.0
LGA-LIT,21,20,21.0,-3.5,0.4,0.3,0.047619047619047616,0.0
BNA-TUL,21,21,10.571428571428571,3.0,0.2857142857142857,0.047619047619047616,0.0,0.0
DFW-ALB,21,21,41.95238095238095,34.0,0.7619047619047619,0.5238095238095238,0.0,0.0
PSP-JFK,21,21,11.19047619047619,-5.0,0.3333333333333333,0.23809523809523808,0.0,0.0
AUS-OAK,21,21,22.0,11.0,0.38095238095238093,0.23809523809523808,0.0,0.0
DTW-SMF,21,21,7.523809523809524,-2.0,0.23809523809523808,0.14285714285714285,0.0,0.0
MIA-OKC,21,21,14.476190476190476,-4.0,0.19047619047619047,0.09523809523809523,0.0,0.0
LGA-DAY,21,21,6.619047619047619,-7.0,0.19047619047619047,0.09523809523809523,0.0,0.0
MCI-SMF,21,21,28.142857142857142,16.0,0.5238095238095238,0.2857142857142857,0.0,0.0
ECP-ORD,21,20,12.5,-0.5,0.25,0.15,0.047619047619047616,0.0
DEN-FMN,21,21,22.285714285714285,4.0,0.47619047619047616,0.3333333333333333,0.0,0.047619047619047616
MCI-PNS,21,21,0.047619047619047616,-3.0,0.14285714285714285,0.0,0.0,0.0
BOI-SNA,21,21,26.952380952380953,3.0,0.3333333333333333,0.2857142857142857,0.0,0.0
LAS-CID,21,21,-2.238095238095238,-6.0,0.14285714285714285,0.0,0.0,0.0
SLC-WYS,21,21,2.4761904761904763,-4.0,0.19047619047619047,0.09523809523809523,0.0,0.0
SFB-SGF,21,21,-0.23809523809523808,-5.0,0.09523809523809523,0.09523809523809523,0.0,0.047619047619047616
SJC-LIH,21,21,16.095238095238095,-6.0,0.23809523809523808,0.23809523809523808,0.0,0.0
PQI-BOS,21,20,-0.75,-3.0,0.1,0.05,0.047619047619047616,0.0
EWR-SMF,21,20,16.35,-2.5,0.35,0.2,0.047619047619047616,0.0
LAS-FSD,21,21,37.57142857142857,-6.0,0.23809523809523808,0.14285714285714285,0.0,0.0
GNV-CLT,21,21,0.9523809523809523,-9.0,0.09523809523809523,0.09523809523809523,0.0,0.0
ATL-FAY,21,21,19.142857142857142,-2.0,0.23809523809523808,0.19047619047619047,0.0,0.0
SLC-OGG,21,21,30.238095238095237,0.0,0.3333333333333333,0.23809523809523808,0.0,0.0
MIA-SMF,21,21,47.476190476190474,6.0,0.2857142857142857,0.19047619047619047,0.0,0.0
ABE-PGD,21,20,23.5,-3.5,0.25,0.1,0.047619047619047616,0.09523809523809523
LGB-ABQ,21,21,8.619047619047619,0.0,0.23809523809523808,0.19047619047619047,0.0,0.0
LAS-PAE,21,21,14.285714285714286,-3.0,0.3333333333333333,0.19047619047619047,0.0,0.047619047619047616
CID-AZA,20,20,-1.2,-2.0,0.1,0.0,0.0,0.0
PSC-AZA,20,20,11.85,-6.5,0.25,0.15,0.0,0.0
ORD-SJC,20,20,29.9,5.5,0.35,0.3,0.0,0.05
IAH-AMA,20,20,16.25,-1.5,0.2,0.2,0.0,0.0
LBE-MYR,20,19,3.4210526315789473,-9.0,0.2631578947368421,0.21052631578947367,0.05,0.0
PNS-MCI,20,20,17.15,-3.0,0.1,0.1,0.0,0.0
BDL-MYR,20,20,-0.25,-9.0,0.2,0.1,0.0,0.0
IDA-AZA,20,20,0.15,-3.5,0.15,0.05,0.0,0.0
SAV-IAD,20,20,43.3,-6.0,0.15,0.15,0.0,0.0
PIE-FWA,20,20,5.4,-4.0,0.25,0.15,0.0,0.0
ORD-HDN,20,20,6.55,6.5,0.2,0.1,0.0,0.05
SAN-RDM,20,20,7.7,-4.5,0.2,0.15,0.0,0.0
MIA-OMA,20,18,9.833333333333334,-3.0,0.16666666666666666,0.16666666666666666,0.1,0.0
EWR-HHH,20,19,0.42105263157894735,-5.0,0.10526315789473684,0.10526315789473684,0.05,0.0
LAS-STS,20,20,34.35,-3.0,0.35,0.2,0.0,0.0
AUS-RNO,20,20,14.45,12.5,0.5,0.25,0.0,0.0
VPS-HOU,20,20,8.7,-4.0,0.15,0.15,0.0,0.05
DCA-LAN,20,19,15.789473684210526,-3.0,0.2631578947368421,0.15789473684210525,0.05,0.0
RNO-JFK,20,20,82.85,1.5,0.45,0.3,0.0,0.0
IAH-PSP,20,20,19.15,-3.5,0.15,0.15,0.0,0.0
ANC-SLC,20,20,13.6,2.0,0.3,0.05,0.0,0.0
BGR-LGA,20,18,-6.666666666666667,-8.0,0.0,0.0,0.1,0.0
LAX-PIT,20,20,3.3,-2.0,0.15,0.1,0.0,0.0
IAG-PGD,20,20,-1.35,-6.5,0.15,0.1,0.0,0.0
PHX-TYS,20,20,9.45,-5.5,0.2,0.2,0.0,0.0
RHI-ORD,20,20,7.4,-9.0,0.2,0.2,0.0,0.0
FLL-MKE,20,20,18.65,-2.0,0.25,0.2,0.0,0.0
AZA-PIA,20,20,-7.9,-8.5,0.0,0.0,0.0,0.0
BLV-SFB,20,20,15.7,0.5,0.3,0.2,0.0,0.0
ONT-ORD,20,20,7.05,-5.5,0.2,0.15,0.0,0.0
ANC-AKN,20,20,-1.95,-7.5,0.2,0.0,0.0,0.0
SJU-MSP,20,20,20.15,-0.5,0.25,0.2,0.0,0.05
SFO-BIH,20,20,10.0,-6.0,0.15,0.15,0.05,0.0
RSW-BUF,20,19,3.0,0.0,0.15789473684210525,0.10526315789473684,0.05,0.0
SFB-HGR,20,19,12.578947368421053,-2.0,0.3157894736842105,0.3157894736842105,0.05,0.0
AVL-MIA,20,20,25.1,-3.5,0.35,0.2,0.0,0.0
ATL-PSP,20,20,17.3,-5.0,0.2,0.15,0.0,0.0
IAD-PVD,20,20,1.05,-4.0,0.05,0.05,0.0,0.0
EGE-ATL,20,20,22.1,-2.0,0.2,0.1,0.0,0.0
ABQ-JFK,20,19,18.0,-4.0,0.3157894736842105,0.2631578947368421,0.05,0.0
FLL-USA,20,20,64.2,8.5,0.4,0.2,0.0,0.0
PBG-FLL,20,20,25.85,-1.0,0.25,0.25,0.0,0.0
DAY-PHL,20,20,-4.35,-9.5,0.1,0.1,0.0,0.0
ATL-HHH,20,20,2.45,-4.0,0.2,0.05,0.0,0.0
MEM-BOS,20,20,0.1,-6.5,0.05,0.05,0.0,0.0
DAL-RSW,19,18,20.22222222222222,0.0,0.3333333333333333,0.16666666666666666,0.05263157894736842,0.0
SFO-FCA,19,19,7.526315789473684,-3.0,0.15789473684210525,0.10526315789473684,0.0,0.0
MSP-RST,19,19,8.736842105263158,-3.0,0.15789473684210525,0.10526315789473684,0.0,0.0
TVC-DCA,19,18,6.611111111111111,-1.0,0.2222222222222222,0.1111111111111111,0.05263157894736842,0.0
PIE-HTS,19,19,16.263157894736842,-3.0,0.3157894736842105,0.10526315789473684,0.0,0.0
HRL-MSP,19,17,-7.0588235294117645,-11.0,0.058823529411764705,0.0,0.10526315789473684,0.0
ORD-RHI,19,18,10.61111111111111,-2.0,0.16666666666666666,0.05555555555555555,0.05263157894736842,0.0
XNA-IAH,19,18,-1.0,-4.5,0.1111111111111111,0.0,0.05263157894736842,0.0
RSW-PVD,19,19,30.94736842105263,-6.0,0.15789473684210525,0.15789473684210525,0.0,0.0
SGF-SFB,19,19,17.63157894736842,1.0,0.3684210526315789,0.21052631578947367,0.0,0.0
COS-BWI,19,18,6.5,0.0,0.16666666666666666,0.16666666666666666,0.05263157894736842,0.0
DEN-BIH,19,19,12.631578947368421,-2.0,0.21052631578947367,0.15789473684210525,0.0,0.0
MSP-GTF,19,19,10.789473684210526,-4.0,0.10526315789473684,0.10526315789473684,0.0,0.0
CVG-SAV,19,18,25.27777777777778,1.0,0.2777777777777778,0.2777777777777778,0.05263157894736842,0.0
BUR-JFK,19,19,148.89473684210526,33.0,0.6842105263157895,0.5263157894736842,0.0,0.0
SRQ-CAK,19,19,1.263157894736842,-10.0,0.15789473684210525,0.15789473684210525,0.0,0.0
LEX-PGD,19,19,8.210526315789474,-9.0,0.15789473684210525,0.15789473684210525,0.0,0.0
IAH-GSP,19,19,17.842105263157894,4.0,0.42105263157894735,0.3157894736842105,0.0,0.0
MCI-PDX,19,19,2.4210526315789473,1.0,0.05263157894736842,0.05263157894736842,0.0,0.0
DEN-BTV,19,19,0.8421052631578947,-3.0,0.10526315789473684,0.0,0.0,0.0
ACY-MYR,19,18,9.722222222222221,-8.0,0.2222222222222222,0.2222222222222222,0.05263157894736842,0.0
BOS-EYW,19,19,7.473684210526316,-3.0,0.2631578947368421,0.05263157894736842,0.0,0.0
GRR-AZA,19,19,-0.7368421052631579,-3.0,0.2631578947368421,0.0,0.0,0.0
ATL-CHO,19,19,-0.7368421052631579,-5.0,0.05263157894736842,0.05263157894736842,0.0,0.0
WYS-SLC,19,19,-11.526315789473685,-13.0,0.0,0.0,0.0,0.0
DAL-PDX,19,19,21.105263157894736,8.0,0.3684210526315789,0.3157894736842105,0.0,0.0
DEN-PWM,19,19,-1.5789473684210527,-2.0,0.05263157894736842,0.0,0.0,0.0
BUR-MCI,19,19,-0.2631578947368421,-5.0,0.10526315789473684,0.10526315789473684,0.0,0.0
LAS-FAR,19,19,-7.421052631578948,-8.0,0.0,0.0,0.0,0.05263157894736842
PVD-PGD,19,19,25.105263157894736,8.0,0.42105263157894735,0.21052631578947367,0.0,0.0
PIE-LEX,19,19,9.736842105263158,-1.0,0.3684210526315789,0.21052631578947367,0.0,0.0
JFK-RNO,19,18,21.22222222222222,1.0,0.16666666666666666,0.16666666666666666,0.05263157894736842,0.0
BZN-BOS,19,19,90.26315789473684,7.0,0.3157894736842105,0.15789473684210525,0.0,0.0
DEN-WYS,19,19,7.631578947368421,-4.0,0.21052631578947367,0.21052631578947367,0.0,0.0
JMS-DVL,19,19,-1.3157894736842106,-10.0,0.10526315789473684,0.10526315789473684,0.0,0.0
JAC-CLT,19,19,18.789473684210527,-5.0,0.15789473684210525,0.15789473684210525,0.0,0.0
MSP-ESC,19,19,0.7894736842105263,-5.0,0.15789473684210525,0.10526315789473684,0.0,0.0
CID-PGD,19,19,22.31578947368421,-7.0,0.3157894736842105,0.2631578947368421,0.0,0.0
AZA-BIL,19,19,-0.15789473684210525,-6.0,0.15789473684210525,0.10526315789473684,0.0,0.0
CAK-SAV,19,19,-4.947368421052632,-10.0,0.15789473684210525,0.0,0.0,0.0
PGD-PIT,19,19,20.736842105263158,14.0,0.47368421052631576,0.2631578947368421,0.0,0.0
DSM-AZA,19,19,3.736842105263158,-4.0,0.05263157894736842,0.05263157894736842,0.0,0.0
PGD-CID,19,19,-3.9473684210526314,-9.0,0.05263157894736842,0.05263157894736842,0.0,0.0
AZA-RFD,19,19,-3.3157894736842106,-7.0,0.10526315789473684,0.0,0.0,0.0
MEM-BWI,19,19,22.894736842105264,2.0,0.42105263157894735,0.3157894736842105,0.0,0.0
XNA-MIA,19,19,6.421052631578948,-2.0,0.05263157894736842,0.05263157894736842,0.0,0.0
FAR-LAS,19,19,12.157894736842104,-3.0,0.2631578947368421,0.2631578947368421,0.0,0.0
PGD-DSM,19,19,8.421052631578947,-5.0,0.3157894736842105,0.15789473684210525,0.0,0.0
SFB-PBG,19,18,7.0,-7.0,0.1111111111111111,0.1111111111111111,0.05263157894736842,0.0
MDW-IAH,19,19,40.63157894736842,-5.0,0.3684210526315789,0.3684210526315789,0.0,0.0
PIE-MDT,19,19,59.421052631578945,16.0,0.5263157894736842,0.3157894736842105,0.0,0.0
RDD-SEA,19,18,13.88888888888889,4.5,0.2777777777777778,0.2222222222222222,0.05263157894736842,0.0
FAR-PHX,19,19,3.736842105263158,-4.0,0.15789473684210525,0.15789473684210525,0.0,0.0
BZN-AZA,19,19,-0.6842105263157895,-3.0,0.15789473684210525,0.10526315789473684,0.0,0.0
JFK-PSP,18,18,19.11111111111111,-2.5,0.16666666666666666,0.05555555555555555,0.0,0.0
SBN-AZA,18,18,0.7777777777777778,-2.0,0.16666666666666666,0.1111111111111111,0.0,0.0
DEN-OTH,18,18,-1.1666666666666667,-2.0,0.0,0.0,0.0,0.0
HHH-ATL,18,18,-4.888888888888889,-5.0,0.0,0.0,0.0,0.0
PIE-SBN,18,17,3.4705882352941178,-8.0,0.11764705882352941,0.11764705882352941,0.05555555555555555,0.0
PGD-IAG,18,18,12.88888888888889,0.0,0.2777777777777778,0.1111111111111111,0.0,0.0
FLL-BHM,18,18,9.333333333333334,-7.0,0.1111111111111111,0.1111111111111111,0.0,0.0
ECP-MDW,18,18,9.777777777777779,1.0,0.2777777777777778,0.1111111111111111,0.0,0.0
STS-DFW,18,18,82.83333333333333,-0.5,0.1111111111111111,0.1111111111111111,0.0,0.0
SWF-MYR,18,18,12.944444444444445,-10.0,0.2777777777777778,0.2222222222222222,0.0,0.0
FNT-SRQ,18,17,5.0588235294117645,-2.0,0.17647058823529413,0.11764705882352941,0.05555555555555555,0.0
ORD-CIU,18,18,16.944444444444443,-5.0,0.2777777777777778,0.2222222222222222,0.0,0.0
PIT-PIE,18,18,39.833333333333336,-3.5,0.2777777777777778,0.2222222222222222,0.0,0.0
PHL-GRR,18,18,52.94444444444444,-6.5,0.2222222222222222,0.16666666666666666,0.0,0.0
SAV-CVG,18,18,22.666666666666668,-4.0,0.3333333333333333,0.16666666666666666,0.0,0.0
SLC-FAI,18,18,9.722222222222221,0.5,0.2222222222222222,0.1111111111111111,0.0,0.0
SJU-CLE,18,18,0.8333333333333334,-9.5,0.1111111111111111,0.1111111111111111,0.0,0.0
IAH-ELP,18,18,-3.888888888888889,-4.0,0.0,0.0,0.0,0.0
LAS-GRI,18,18,-4.111111111111111,-3.0,0.0,0.0,0.0,0.0
MYR-LBE,18,18,-2.8333333333333335,-9.0,0.16666666666666666,0.05555555555555555,0.0,0.0
BOS-TYS,18,18,12.222222222222221,-4.5,0.16666666666666666,0.16666666666666666,0.0,0.0
ROA-SFB,18,17,94.58823529411765,52.0,0.8823529411764706,0.6470588235294118,0.05555555555555555,0.0
DEN-ECP,18,18,8.88888888888889,5.0,0.2222222222222222,0.1111111111111111,0.0,0.0
BLI-AZA,18,18,-5.333333333333333,-5.5,0.0,0.0,0.0,0.0
DEN-ATY,18,18,23.666666666666668,-6.5,0.2222222222222222,0.2222222222222222,0.0,0.0
TYS-EWR,18,18,-1.8888888888888888,-7.0,0.1111111111111111,0.05555555555555555,0.0,0.0
DEN-SRQ,18,18,16.0,3.5,0.3333333333333333,0.16666666666666666,0.0,0.0
SBN-LAS,18,18,85.88888888888889,3.0,0.4444444444444444,0.3333333333333333,0.0,0.0
MDW-ROC,18,18,17.61111111111111,1.5,0.3333333333333333,0.1111111111111111,0.0,0.0
ELP-LGB,18,18,1.0555555555555556,-2.5,0.05555555555555555,0.05555555555555555,0.0,0.0
GRR-MIA,18,18,17.22222222222222,0.0,0.2777777777777778,0.16666666666666666,0.0,0.0
ELP-IAH,18,18,12.555555555555555,-1.5,0.2222222222222222,0.2222222222222222,0.0,0.0
ORD-ONT,18,18,38.55555555555556,15.0,0.5,0.3333333333333333,0.05555555555555555,0.0
PSP-ATL,18,18,-0.4444444444444444,-6.0,0.05555555555555555,0.05555555555555555,0.0,0.0
AZA-IDA,18,18,3.9444444444444446,-7.5,0.2222222222222222,0.16666666666666666,0.0,0.0
KOA-SJC,18,18,7.444444444444445,3.5,0.16666666666666666,0.16666666666666666,0.0,0.0
PWM-DEN,18,18,4.944444444444445,-2.5,0.16666666666666666,0.16666666666666666,0.0,0.1111111111111111
PHX-SMX,18,18,17.61111111111111,-6.5,0.16666666666666666,0.16666666666666666,0.0,0.0
CID-PIE,18,17,52.64705882352941,-6.0,0.17647058823529413,0.11764705882352941,0.05555555555555555,0.0
GTR-DFW,18,18,20.61111111111111,-1.0,0.3333333333333333,0.3333333333333333,0.0,0.05555555555555555
MYR-CLE,18,18,-3.388888888888889,-9.5,0.1111111111111111,0.1111111111111111,0.0,0.0
MIA-AVL,18,18,12.333333333333334,-4.0,0.2222222222222222,0.16666666666666666,0.0,0.0
ATY-MSP,18,18,9.944444444444445,-7.5,0.05555555555555555,0.05555555555555555,0.0,0.0
PHL-RIC,18,17,13.647058823529411,-4.0,0.23529411764705882,0.23529411764705882,0.05555555555555555,0.0
CHS-IAH,18,18,23.11111111111111,-1.5,0.2777777777777778,0.16666666666666666,0.0,0.0
BNA-ALB,18,18,10.944444444444445,9.0,0.3333333333333333,0.16666666666666666,0.0,0.0
LEX-FLL,18,18,34.388888888888886,15.5,0.5,0.3888888888888889,0.0,0.0
MSP-SAV,17,17,5.0,-5.0,0.17647058823529413,0.11764705882352941,0.0,0.0
DTW-SRQ,17,17,30.294117647058822,-1.0,0.4117647058823529,0.4117647058823529,0.0,0.0
ATW-LAS,17,17,-1.2941176470588236,-7.0,0.23529411764705882,0.058823529411764705,0.0,0.0
MDT-SFB,17,17,17.647058823529413,3.0,0.35294117647058826,0.23529411764705882,0.0,0.0
ATL-EGE,17,17,6.9411764705882355,-1.0,0.23529411764705882,0.17647058823529413,0.0,0.0
VPS-STL,17,17,5.117647058823529,3.0,0.29411764705882354,0.0,0.0,0.0
SNA-BNA,17,17,16.88235294117647,7.0,0.17647058823529413,0.11764705882352941,0.0,0.0
FLL-STX,17,17,-0.29411764705882354,-5.0,0.11764705882352941,0.058823529411764705,0.0,0.0
MLI-PGD,17,17,-3.1176470588235294,-9.0,0.11764705882352941,0.11764705882352941,0.0,0.0
DFW-HDN,17,16,3.875,-1.5,0.1875,0.0625,0.058823529411764705,0.0
MIA-HPN,17,17,7.0,-3.0,0.17647058823529413,0.11764705882352941,0.0,0.058823529411764705
FLL-SYR,17,17,6.411764705882353,-2.0,0.11764705882352941,0.11764705882352941,0.0,0.0
ORD-BIS,17,17,8.176470588235293,-2.0,0.23529411764705882,0.11764705882352941,0.0,0.0
OGG-ATL,17,16,2.75,-3.0,0.125,0.125,0.058823529411764705,0.0
BOS-DAL,17,17,29.647058823529413,9.0,0.47058823529411764,0.29411764705882354,0.0,0.0
SEA-RDD,17,17,12.176470588235293,7.0,0.29411764705882354,0.17647058823529413,0.0,0.0
OGG-ORD,17,16,-1.375,-2.5,0.0625,0.0,0.058823529411764705,0.0
AKN-ANC,17,17,-5.705882352941177,-7.0,0.058823529411764705,0.058823529411764705,0.0,0.0
HTS-SFB,17,17,66.88235294117646,32.0,0.5882352941176471,0.5294117647058824,0.0,0.0
JAX-PIT,17,17,14.529411764705882,-2.0,0.29411764705882354,0.23529411764705882,0.0,0.0
JAX-SJU,17,17,-4.0588235294117645,-8.0,0.058823529411764705,0.058823529411764705,0.0,0.0
RDU-CLE,17,17,76.41176470588235,-7.0,0.17647058823529413,0.058823529411764705,0.0,0.0
USA-PIE,17,17,21.0,3.0,0.35294117647058826,0.29411764705882354,0.0,0.0
HOU-CHS,17,17,13.411764705882353,-1.0,0.29411764705882354,0.17647058823529413,0.0,0.0
BLI-PSP,17,17,23.058823529411764,-10.0,0.11764705882352941,0.11764705882352941,0.0,0.0
SMF-MIA,17,17,1.0,-2.0,0.058823529411764705,0.0,0.0,0.0
TOL-PIE,17,17,22.0,3.0,0.29411764705882354,0.17647058823529413,0.0,0.0
IAH-JFK,17,17,9.411764705882353,-2.0,0.17647058823529413,0.17647058823529413,0.0,0.0
SEA-JAC,17,17,9.764705882352942,-4.0,0.23529411764705882,0.17647058823529413,0.0,0.058823529411764705
STX-CLT,17,17,-5.117647058823529,-6.0,0.11764705882352941,0.0,0.0,0.0
STX-FLL,17,17,9.176470588235293,-3.0,0.11764705882352941,0.11764705882352941,0.0,0.0
DEN-PBI,17,17,2.0,-2.0,0.058823529411764705,0.058823529411764705,0.0,0.0
SRQ-HOU,17,17,1.411764705882353,-2.0,0.058823529411764705,0.058823529411764705,0.0,0.0
EYW-BOS,17,16,28.1875,12.0,0.5,0.375,0.058823529411764705,0.0
VPS-XNA,17,17,-13.117647058823529,-15.0,0.0,0.0,0.0,0.0
CLE-MYR,17,17,-5.529411764705882,-8.0,0.058823529411764705,0.058823529411764705,0.0,0.0
SJC-KOA,17,17,-3.1176470588235294,-7.0,0.058823529411764705,0.058823529411764705,0.0,0.0
TYS-PGD,17,17,5.0588235294117645,-6.0,0.35294117647058826,0.11764705882352941,0.0,0.058823529411764705
PDX-MCI,17,17,0.8235294117647058,-3.0,0.11764705882352941,0.0,0.0,0.0
CLT-FAY,17,17,8.117647058823529,-2.0,0.23529411764705882,0.17647058823529413,0.0,0.0
RNO-PDX,17,17,2.2941176470588234,-6.0,0.11764705882352941,0.058823529411764705,0.0,0.0
BWI-SJC,17,17,24.647058823529413,3.0,0.29411764705882354,0.11764705882352941,0.0,0.0
OKC-MIA,17,17,22.88235294117647,-5.0,0.17647058823529413,0.17647058823529413,0.0,0.0
MCO-PWM,17,17,-2.5294117647058822,-8.0,0.11764705882352941,0.058823529411764705,0.0,0.0
ORD-SUN,17,17,24.941176470588236,1.0,0.29411764705882354,0.17647058823529413,0.0,0.0
GSP-PIE,17,17,11.588235294117647,3.0,0.29411764705882354,0.23529411764705882,0.0,0.0
LAS-FCA,17,17,-3.411764705882353,-7.0,0.058823529411764705,0.0,0.0,0.0
STX-ATL,17,16,8.75,-2.5,0.1875,0.125,0.058823529411764705,0.0
BNA-SNA,17,17,-0.7058823529411765,-2.0,0.0,0.0,0.0,0.0
EYW-CVG,17,17,29.823529411764707,-7.0,0.29411764705882354,0.17647058823529413,0.0,0.0
ASE-AUS,17,14,23.428571428571427,18.0,0.5714285714285714,0.35714285714285715,0.17647058823529413,0.0
LCK-PGD,17,17,14.117647058823529,-1.0,0.4117647058823529,0.23529411764705882,0.0,0.0
BNA-GRR,17,17,20.294117647058822,-7.0,0.29411764705882354,0.17647058823529413,0.0,0.0
PIE-TOL,17,17,26.235294117647058,-5.0,0.29411764705882354,0.29411764705882354,0.0,0.0
PGD-PSM,17,17,-3.7058823529411766,-6.0,0.058823529411764705,0.0,0.0,0.0
STT-ORD,17,17,8.764705882352942,-8.0,0.17647058823529413,0.17647058823529413,0.0,0.0
SFB-XNA,17,17,1.8235294117647058,-5.0,0.11764705882352941,0.11764705882352941,0.0,0.0
SRQ-DAL,17,17,17.529411764705884,0.0,0.17647058823529413,0.17647058823529413,0.0,0.0
BIL-LAS,17,17,-7.0,-12.0,0.058823529411764705,0.058823529411764705,0.0,0.0
ORH-JFK,17,17,-9.0,-9.0,0.0,0.0,0.0,0.0
DSM-PGD,17,17,13.470588235294118,-5.0,0.29411764705882354,0.17647058823529413,0.0,0.0
SRQ-GRR,17,17,4.352941176470588,-6.0,0.11764705882352941,0.11764705882352941,0.0,0.0
JFK-ORH,17,17,2.0588235294117645,-6.0,0.17647058823529413,0.11764705882352941,0.0,0.0
SAT-OKC,16,16,2.0,-3.5,0.125,0.0625,0.0,0.0
PIE-OMA,16,16,-3.0625,-9.0,0.0625,0.0625,0.0,0.0
HNL-EWR,16,16,47.9375,2.5,0.3125,0.3125,0.0,0.0
GRR-BNA,16,16,10.8125,-4.5,0.3125,0.3125,0.0,0.0
MSP-SJU,16,16,6.1875,-3.5,0.3125,0.125,0.0,0.0
PIT-SFB,16,16,6.875,-0.5,0.3125,0.1875,0.0,0.0
SFB-LEX,16,16,12.125,-1.5,0.25,0.1875,0.0,0.0
GRR-PHL,16,16,9.875,-8.0,0.125,0.125,0.0,0.0
MYR-ACY,16,15,0.4666666666666667,-11.0,0.2,0.13333333333333333,0.0625,0.0
CLT-GNV,16,16,22.1875,-0.5,0.375,0.25,0.0,0.0
GTF-AZA,16,16,24.5625,2.5,0.3125,0.25,0.0,0.0
SNA-BOI,16,16,9.6875,0.0,0.125,0.125,0.0,0.0
PWM-MCO,16,16,3.875,-9.0,0.25,0.1875,0.0,0.0
HGR-SFB,16,16,17.875,13.0,0.375,0.3125,0.0,0.0
BOS-STT,16,16,9.9375,-5.0,0.0625,0.0625,0.0,0.0
PIE-SYR,16,16,-7.0625,-7.5,0.0625,0.0,0.0,0.0
SMF-TUS,16,16,1.3125,-2.0,0.125,0.0625,0.0,0.0
GRR-RSW,16,16,-7.625,-10.0,0.0625,0.0625,0.0,0.0
EGE-PHX,16,16,29.875,5.5,0.375,0.3125,0.0,0.0
BNA-SFB,16,16,77.1875,1.0,0.4375,0.375,0.0,0.0
IAD-ABQ,16,16,-2.1875,-8.0,0.0625,0.0625,0.0,0.0
SBN-SRQ,16,16,-4.0625,-15.0,0.125,0.0625,0.0,0.0
MIA-XNA,16,16,8.4375,-2.5,0.25,0.25,0.0,0.0
PGD-LCK,16,16,-2.3125,-5.0,0.125,0.0,0.0,0.0
PGD-PVD,16,16,1.5625,-5.5,0.25,0.0625,0.0,0.0
DSM-BNA,16,16,-2.625,-6.0,0.1875,0.0,0.0,0.0
PGD-TOL,16,16,5.375,-5.5,0.25,0.125,0.0,0.0
LAS-PIA,16,16,-3.25,-7.5,0.125,0.0,0.0,0.0
XNA-LAS,16,16,-2.3125,-8.0,0.25,0.0,0.0,0.0
CHA-SFB,16,16,42.375,14.0,0.5,0.375,0.0,0.0
AZA-SBN,16,16,-3.875,-7.0,0.0625,0.0,0.0,0.0
FLL-ABE,16,16,3.0625,-3.0,0.25,0.125,0.0,0.0
TUS-MSP,16,16,2.6875,-3.5,0.125,0.0625,0.0,0.0
SFB-HTS,16,16,17.625,-1.5,0.375,0.375,0.0,0.0625
LAX-SAF,16,16,-2.6875,-9.0,0.125,0.0625,0.0,0.0
PHL-SYR,16,15,26.4,-3.0,0.3333333333333333,0.26666666666666666,0.0625,0.0
TVC-BOS,16,16,29.3125,3.5,0.4375,0.4375,0.0,0.0
LAS-LRD,16,16,7.5,-5.5,0.1875,0.1875,0.0,0.0
PGD-BLV,16,16,-7.375,-8.0,0.0,0.0,0.0,0.0
PHX-ASE,16,15,15.6,-2.0,0.26666666666666666,0.13333333333333333,0.0625,0.0625
MDW-PGD,16,16,-3.875,-6.0,0.125,0.0,0.0,0.0
RSW-DAL,16,16,5.0625,0.0,0.1875,0.0625,0.0,0.0
STT-DFW,16,16,14.875,-0.5,0.3125,0.1875,0.0,0.0
JFK-ABQ,16,16,17.125,-1.0,0.25,0.125,0.0,0.0
MDT-PGD,16,16,10.5,-10.0,0.1875,0.125,0.0,0.0
ANC-EWR,16,16,68.25,-1.5,0.375,0.375,0.0,0.0
CVG-EYW,16,16,24.5,-7.0,0.25,0.125,0.0,0.0
AZA-GEG,16,16,11.5,-2.0,0.1875,0.125,0.0,0.0
LAS-BIL,16,16,-2.5,-5.5,0.125,0.0,0.0,0.0
MDW-PWM,16,16,3.25,-1.5,0.1875,0.0625,0.0,0.0
SGF-PIE,16,16,46.0,3.5,0.4375,0.375,0.0,0.0
LAF-ORD,16,15,68.06666666666666,1.0,0.3333333333333333,0.26666666666666666,0.0625,0.0
STL-LGB,16,16,28.125,10.5,0.4375,0.375,0.0,0.0
ORD-STT,16,16,4.625,-5.0,0.1875,0.125,0.0,0.0
FAT-ORD,16,15,25.333333333333332,0.0,0.3333333333333333,0.13333333333333333,0.0625,0.0
MOT-LAS,16,16,33.125,3.0,0.375,0.3125,0.0,0.0
PBI-DEN,16,16,13.375,7.0,0.375,0.1875,0.0,0.0
LCK-SFB,16,16,22.625,4.0,0.375,0.25,0.0,0.0
MCI-PIE,16,16,28.5625,5.0,0.4375,0.375,0.0,0.0
FLL-ROC,16,16,14.6875,4.5,0.375,0.1875,0.0,0.0
CHS-CVG,16,16,12.3125,-2.0,0.3125,0.1875,0.0,0.0
SEA-GTF,16,16,2.9375,-3.5,0.1875,0.0625,0.0,0.0
SFB-LCK,16,16,21.0,-2.0,0.4375,0.25,0.0,0.0
IAH-ANC,16,16,19.125,16.0,0.5,0.1875,0.0,0.0
LIH-SMF,16,16,43.25,-3.5,0.25,0.125,0.0,0.0
MCI-PGD,16,16,8.75,1.5,0.1875,0.125,0.0,0.0
LGA-HHH,16,16,0.375,-5.0,0.0625,0.0625,0.0,0.0
IAH-BHM,16,15,137.8,29.0,0.6,0.4666666666666667,0.0625,0.0
ATL-ANC,16,16,5.125,0.5,0.1875,0.0625,0.0,0.0625
HOU-SAV,16,16,6.75,2.0,0.1875,0.0625,0.0,0.0
IAH-EGE,16,15,12.2,-2.0,0.4666666666666667,0.2,0.0625,0.0
MSP-TUS,15,15,4.666666666666667,-2.0,0.06666666666666667,0.06666666666666667,0.0,0.0
MCO-TYS,15,15,39.53333333333333,8.0,0.4,0.4,0.0,0.0
PIE-USA,15,15,22.933333333333334,9.0,0.4666666666666667,0.3333333333333333,0.0,0.0
LGA-BGR,15,15,10.2,-3.0,0.2,0.06666666666666667,0.0,0.0
SDF-VPS,15,15,19.066666666666666,-4.0,0.3333333333333333,0.3333333333333333,0.0,0.0
RAP-CLT,15,15,-1.0666666666666667,-2.0,0.13333333333333333,0.0,0.0,0.0
AZA-RAP,15,14,-0.42857142857142855,-8.0,0.14285714285714285,0.07142857142857142,0.06666666666666667,0.0
USA-PGD,15,15,10.066666666666666,-1.0,0.3333333333333333,0.2,0.0,0.0
JAC-ATL,15,14,21.214285714285715,16.0,0.5714285714285714,0.35714285714285715,0.06666666666666667,0.0
LIT-PHX,15,15,16.933333333333334,-2.0,0.2,0.2,0.0,0.0
USA-FLL,15,14,96.35714285714286,28.0,0.5714285714285714,0.5,0.06666666666666667,0.0
DCA-TVC,15,14,0.5,-2.0,0.07142857142857142,0.07142857142857142,0.06666666666666667,0.0
SWF-PIE,15,15,0.6,-4.0,0.06666666666666667,0.06666666666666667,0.0,0.0
RFD-AZA,15,15,13.266666666666667,2.0,0.2,0.2,0.0,0.0
BZN-MDW,15,15,3.2666666666666666,-1.0,0.2,0.0,0.0,0.0
EGE-MIA,15,15,47.86666666666667,9.0,0.4666666666666667,0.4,0.0,0.0
AVL-PHX,15,15,33.333333333333336,-3.0,0.2,0.13333333333333333,0.0,0.0
SMF-DTW,15,15,-3.0,-4.0,0.06666666666666667,0.06666666666666667,0.0,0.0
FLL-SWF,15,15,11.866666666666667,-4.0,0.2,0.2,0.0,0.0
SMF-BOS,15,15,8.333333333333334,1.0,0.26666666666666666,0.13333333333333333,0.0,0.0
JFK-ONT,15,15,32.4,-1.0,0.4,0.3333333333333333,0.0,0.0
PBG-SFB,15,15,45.93333333333333,8.0,0.4,0.3333333333333333,0.0,0.0
PBI-MSP,15,15,20.666666666666668,3.0,0.4,0.26666666666666666,0.0,0.0
BUF-LAX,15,15,-0.06666666666666667,-4.0,0.06666666666666667,0.06666666666666667,0.0,0.0
VPS-EWR,15,15,3.066666666666667,-2.0,0.13333333333333333,0.13333333333333333,0.0,0.0
JAX-IND,15,15,15.066666666666666,-1.0,0.3333333333333333,0.2,0.0,0.0
AZA-BZN,15,15,-6.466666666666667,-7.0,0.0,0.0,0.0,0.0
AZA-CID,15,15,4.6,-6.0,0.3333333333333333,0.13333333333333333,0.0,0.0
LGB-BWI,15,14,0.7857142857142857,-3.5,0.07142857142857142,0.07142857142857142,0.06666666666666667,0.0
ONT-JFK,15,15,9.933333333333334,-2.0,0.2,0.2,0.0,0.0
SRQ-AVL,15,15,3.0,-9.0,0.13333333333333333,0.06666666666666667,0.0,0.0
SUN-ORD,15,12,26.583333333333332,8.5,0.4166666666666667,0.3333333333333333,0.2,0.0
PIE-CHA,15,15,5.066666666666666,-5.0,0.2,0.13333333333333333,0.0,0.0
CHA-PIE,15,15,21.466666666666665,16.0,0.5333333333333333,0.3333333333333333,0.0,0.0
COS-MSP,15,15,-7.733333333333333,-11.0,0.0,0.0,0.0,0.0
LAS-SBP,15,15,20.333333333333332,13.0,0.4,0.26666666666666666,0.0,0.0
TYS-PHX,15,15,-6.466666666666667,-6.0,0.0,0.0,0.0,0.0
PGD-MDW,15,15,24.8,-4.0,0.13333333333333333,0.13333333333333333,0.0,0.0
PHX-GRR,15,15,8.0,-5.0,0.2,0.13333333333333333,0.0,0.0
SAN-FLL,15,15,2.6,-4.0,0.2,0.06666666666666667,0.0,0.0
SAV-CAK,15,14,34.642857142857146,-7.0,0.21428571428571427,0.21428571428571427,0.06666666666666667,0.0
LCK-SRQ,15,15,-5.333333333333333,-13.0,0.13333333333333333,0.06666666666666667,0.0,0.0
LAX-SDF,15,15,-0.9333333333333333,-5.0,0.13333333333333333,0.0,0.0,0.0
SRQ-SYR,15,15,0.06666666666666667,-10.0,0.13333333333333333,0.13333333333333333,0.0,0.0
BOS-ACK,15,15,-2.4,-5.0,0.06666666666666667,0.0,0.0,0.0
PGD-USA,15,15,14.4,4.0,0.4,0.2,0.0,0.0
PIA-PIE,15,15,133.6,-7.0,0.3333333333333333,0.26666666666666666,0.0,0.0
CHS-STL,15,15,16.4,2.0,0.3333333333333333,0.13333333333333333,0.0,0.0
AMA-IAH,15,15,0.06666666666666667,-5.0,0.13333333333333333,0.06666666666666667,0.0,0.0
RDM-PDX,15,15,0.26666666666666666,-4.0,0.06666666666666667,0.06666666666666667,0.0,0.0
ALB-MYR,15,13,1.7692307692307692,-9.0,0.15384615384615385,0.15384615384615385,0.13333333333333333,0.0
PIE-IAG,15,15,0.13333333333333333,-7.0,0.2,0.06666666666666667,0.06666666666666667,0.0
SRQ-FNT,15,15,14.066666666666666,-2.0,0.4,0.2,0.0,0.0
PIE-SWF,15,15,-1.6666666666666667,-9.0,0.2,0.06666666666666667,0.0,0.0
MSP-RAP,15,15,8.666666666666666,-1.0,0.26666666666666666,0.13333333333333333,0.0,0.0
LAS-MOT,15,15,-1.8666666666666667,-7.0,0.13333333333333333,0.06666666666666667,0.0,0.0
PVU-PDX,15,15,-6.733333333333333,-10.0,0.06666666666666667,0.06666666666666667,0.0,0.0
MCO-AVL,14,14,23.214285714285715,1.5,0.42857142857142855,0.35714285714285715,0.0,0.0
TRI-SFB,14,14,34.285714285714285,24.5,0.5714285714285714,0.42857142857142855,0.0,0.0
SYR-FLL,14,14,26.0,22.0,0.6428571428571429,0.42857142857142855,0.0,0.0
BOS-SMF,14,14,10.0,5.5,0.2857142857142857,0.07142857142857142,0.0,0.0
SYR-PIE,14,14,16.928571428571427,12.5,0.42857142857142855,0.14285714285714285,0.0,0.0
ORD-FAT,14,14,23.571428571428573,23.5,0.6428571428571429,0.35714285714285715,0.0,0.0
LAS-XNA,14,14,0.7857142857142857,-6.0,0.07142857142857142,0.07142857142857142,0.0,0.0
LCK-SAV,14,14,7.785714285714286,-10.0,0.14285714285714285,0.14285714285714285,0.0,0.0
MCI-RSW,14,14,6.285714285714286,-0.5,0.21428571428571427,0.07142857142857142,0.0,0.0
AVL-MCO,14,14,68.64285714285714,-7.0,0.21428571428571427,0.21428571428571427,0.0,0.0
OGG-SLC,14,14,8.071428571428571,-6.5,0.07142857142857142,0.07142857142857142,0.07142857142857142,0.0
GUC-DFW,14,14,213.64285714285714,46.0,0.5714285714285714,0.5714285714285714,0.0,0.0
LAS-SGF,14,14,82.5,-1.0,0.21428571428571427,0.21428571428571427,0.0,0.0
CLE-RDU,14,14,6.071428571428571,-10.0,0.14285714285714285,0.14285714285714285,0.0,0.0
LAS-RFD,14,14,1.3571428571428572,-5.5,0.07142857142857142,0.07142857142857142,0.0,0.0
LAS-MRY,14,14,8.428571428571429,-1.5,0.42857142857142855,0.2857142857142857,0.0,0.07142857142857142
GSO-PHL,14,13,3.5384615384615383,-6.0,0.15384615384615385,0.15384615384615385,0.07142857142857142,0.0
DAL-BOS,14,14,32.57142857142857,14.5,0.5,0.35714285714285715,0.0,0.0
RSW-ORH,14,14,16.285714285714285,-6.5,0.14285714285714285,0.14285714285714285,0.0,0.0
MSP-HRL,14,13,-3.3076923076923075,-5.0,0.0,0.0,0.07142857142857142,0.0
PSE-JFK,14,14,4.142857142857143,-7.5,0.2857142857142857,0.21428571428571427,0.0,0.0
EWR-TYS,14,14,17.642857142857142,-3.5,0.14285714285714285,0.14285714285714285,0.0,0.0
GTF-LAS,14,13,-4.384615384615385,-9.0,0.23076923076923078,0.07692307692307693,0.07142857142857142,0.0
LAS-ATW,14,14,24.071428571428573,-8.0,0.14285714285714285,0.14285714285714285,0.0,0.0
JFK-HYA,14,12,18.75,-3.5,0.3333333333333333,0.25,0.14285714285714285,0.0
ATW-SRQ,14,14,-4.357142857142857,-9.5,0.21428571428571427,0.07142857142857142,0.0,0.0
SDF-PIE,14,14,-9.0,-9.5,0.07142857142857142,0.0,0.0,0.0
ATY-DEN,14,14,10.357142857142858,-6.5,0.2857142857142857,0.14285714285714285,0.0,0.0
CHO-ATL,14,14,13.357142857142858,0.5,0.35714285714285715,0.21428571428571427,0.0,0.0
VPS-MCI,14,14,81.57142857142857,-6.5,0.14285714285714285,0.14285714285714285,0.0,0.0
HDN-ORD,14,14,12.857142857142858,5.5,0.42857142857142855,0.2857142857142857,0.0,0.0
DAY-PGD,14,14,92.42857142857143,8.0,0.35714285714285715,0.35714285714285715,0.0,0.0
IAD-PSP,14,14,-5.785714285714286,-5.5,0.0,0.0,0.0,0.0
BZN-BNA,14,14,9.571428571428571,-4.0,0.2857142857142857,0.21428571428571427,0.0,0.0
ELM-PIE,14,14,4.142857142857143,4.0,0.14285714285714285,0.07142857142857142,0.0,0.0
AMA-AUS,14,14,21.142857142857142,-3.5,0.21428571428571427,0.14285714285714285,0.0,0.0
BNA-DSM,14,14,34.07142857142857,-3.5,0.35714285714285715,0.2857142857142857,0.0,0.0
FSD-PIE,14,14,5.5,-5.5,0.14285714285714285,0.07142857142857142,0.0,0.0
MFR-LAS,14,14,15.857142857142858,7.0,0.42857142857142855,0.2857142857142857,0.0,0.0
BNA-PVU,14,14,-2.9285714285714284,-5.0,0.0,0.0,0.0,0.0
ILM-PHL,14,14,-7.214285714285714,-8.0,0.0,0.0,0.0,0.0
PHL-HHH,14,14,-1.3571428571428572,-4.0,0.07142857142857142,0.07142857142857142,0.0,0.07142857142857142
SBN-PIE,14,14,4.0,-3.5,0.21428571428571427,0.14285714285714285,0.0,0.0
SFB-ELM,14,14,14.785714285714286,-4.5,0.2857142857142857,0.21428571428571427,0.0,0.0
IAH-XNA,14,14,4.214285714285714,-5.0,0.14285714285714285,0.07142857142857142,0.0,0.0
TUS-SMF,14,14,3.5714285714285716,-5.0,0.14285714285714285,0.07142857142857142,0.0,0.0
SFB-CAK,14,14,34.42857142857143,-1.5,0.2857142857142857,0.2857142857142857,0.0,0.0
SRQ-LCK,14,14,-8.071428571428571,-9.5,0.0,0.0,0.0,0.0
SFB-IND,14,14,7.0,0.0,0.21428571428571427,0.14285714285714285,0.0,0.0
MSP-PBI,14,14,16.214285714285715,0.5,0.2857142857142857,0.14285714285714285,0.0,0.0
SFB-CHA,14,14,36.42857142857143,13.0,0.5,0.35714285714285715,0.0,0.0
BWI-LGB,14,14,9.714285714285714,9.0,0.35714285714285715,0.0,0.0,0.0
PHL-TVC,14,13,11.923076923076923,-5.0,0.23076923076923078,0.15384615384615385,0.07142857142857142,0.0
IAD-PBI,14,14,-4.428571428571429,-5.0,0.0,0.0,0.0,0.0
BWI-COS,14,14,-0.35714285714285715,-2.0,0.0,0.0,0.0,0.0
CID-SFB,14,14,60.714285714285715,8.5,0.35714285714285715,0.2857142857142857,0.0,0.0
IAH-CHS,14,14,27.928571428571427,15.0,0.5,0.35714285714285715,0.0,0.0
HNL-PPG,14,14,11.571428571428571,0.0,0.21428571428571427,0.14285714285714285,0.0,0.0
PIE-ALB,14,14,5.428571428571429,-8.0,0.21428571428571427,0.07142857142857142,0.0,0.0
PHX-FAR,14,14,3.4285714285714284,-2.5,0.14285714285714285,0.14285714285714285,0.0,0.0
BNA-FNT,14,14,9.714285714285714,1.0,0.21428571428571427,0.14285714285714285,0.0,0.0
PIE-SGF,14,14,8.0,-4.5,0.21428571428571427,0.21428571428571427,0.0,0.07142857142857142
FCA-LAX,14,14,-4.785714285714286,-5.5,0.0,0.0,0.0,0.0
PIT-JAX,14,14,-2.642857142857143,-6.5,0.07142857142857142,0.07142857142857142,0.0,0.0
MIA-ISP,14,14,21.071428571428573,0.0,0.2857142857142857,0.2857142857142857,0.0,0.0
SNA-MFR,14,14,28.785714285714285,-2.5,0.2857142857142857,0.2857142857142857,0.0,0.0
FAI-SLC,14,14,19.142857142857142,-3.0,0.35714285714285715,0.2857142857142857,0.0,0.0
TUL-MCO,14,14,45.142857142857146,-4.0,0.21428571428571427,0.21428571428571427,0.0,0.0
PBI-PIT,14,14,15.142857142857142,-0.5,0.2857142857142857,0.21428571428571427,0.0,0.0
SAN-LIH,14,14,17.714285714285715,-2.5,0.2857142857142857,0.21428571428571427,0.0,0.07142857142857142
CID-LAS,14,14,6.857142857142857,-10.0,0.21428571428571427,0.21428571428571427,0.0,0.0
MIA-GRR,14,14,8.357142857142858,-2.5,0.14285714285714285,0.07142857142857142,0.0,0.07142857142857142
BMI-SFB,14,14,44.357142857142854,14.5,0.5,0.35714285714285715,0.0,0.0
FLL-SAV,14,14,2.0,-4.0,0.21428571428571427,0.0,0.0,0.0
FLL-SAN,14,14,7.571428571428571,-2.0,0.21428571428571427,0.14285714285714285,0.0,0.0
SFB-BLV,14,14,35.42857142857143,8.5,0.5,0.35714285714285715,0.0,0.0
SFB-EVV,14,14,33.714285714285715,-6.5,0.14285714285714285,0.14285714285714285,0.0,0.0
SFB-BNA,14,14,21.642857142857142,7.5,0.35714285714285715,0.35714285714285715,0.0,0.0
ROC-LGA,14,14,12.142857142857142,2.0,0.2857142857142857,0.07142857142857142,0.0,0.0
PGD-MCI,14,14,2.4285714285714284,-8.0,0.14285714285714285,0.14285714285714285,0.0,0.0
PGD-IAD,14,14,-5.142857142857143,-6.0,0.0,0.0,0.0,0.0
EUG-AZA,14,14,10.214285714285714,-1.5,0.21428571428571427,0.14285714285714285,0.0,0.0
PGD-CAK,14,14,17.428571428571427,-3.0,0.35714285714285715,0.2857142857142857,0.0,0.0
PGD-BNA,14,14,21.714285714285715,-1.5,0.21428571428571427,0.07142857142857142,0.0,0.0
FAY-CLT,14,14,9.857142857142858,-3.0,0.14285714285714285,0.14285714285714285,0.0,0.0
EUG-DFW,14,14,57.07142857142857,22.0,0.5,0.5,0.0,0.0
MDW-VPS,14,14,14.428571428571429,-5.0,0.14285714285714285,0.14285714285714285,0.0,0.0
PDX-PHL,14,13,-2.3076923076923075,-5.0,0.07692307692307693,0.0,0.07142857142857142,0.0
PDX-MSY,14,14,-5.357142857142857,-5.0,0.0,0.0,0.0,0.0
MSP-PWM,14,14,25.428571428571427,-6.5,0.07142857142857142,0.07142857142857142,0.0,0.0
SLC-LIT,13,13,5.769230769230769,-5.0,0.23076923076923078,0.23076923076923078,0.0,0.0
ABE-MCO,13,12,0.16666666666666666,-5.0,0.16666666666666666,0.08333333333333333,0.07692307692307693,0.0
ABE-FLL,13,13,33.15384615384615,11.0,0.46153846153846156,0.3076923076923077,0.0,0.0
FLL-MHT,13,12,3.9166666666666665,-7.5,0.25,0.25,0.07692307692307693,0.0
SFB-FSD,13,13,18.153846153846153,-4.0,0.23076923076923078,0.23076923076923078,0.0,0.0
ABE-SRQ,13,13,34.30769230769231,-5.0,0.3076923076923077,0.15384615384615385,0.0,0.0
RIC-MSP,13,13,-4.769230769230769,-5.0,0.0,0.0,0.0,0.0
EWR-HNL,13,13,27.307692307692307,-2.0,0.23076923076923078,0.15384615384615385,0.0,0.0
SFB-MEM,13,13,-0.46153846153846156,-2.0,0.07692307692307693,0.0,0.0,0.0
MRY-LAS,13,13,6.538461538461538,-3.0,0.23076923076923078,0.15384615384615385,0.0,0.0
SLC-ANC,13,13,9.384615384615385,3.0,0.23076923076923078,0.15384615384615385,0.0,0.0
SJC-PSP,13,13,3.0,-5.0,0.15384615384615385,0.15384615384615385,0.0,0.0
RAP-LAS,13,13,14.076923076923077,-10.0,0.38461538461538464,0.23076923076923078,0.0,0.0
BZN-JFK,13,13,13.461538461538462,12.0,0.46153846153846156,0.15384615384615385,0.0,0.0
PWM-DFW,13,12,171.58333333333334,-5.0,0.4166666666666667,0.25,0.07692307692307693,0.0
CAK-PGD,13,13,16.076923076923077,2.0,0.3076923076923077,0.23076923076923078,0.0,0.0
EWR-ANC,13,13,9.076923076923077,0.0,0.15384615384615385,0.15384615384615385,0.07692307692307693,0.0
FAI-MSP,13,13,22.46153846153846,10.0,0.38461538461538464,0.3076923076923077,0.0,0.0
FAI-DEN,13,13,-8.23076923076923,-7.0,0.0,0.0,0.0,0.0
FWA-SRQ,13,13,5.538461538461538,-7.0,0.23076923076923078,0.15384615384615385,0.0,0.0
FNT-BNA,13,13,14.615384615384615,-5.0,0.15384615384615385,0.07692307692307693,0.0,0.0
SFB-GSP,13,13,43.46153846153846,30.0,0.7692307692307693,0.5384615384615384,0.0,0.0
IAH-MKE,13,13,11.615384615384615,-3.0,0.3076923076923077,0.15384615384615385,0.0,0.0
AZA-BLI,13,13,-3.230769230769231,-6.0,0.07692307692307693,0.07692307692307693,0.0,0.0
MYR-ALB,13,12,0.9166666666666666,-7.0,0.16666666666666666,0.16666666666666666,0.07692307692307693,0.0
PDX-LIH,13,12,-2.3333333333333335,-5.0,0.08333333333333333,0.0,0.07692307692307693,0.0
HOU-COS,13,13,3.6153846153846154,-3.0,0.15384615384615385,0.15384615384615385,0.0,0.0
TYS-JAX,13,13,10.923076923076923,0.0,0.23076923076923078,0.15384615384615385,0.0,0.0
AZA-EUG,13,13,-0.7692307692307693,-5.0,0.07692307692307693,0.07692307692307693,0.0,0.0
JAX-FLL,13,12,37.0,-12.0,0.25,0.25,0.07692307692307693,0.0
PIA-LAS,13,13,0.15384615384615385,-9.0,0.15384615384615385,0.15384615384615385,0.0,0.0
SMX-PHX,13,13,16.76923076923077,-5.0,0.15384615384615385,0.15384615384615385,0.0,0.0
DFW-EUG,13,13,16.0,0.0,0.23076923076923078,0.23076923076923078,0.0,0.0
PHX-SCK,13,13,21.846153846153847,-2.0,0.3076923076923077,0.15384615384615385,0.0,0.0
SRQ-CLE,13,13,2.8461538461538463,-5.0,0.15384615384615385,0.07692307692307693,0.0,0.0
PBI-LAX,13,13,14.461538461538462,2.0,0.38461538461538464,0.3076923076923077,0.0,0.0
CLT-JAC,13,13,29.076923076923077,-6.0,0.07692307692307693,0.07692307692307693,0.0,0.0
PIE-FSD,13,13,20.615384615384617,-8.0,0.3076923076923077,0.23076923076923078,0.0,0.0
SFB-RFD,13,13,18.923076923076923,-4.0,0.38461538461538464,0.38461538461538464,0.0,0.0
AVL-SRQ,13,13,36.61538461538461,5.0,0.38461538461538464,0.38461538461538464,0.0,0.0
AVL-PBI,13,13,75.07692307692308,-4.0,0.23076923076923078,0.23076923076923078,0.0,0.07692307692307693
PBG-PIE,13,13,26.153846153846153,6.0,0.3076923076923077,0.23076923076923078,0.0,0.0
HOU-PVU,13,13,3.3846153846153846,0.0,0.3076923076923077,0.0,0.0,0.0
ANC-ADK,13,13,-4.076923076923077,-7.0,0.07692307692307693,0.0,0.0,0.0
MDT-MCO,13,13,31.846153846153847,-2.0,0.3076923076923077,0.3076923076923077,0.0,0.0
STC-AZA,13,13,11.846153846153847,8.0,0.38461538461538464,0.15384615384615385,0.0,0.0
BIL-AZA,13,13,-0.7692307692307693,-9.0,0.15384615384615385,0.07692307692307693,0.0,0.0
SRQ-DTW,13,13,27.076923076923077,1.0,0.3076923076923077,0.3076923076923077,0.0,0.0
BIH-DEN,13,13,21.692307692307693,0.0,0.3076923076923077,0.23076923076923078,0.0,0.0
BIS-LAS,13,13,5.3076923076923075,-8.0,0.23076923076923078,0.23076923076923078,0.0,0.0
DSM-MIA,13,13,67.15384615384616,-1.0,0.23076923076923078,0.23076923076923078,0.0,0.0
MYR-MSP,13,13,-3.230769230769231,-6.0,0.07692307692307693,0.0,0.0,0.0
PHL-ILM,13,11,23.363636363636363,-6.0,0.2727272727272727,0.18181818181818182,0.15384615384615385,0.0
SRQ-TYS,13,13,-8.846153846153847,-12.0,0.07692307692307693,0.0,0.0,0.0
PGD-SPI,13,13,3.230769230769231,-5.0,0.07692307692307693,0.07692307692307693,0.0,0.0
AZA-MSO,13,13,-3.6153846153846154,-7.0,0.07692307692307693,0.0,0.0,0.0
STL-CHS,13,13,4.0,-1.0,0.23076923076923078,0.07692307692307693,0.0,0.0
OAK-BLI,13,13,83.84615384615384,-4.0,0.15384615384615385,0.07692307692307693,0.0,0.0
SNA-TUS,13,13,-8.384615384615385,-9.0,0.0,0.0,0.0,0.0
SCK-PHX,13,13,7.153846153846154,0.0,0.23076923076923078,0.07692307692307693,0.0,0.0
BLV-PIE,13,13,10.923076923076923,-5.0,0.3076923076923077,0.3076923076923077,0.0,0.0
DAL-RNO,13,13,22.615384615384617,6.0,0.3076923076923077,0.23076923076923078,0.0,0.0
HOU-VPS,13,13,11.461538461538462,0.0,0.3076923076923077,0.07692307692307693,0.0,0.0
CVG-CHS,13,13,8.76923076923077,-7.0,0.3076923076923077,0.15384615384615385,0.0,0.0
PIE-PIT,13,13,-2.769230769230769,-5.0,0.07692307692307693,0.0,0.0,0.0
HNL-PAE,13,13,18.46153846153846,-4.0,0.23076923076923078,0.15384615384615385,0.0,0.0
PIE-RIC,13,13,14.923076923076923,0.0,0.15384615384615385,0.15384615384615385,0.0,0.0
HDN-ATL,13,12,19.416666666666668,10.5,0.5,0.3333333333333333,0.07692307692307693,0.0
ORD-MTJ,13,13,25.076923076923077,-3.0,0.15384615384615385,0.15384615384615385,0.0,0.0
PSC-LAS,13,13,3.076923076923077,-4.0,0.23076923076923078,0.15384615384615385,0.0,0.0
LAS-TYS,13,13,14.307692307692308,2.0,0.3076923076923077,0.15384615384615385,0.0,0.0
SFB-OMA,13,13,7.538461538461538,-7.0,0.23076923076923078,0.15384615384615385,0.0,0.0
PSM-SFB,13,13,79.23076923076923,-1.0,0.3076923076923077,0.23076923076923078,0.0,0.0
GRR-SRQ,13,13,-2.6923076923076925,-8.0,0.15384615384615385,0.07692307692307693,0.0,0.0
MCI-VPS,13,13,13.076923076923077,7.0,0.38461538461538464,0.23076923076923078,0.0,0.0
CVG-PBI,13,13,2.5384615384615383,-3.0,0.07692307692307693,0.07692307692307693,0.0,0.0
PSP-IAD,13,13,-4.230769230769231,-7.0,0.0,0.0,0.0,0.0
LBB-IAH,13,13,27.615384615384617,11.0,0.46153846153846156,0.3076923076923077,0.0,0.0
VPS-LCK,13,13,-11.615384615384615,-10.0,0.0,0.0,0.0,0.0
GRR-FLL,13,13,0.07692307692307693,-8.0,0.15384615384615385,0.15384615384615385,0.0,0.0
ATL-OGG,13,13,2.230769230769231,0.0,0.07692307692307693,0.0,0.0,0.0
LIH-PDX,13,12,-5.583333333333333,-8.5,0.0,0.0,0.07692307692307693,0.0
SFB-TUL,13,13,8.76923076923077,-5.0,0.07692307692307693,0.07692307692307693,0.0,0.07692307692307693
PNS-MDW,13,13,13.23076923076923,4.0,0.15384615384615385,0.07692307692307693,0.0,0.0
GSP-SFB,13,13,10.461538461538462,-1.0,0.15384615384615385,0.15384615384615385,0.0,0.0
TVC-DFW,13,12,36.666666666666664,35.5,0.5833333333333334,0.5833333333333334,0.07692307692307693,0.0
PIT-EYW,13,13,0.23076923076923078,-8.0,0.3076923076923077,0.07692307692307693,0.0,0.0
SAT-PHL,13,13,3.6153846153846154,-7.0,0.3076923076923077,0.15384615384615385,0.0,0.0
ANC-IAH,13,13,18.153846153846153,-5.0,0.3076923076923077,0.15384615384615385,0.0,0.0
CLT-BGR,13,13,-2.6153846153846154,-4.0,0.0,0.0,0.0,0.0
CLE-SLC,13,13,16.615384615384617,-1.0,0.23076923076923078,0.07692307692307693,0.0,0.0
CVG-MLB,13,13,14.153846153846153,-4.0,0.23076923076923078,0.15384615384615385,0.0,0.0
DCA-HYA,13,13,-2.230769230769231,-5.0,0.07692307692307693,0.0,0.0,0.0
LCK-VPS,12,12,40.75,-5.5,0.3333333333333333,0.3333333333333333,0.0,0.0
JFK-BZN,12,12,9.25,0.5,0.25,0.08333333333333333,0.0,0.0
PGD-SWF,12,12,-3.5833333333333335,-6.0,0.08333333333333333,0.0,0.0,0.0
COU-DEN,12,12,10.833333333333334,-2.5,0.16666666666666666,0.08333333333333333,0.0,0.0
SBP-LAS,12,12,9.083333333333334,-8.5,0.25,0.08333333333333333,0.0,0.0
JFK-EGE,12,12,23.5,0.0,0.25,0.08333333333333333,0.0,0.0
PHL-ECP,12,10,27.9,-1.0,0.4,0.4,0.16666666666666666,0.0
ALB-SFB,12,12,44.666666666666664,1.0,0.3333333333333333,0.25,0.0,0.0
ROA-PIE,12,12,17.166666666666668,13.0,0.3333333333333333,0.25,0.0,0.0
BWI-PDX,12,12,24.5,9.5,0.3333333333333333,0.08333333333333333,0.0,0.0
MDT-FLL,12,12,93.83333333333333,-8.5,0.3333333333333333,0.25,0.0,0.0
TUS-SNA,12,12,15.916666666666666,-1.5,0.3333333333333333,0.16666666666666666,0.0,0.0
PHL-STT,12,12,6.166666666666667,-5.0,0.16666666666666666,0.16666666666666666,0.0,0.0
ANC-IAD,12,12,6.833333333333333,-2.0,0.25,0.16666666666666666,0.0,0.0
LIT-SLC,12,12,-4.416666666666667,-8.0,0.16666666666666666,0.0,0.0,0.0
SRQ-FWA,12,12,-2.25,-11.0,0.08333333333333333,0.08333333333333333,0.0,0.0
SJC-BWI,12,12,6.583333333333333,1.5,0.16666666666666666,0.08333333333333333,0.0,0.0
BIH-SFO,12,12,43.083333333333336,-4.0,0.3333333333333333,0.25,0.0,0.0
ATL-MTJ,12,12,-4.5,-5.5,0.0,0.0,0.0,0.0
AUS-TYS,12,12,11.666666666666666,5.0,0.3333333333333333,0.3333333333333333,0.0,0.0
OKC-VPS,12,12,39.583333333333336,23.0,0.5,0.5,0.0,0.0
LAS-AVL,12,12,14.166666666666666,-2.5,0.16666666666666666,0.16666666666666666,0.0,0.0
DFW-PWM,12,12,3.8333333333333335,-5.5,0.25,0.16666666666666666,0.0,0.0
JAX-CVG,12,12,25.333333333333332,8.0,0.4166666666666667,0.25,0.0,0.0
AZA-FCA,12,12,-2.0833333333333335,-4.0,0.16666666666666666,0.0,0.0,0.0
LAS-RAP,12,12,-6.5,-7.5,0.0,0.0,0.0,0.08333333333333333
AZA-GRI,12,12,-3.8333333333333335,-9.5,0.08333333333333333,0.08333333333333333,0.0,0.0
TTN-TPA,12,12,-6.583333333333333,-11.0,0.08333333333333333,0.08333333333333333,0.0,0.0
ORD-OGG,12,12,6.916666666666667,-1.0,0.16666666666666666,0.16666666666666666,0.0,0.0
AZA-GTF,12,12,-1.0833333333333333,-9.0,0.08333333333333333,0.08333333333333333,0.0,0.0
ANC-ATL,12,12,26.083333333333332,21.5,0.5833333333333334,0.3333333333333333,0.0,0.0
LAS-FNT,12,12,92.41666666666667,-0.5,0.16666666666666666,0.16666666666666666,0.0,0.0
DFW-GUC,12,12,12.166666666666666,-0.5,0.3333333333333333,0.25,0.0,0.08333333333333333
OMA-AZA,12,12,-1.3333333333333333,-5.5,0.16666666666666666,0.08333333333333333,0.0,0.0
DFW-RDM,12,11,144.0909090909091,11.0,0.45454545454545453,0.2727272727272727,0.08333333333333333,0.0
AZA-MOT,12,12,-2.75,-5.5,0.08333333333333333,0.08333333333333333,0.0,0.0
AVL-EYW,12,12,-8.166666666666666,-10.5,0.08333333333333333,0.0,0.0,0.0
ROC-FLL,12,12,19.166666666666668,-1.0,0.25,0.25,0.0,0.0
SYR-BNA,12,12,11.666666666666666,-8.0,0.25,0.16666666666666666,0.0,0.0
OMA-MIA,12,12,-0.4166666666666667,-4.0,0.08333333333333333,0.08333333333333333,0.0,0.0
MSN-PHL,12,11,-7.454545454545454,-8.0,0.0,0.0,0.08333333333333333,0.0
LAS-BIS,12,12,6.25,-8.0,0.16666666666666666,0.16666666666666666,0.0,0.0
AZA-STC,12,12,0.16666666666666666,-5.0,0.16666666666666666,0.0,0.0,0.0
PGD-MDT,12,12,11.0,-3.0,0.16666666666666666,0.08333333333333333,0.0,0.0
CKB-SFB,12,12,64.0,46.0,0.75,0.5833333333333334,0.0,0.0
SEA-HOU,12,12,19.666666666666668,12.0,0.4166666666666667,0.3333333333333333,0.0,0.0
SFO-MSO,12,12,30.083333333333332,11.0,0.25,0.16666666666666666,0.0,0.0
DVL-JMS,12,12,-5.166666666666667,-5.5,0.0,0.0,0.0,0.08333333333333333
TVC-SFB,12,11,4.454545454545454,-2.0,0.36363636363636365,0.0,0.08333333333333333,0.0
IAD-BUF,12,12,49.25,-4.5,0.16666666666666666,0.16666666666666666,0.0,0.0
MFE-SFB,12,12,29.666666666666668,4.5,0.4166666666666667,0.25,0.0,0.0
RDM-DFW,12,12,4.083333333333333,-1.0,0.16666666666666666,0.08333333333333333,0.0,0.0
SPI-PGD,12,12,39.333333333333336,-2.0,0.3333333333333333,0.25,0.0,0.0
FLL-PBG,12,12,8.166666666666666,-1.0,0.25,0.16666666666666666,0.0,0.0
BLI-LAX,12,12,-6.166666666666667,-9.5,0.08333333333333333,0.0,0.0,0.0
BNA-PIE,12,12,17.833333333333332,-4.0,0.25,0.25,0.0,0.0
MSP-TVC,12,12,21.0,-1.5,0.25,0.08333333333333333,0.0,0.0
SNA-IDA,12,12,197.75,-2.0,0.3333333333333333,0.16666666666666666,0.0,0.0
PPG-HNL,12,12,-1.5,-3.5,0.08333333333333333,0.0,0.0,0.0
MSY-RDU,12,10,32.4,17.0,0.5,0.3,0.16666666666666666,0.0
ADK-ANC,12,10,-20.4,-15.0,0.0,0.0,0.16666666666666666,0.0
BMI-ATL,12,12,8.833333333333334,-5.0,0.16666666666666666,0.08333333333333333,0.0,0.0
MHT-JFK,12,11,-4.636363636363637,-10.0,0.09090909090909091,0.09090909090909091,0.08333333333333333,0.0
PIA-BNA,12,12,32.166666666666664,-5.5,0.4166666666666667,0.3333333333333333,0.0,0.0
TYS-LAS,12,12,1.0,-5.0,0.16666666666666666,0.08333333333333333,0.0,0.0
RDU-BUF,12,12,6.083333333333333,-11.0,0.16666666666666666,0.16666666666666666,0.0,0.0
MTJ-ATL,12,12,3.25,-3.0,0.25,0.08333333333333333,0.0,0.0
PIE-COS,12,12,3.6666666666666665,-5.0,0.16666666666666666,0.16666666666666666,0.0,0.0
FSD-LAS,12,12,4.166666666666667,-3.5,0.25,0.08333333333333333,0.0,0.0
TVC-PHL,12,10,17.0,-4.0,0.1,0.1,0.16666666666666666,0.0
PIE-HGR,12,12,76.75,7.5,0.3333333333333333,0.25,0.0,0.0
GSP-IAH,12,12,-1.5,-2.0,0.0,0.0,0.0,0.0
PVD-IAD,12,11,14.636363636363637,-6.0,0.18181818181818182,0.18181818181818182,0.08333333333333333,0.0
PVU-AUS,12,12,5.083333333333333,3.0,0.16666666666666666,0.08333333333333333,0.0,0.0
FLL-LEX,12,12,7.833333333333333,-1.5,0.25,0.08333333333333333,0.0,0.0
IAD-PGD,12,12,-5.833333333333333,-8.5,0.0,0.0,0.0,0.0
MYR-HGR,12,12,43.083333333333336,19.5,0.5833333333333334,0.3333333333333333,0.0,0.0
VPS-MDW,12,12,6.0,-4.0,0.08333333333333333,0.08333333333333333,0.0,0.0
IAD-SAV,12,12,26.583333333333332,-7.0,0.16666666666666666,0.08333333333333333,0.0,0.0
ECP-MCI,12,12,4.083333333333333,-1.5,0.16666666666666666,0.0,0.0,0.08333333333333333
BOS-BZN,12,11,-0.9090909090909091,-4.0,0.0,0.0,0.08333333333333333,0.0
SFB-CID,12,12,48.25,-2.0,0.16666666666666666,0.16666666666666666,0.0,0.0
CLE-AUS,12,12,45.333333333333336,7.0,0.5,0.4166666666666667,0.0,0.0
CAK-FLL,11,11,-7.818181818181818,-15.0,0.18181818181818182,0.0,0.0,0.0
SFB-PSM,11,11,33.81818181818182,-8.0,0.2727272727272727,0.18181818181818182,0.0,0.0
PIE-MEM,11,11,15.636363636363637,-7.0,0.2727272727272727,0.2727272727272727,0.0,0.0
USA-SFB,11,11,21.636363636363637,19.0,0.5454545454545454,0.45454545454545453,0.0,0.0
GRI-AZA,11,11,2.909090909090909,-2.0,0.2727272727272727,0.18181818181818182,0.0,0.0
JFK-MCI,11,10,-6.7,-7.0,0.0,0.0,0.09090909090909091,0.0
CVG-JAX,11,11,8.454545454545455,0.0,0.36363636363636365,0.09090909090909091,0.0,0.0
PIE-SDF,11,11,18.727272727272727,5.0,0.36363636363636365,0.2727272727272727,0.0,0.0
JFK-SMF,11,11,38.90909090909091,14.0,0.45454545454545453,0.36363636363636365,0.09090909090909091,0.0
OTH-DEN,11,11,2.727272727272727,-5.0,0.09090909090909091,0.09090909090909091,0.0,0.09090909090909091
PIE-RFD,11,11,0.8181818181818182,-8.0,0.09090909090909091,0.09090909090909091,0.0,0.09090909090909091
MKE-MIA,11,11,-2.0,-2.0,0.0,0.0,0.0,0.0
STT-PHL,11,11,-7.0,-12.0,0.09090909090909091,0.09090909090909091,0.0,0.0
MSP-ATY,11,11,15.181818181818182,-4.0,0.2727272727272727,0.2727272727272727,0.0,0.09090909090909091
ORH-RSW,11,11,20.272727272727273,-1.0,0.36363636363636365,0.18181818181818182,0.0,0.0
ANC-LAS,11,11,12.090909090909092,3.0,0.2727272727272727,0.09090909090909091,0.0,0.0
XNA-SFB,11,11,14.818181818181818,-1.0,0.2727272727272727,0.2727272727272727,0.0,0.0
SFB-ALB,11,11,-3.0,-3.0,0.0,0.0,0.0,0.0
TTN-ATL,11,11,11.909090909090908,-10.0,0.18181818181818182,0.18181818181818182,0.0,0.0
LAS-SHV,11,11,-5.0,-4.0,0.0,0.0,0.0,0.0
LAX-BLI,11,11,-4.0,-6.0,0.0,0.0,0.0,0.0
ABQ-MSP,11,11,72.9090909090909,-8.0,0.09090909090909091,0.09090909090909091,0.0,0.0
PIT-SAV,11,11,-9.454545454545455,-9.0,0.0,0.0,0.0,0.0
LAX-BUF,11,11,49.36363636363637,52.0,0.8181818181818182,0.6363636363636364,0.0,0.0
GSO-PIE,11,11,135.27272727272728,12.0,0.45454545454545453,0.2727272727272727,0.0,0.0
CHA-MCO,11,11,-5.909090909090909,-7.0,0.09090909090909091,0.0,0.0,0.0
CHA-LAS,11,11,18.90909090909091,0.0,0.18181818181818182,0.18181818181818182,0.0,0.0
LAS-PSC,11,11,10.818181818181818,9.0,0.2727272727272727,0.18181818181818182,0.0,0.0
FWA-PIE,11,11,26.363636363636363,8.0,0.45454545454545453,0.45454545454545453,0.0,0.0
OMA-PGD,11,11,11.909090909090908,-4.0,0.36363636363636365,0.2727272727272727,0.0,0.0
BOI-AZA,11,11,18.545454545454547,-3.0,0.18181818181818182,0.09090909090909091,0.0,0.0
PSP-IAH,11,11,-5.818181818181818,-6.0,0.0,0.0,0.0,0.0
DEN-FAI,11,11,16.818181818181817,-1.0,0.2727272727272727,0.18181818181818182,0.0,0.0
LAS-GTF,11,11,10.090909090909092,-3.0,0.2727272727272727,0.2727272727272727,0.0,0.0
PWM-MDW,11,11,10.818181818181818,12.0,0.45454545454545453,0.0,0.0,0.0
CAK-SFB,11,11,17.818181818181817,12.0,0.45454545454545453,0.18181818181818182,0.0,0.0
PWM-MSP,11,11,-2.090909090909091,-3.0,0.09090909090909091,0.0,0.0,0.0
PIT-PBI,11,11,1.4545454545454546,-3.0,0.18181818181818182,0.0,0.0,0.0
SAN-COS,11,11,2.909090909090909,-3.0,0.09090909090909091,0.09090909090909091,0.0,0.0
SFB-SYR,11,11,-8.818181818181818,-8.0,0.0,0.0,0.0,0.0
LAS-LEX,11,10,-7.0,-6.0,0.0,0.0,0.09090909090909091,0.0
SFB-SDF,11,10,3.6,-7.0,0.2,0.2,0.09090909090909091,0.0
PBI-IAD,11,11,-5.7272727272727275,-7.0,0.0,0.0,0.0,0.0
MSP-RIC,11,10,-0.9,-1.5,0.0,0.0,0.09090909090909091,0.0
COS-SNA,11,10,17.9,-6.0,0.3,0.2,0.09090909090909091,0.0
PHL-ACK,11,11,8.363636363636363,-4.0,0.18181818181818182,0.18181818181818182,0.0,0.0
DSM-FLL,11,10,44.7,1.0,0.3,0.3,0.09090909090909091,0.0
COS-PIE,11,11,-8.454545454545455,-11.0,0.0,0.0,0.0,0.0
SRQ-SBN,11,11,4.909090909090909,-10.0,0.18181818181818182,0.18181818181818182,0.0,0.0
SRQ-RFD,11,11,6.0,-11.0,0.09090909090909091,0.09090909090909091,0.0,0.0
PHL-HYA,11,11,-6.2727272727272725,-5.0,0.0,0.0,0.0,0.0
SRQ-BLV,11,11,-7.7272727272727275,-14.0,0.09090909090909091,0.09090909090909091,0.0,0.0
IDA-ORD,11,11,-1.8181818181818181,-9.0,0.09090909090909091,0.09090909090909091,0.0,0.09090909090909091
ELM-SFB,11,11,28.90909090909091,7.0,0.36363636363636365,0.2727272727272727,0.0,0.0
ALB-PIE,11,11,22.09090909090909,-5.0,0.36363636363636365,0.2727272727272727,0.0,0.0
FLL-BLV,11,11,-2.090909090909091,-3.0,0.09090909090909091,0.0,0.0,0.0
PHX-IDA,11,11,9.0,-4.0,0.18181818181818182,0.18181818181818182,0.0,0.0
RFD-PIE,11,11,40.81818181818182,22.0,0.5454545454545454,0.45454545454545453,0.0,0.0
ICT-AZA,11,11,-0.9090909090909091,-3.0,0.09090909090909091,0.0,0.0,0.0
PHL-PDX,11,10,46.5,16.5,0.6,0.3,0.18181818181818182,0.0
FLL-CAE,11,11,27.0,7.0,0.18181818181818182,0.18181818181818182,0.0,0.0
PHL-SAT,11,11,13.727272727272727,-6.0,0.18181818181818182,0.18181818181818182,0.0,0.0
IAH-ORF,11,11,13.636363636363637,-1.0,0.36363636363636365,0.2727272727272727,0.0,0.0
PVD-MSP,11,11,-6.090909090909091,-7.0,0.0,0.0,0.0,0.0
IAH-MDW,11,10,100.9,-6.5,0.2,0.2,0.09090909090909091,0.0
RFD-SRQ,11,11,-3.909090909090909,-7.0,0.09090909090909091,0.09090909090909091,0.0,0.0
DSM-SNA,11,11,3.272727272727273,-2.0,0.18181818181818182,0.0,0.0,0.0
MYR-LCK,11,10,2.1,-8.5,0.2,0.1,0.09090909090909091,0.0
RIC-IAD,11,11,-0.09090909090909091,-6.0,0.09090909090909091,0.09090909090909091,0.0,0.0
MSO-SFO,11,11,4.7272727272727275,-1.0,0.18181818181818182,0.09090909090909091,0.0,0.0
IAD-ANC,11,11,33.81818181818182,0.0,0.36363636363636365,0.36363636363636365,0.0,0.0
MSO-LAS,11,11,127.0,-5.0,0.36363636363636365,0.36363636363636365,0.0,0.0
EGE-SFO,11,11,69.45454545454545,14.0,0.45454545454545453,0.36363636363636365,0.0,0.0
SFB-EYW,11,11,-3.8181818181818183,-6.0,0.0,0.0,0.0,0.0
FNT-LAS,11,11,0.18181818181818182,-6.0,0.09090909090909091,0.09090909090909091,0.0,0.0
DAY-SFB,11,11,71.9090909090909,42.0,0.5454545454545454,0.5454545454545454,0.0,0.0
PIE-CAK,11,11,24.90909090909091,0.0,0.45454545454545453,0.36363636363636365,0.0,0.0
FSD-BNA,11,11,-1.8181818181818181,-4.0,0.09090909090909091,0.09090909090909091,0.0,0.0
MVY-PHL,11,11,6.636363636363637,3.0,0.2727272727272727,0.09090909090909091,0.0,0.0
DLG-ANC,11,11,-12.545454545454545,-11.0,0.0,0.0,0.0,0.0
FNT-AZA,11,11,17.545454545454547,-4.0,0.18181818181818182,0.18181818181818182,0.0,0.0
PDX-RDM,11,11,-2.3636363636363638,-6.0,0.09090909090909091,0.0,0.0,0.0
MSO-AZA,11,11,13.181818181818182,-6.0,0.18181818181818182,0.18181818181818182,0.0,0.0
PDX-DAL,11,11,15.181818181818182,14.0,0.45454545454545453,0.18181818181818182,0.0,0.0
MHT-FLL,11,11,0.18181818181818182,0.0,0.18181818181818182,0.0,0.0,0.0
ROC-IAD,11,11,-5.454545454545454,-6.0,0.0,0.0,0.0,0.0
CAE-FLL,11,11,23.363636363636363,-1.0,0.36363636363636365,0.09090909090909091,0.0,0.0
HTS-FLL,11,9,24.88888888888889,-2.0,0.3333333333333333,0.1111111111111111,0.18181818181818182,0.0
SJU-SAT,11,11,5.363636363636363,-2.0,0.18181818181818182,0.18181818181818182,0.0,0.0
BLI-OAK,11,11,-6.818181818181818,-6.0,0.0,0.0,0.0,0.0
FLL-GRR,11,11,15.090909090909092,-2.0,0.36363636363636365,0.36363636363636365,0.0,0.0
SGF-LAS,10,10,3.0,-3.0,0.3,0.2,0.0,0.0
SFB-BMI,10,10,10.8,-5.0,0.3,0.2,0.0,0.0
DAL-SRQ,10,10,12.4,-1.5,0.4,0.3,0.0,0.0
DSM-SRQ,10,10,5.6,-8.0,0.2,0.2,0.0,0.0
SGF-PGD,10,10,47.2,10.5,0.5,0.4,0.0,0.0
CVG-MYR,10,10,0.1,-5.0,0.2,0.1,0.0,0.0
SFB-PIA,10,10,14.6,-8.5,0.1,0.1,0.0,0.0
CLT-RAP,10,10,0.6,-1.0,0.1,0.0,0.0,0.0
CLT-STX,10,10,2.6,2.0,0.1,0.0,0.0,0.0
SAV-PIT,10,10,-1.3,-6.5,0.1,0.1,0.0,0.0
SFB-CKB,10,10,22.1,12.0,0.5,0.3,0.0,0.0
IAD-EYW,10,10,-2.1,-4.5,0.1,0.0,0.0,0.0
LCK-MYR,10,10,8.6,-5.5,0.1,0.1,0.0,0.0
BNA-MDT,10,10,9.8,-2.0,0.3,0.2,0.0,0.0
LAX-DSM,10,10,-1.1,-6.0,0.1,0.1,0.0,0.0
SYR-PGD,10,10,8.5,-2.5,0.3,0.1,0.0,0.0
HDN-DFW,10,10,-2.5,-8.0,0.1,0.0,0.0,0.0
HDN-DAL,10,10,1.6,-2.5,0.1,0.1,0.0,0.0
PIT-VPS,10,10,-4.6,-8.5,0.1,0.1,0.0,0.0
BNA-SDF,10,10,8.7,2.0,0.1,0.1,0.0,0.0
TOL-SFB,10,10,38.1,15.0,0.5,0.4,0.0,0.1
AUS-GRR,10,10,15.7,10.5,0.3,0.2,0.0,0.0
LBB-HOU,10,10,0.8,-1.5,0.1,0.0,0.0,0.0
AUS-DSM,10,10,112.1,-1.0,0.3,0.2,0.0,0.0
AUS-CLE,10,10,20.9,3.0,0.4,0.2,0.0,0.0
AUS-CHS,10,10,6.0,5.0,0.2,0.0,0.0,0.0
ATW-BNA,10,10,5.0,-5.0,0.1,0.1,0.0,0.0
ATL-STX,10,10,0.5,-2.0,0.0,0.0,0.0,0.0
BOI-MDW,10,10,3.2,1.5,0.1,0.0,0.0,0.0
GRR-JAX,10,10,-7.2,-9.5,0.0,0.0,0.0,0.0
LRD-LAS,10,10,22.8,-5.0,0.1,0.1,0.0,0.0
ATL-BMI,10,10,113.2,-5.5,0.3,0.3,0.0,0.0
OMA-PIE,10,10,0.1,-3.0,0.1,0.1,0.0,0.0
TTN-RSW,10,10,-10.3,-10.0,0.0,0.0,0.0,0.1
MCO-TUL,10,10,12.7,0.5,0.2,0.2,0.0,0.0
LAS-MSO,10,10,25.0,-3.5,0.4,0.3,0.0,0.0
LAS-IDA,10,10,4.8,-6.0,0.2,0.1,0.0,0.0
GEG-AZA,10,10,6.3,-5.5,0.3,0.2,0.0,0.0
SWF-PGD,10,10,8.4,2.5,0.3,0.1,0.0,0.0
SRQ-GSP,10,10,21.2,11.0,0.5,0.3,0.0,0.0
IAH-JAC,10,10,15.5,-2.5,0.2,0.1,0.0,0.1
PHX-AVL,10,9,-12.555555555555555,-14.0,0.0,0.0,0.1,0.0
SRQ-DSM,10,10,35.2,5.0,0.4,0.2,0.0,0.0
SRQ-OMA,10,10,8.6,-10.0,0.2,0.2,0.0,0.0
IAD-RIC,10,10,4.4,-4.0,0.2,0.1,0.0,0.0
PHL-IAD,10,8,-1.75,-4.0,0.125,0.0,0.2,0.0
IND-EYW,10,9,13.666666666666666,-2.0,0.3333333333333333,0.3333333333333333,0.1,0.0
SRQ-ABE,10,10,-0.6,-11.5,0.2,0.2,0.0,0.0
IND-JAX,10,10,13.7,0.0,0.4,0.4,0.0,0.0
HPN-MIA,10,10,-4.3,-4.5,0.0,0.0,0.0,0.0
HOU-SRQ,10,10,20.8,4.0,0.2,0.1,0.0,0.0
PGD-SGF,10,10,-4.4,-5.5,0.0,0.0,0.0,0.0
PIE-BMI,10,10,1.6,-5.0,0.1,0.1,0.0,0.0
PDX-PVU,10,10,-4.8,-7.5,0.1,0.1,0.0,0.0
JAC-SEA,10,10,2.4,-1.0,0.2,0.1,0.0,0.0
PIE-ELM,10,10,-10.3,-10.0,0.0,0.0,0.0,0.0
PIE-EVV,10,9,7.888888888888889,-6.0,0.3333333333333333,0.1111111111111111,0.1,0.0
HNL-IAD,10,10,2.3,-1.5,0.1,0.1,0.0,0.0
STT-IAH,10,10,-7.2,-10.0,0.1,0.0,0.0,0.0
PIE-TVC,10,10,-4.2,-7.5,0.0,0.0,0.0,0.0
MDT-SRQ,10,10,21.6,-11.5,0.1,0.1,0.0,0.0
IAH-LCH,10,10,11.5,-2.5,0.2,0.1,0.0,0.0
FWA-AZA,10,10,3.0,0.5,0.2,0.1,0.0,0.0
XNA-FLL,10,10,13.4,8.0,0.5,0.2,0.0,0.0
XNA-PIE,10,10,14.5,11.5,0.4,0.3,0.0,0.0
TVC-MSP,10,10,50.7,-5.0,0.3,0.2,0.0,0.0
MYR-DEN,10,10,32.7,-0.5,0.2,0.2,0.0,0.0
MKE-JFK,10,10,6.3,-3.0,0.3,0.2,0.0,0.0
BZN-CLT,10,10,19.0,8.5,0.4,0.3,0.0,0.0
ROA-SRQ,10,10,6.9,6.0,0.3,0.2,0.0,0.0
TYS-AUS,10,10,4.2,-7.0,0.2,0.1,0.0,0.0
MSO-LAX,10,10,-1.1,-5.0,0.1,0.0,0.0,0.0
MTJ-ORD,10,10,-2.2,-6.0,0.1,0.1,0.0,0.1
MSP-BUF,10,10,6.1,0.5,0.2,0.1,0.0,0.0
MTJ-EWR,10,10,20.4,2.5,0.2,0.2,0.0,0.0
MHT-TPA,10,10,58.2,4.5,0.3,0.2,0.0,0.0
TYS-VPS,10,10,19.7,-9.0,0.3,0.3,0.0,0.0
MIA-EGE,10,10,48.6,-1.0,0.1,0.1,0.0,0.0
FSD-SFB,10,10,24.9,-2.5,0.2,0.1,0.0,0.0
SJU-HOU,10,10,17.0,5.5,0.3,0.2,0.0,0.0
MSP-RNO,10,10,9.2,0.5,0.2,0.1,0.0,0.0
VPS-TYS,10,10,1.7,-5.5,0.1,0.1,0.0,0.0
FLL-DSM,10,10,-4.5,-8.0,0.0,0.0,0.0,0.0
MKE-FLL,10,10,-0.3,-4.5,0.1,0.0,0.0,0.0
BUF-IAD,10,10,-2.8,-7.0,0.1,0.1,0.0,0.0
EWR-HDN,10,10,-2.1,-2.5,0.1,0.0,0.0,0.1
MDW-PNS,10,10,11.3,8.5,0.2,0.1,0.0,0.0
RDU-CVG,10,10,-8.2,-9.0,0.0,0.0,0.0,0.0
ABE-MLB,10,10,-4.8,-8.0,0.1,0.0,0.0,0.0
SAF-LAX,10,10,34.9,19.0,0.6,0.2,0.0,0.0
ANC-DTW,10,10,29.4,19.0,0.7,0.3,0.0,0.0
EWR-VPS,10,10,0.3,-3.0,0.1,0.0,0.0,0.0
RDU-MSY,10,10,7.6,3.0,0.4,0.0,0.0,0.0
RFD-LAS,10,10,11.5,-4.5,0.2,0.2,0.0,0.0
MDW-SJU,10,10,17.3,17.5,0.5,0.3,0.0,0.0
EYW-AVL,10,10,-11.8,-11.5,0.0,0.0,0.0,0.0
AZA-OMA,9,9,8.333333333333334,-2.0,0.3333333333333333,0.1111111111111111,0.0,0.0
PGD-LEX,9,9,9.666666666666666,-1.0,0.3333333333333333,0.2222222222222222,0.0,0.0
CHS-AUS,9,9,14.88888888888889,9.0,0.3333333333333333,0.2222222222222222,0.0,0.0
ISP-MYR,9,9,-6.333333333333333,-10.0,0.1111111111111111,0.0,0.0,0.0
MLI-PIE,9,9,6.0,0.0,0.2222222222222222,0.2222222222222222,0.0,0.0
IAH-STT,9,8,1.5,-2.5,0.125,0.125,0.1111111111111111,0.0
SDF-BNA,9,9,-1.3333333333333333,-2.0,0.0,0.0,0.0,0.0
IDA-SEA,9,9,-2.111111111111111,-3.0,0.1111111111111111,0.0,0.0,0.0
XNA-BNA,9,9,-3.0,-10.0,0.2222222222222222,0.0,0.0,0.0
IDA-PDX,9,9,-9.444444444444445,-17.0,0.2222222222222222,0.1111111111111111,0.0,0.0
MSP-PVD,9,9,31.88888888888889,26.0,0.6666666666666666,0.4444444444444444,0.0,0.0
PGD-SYR,9,9,-0.3333333333333333,-1.0,0.1111111111111111,0.0,0.0,0.0
PGD-TVC,9,9,-2.4444444444444446,-6.0,0.2222222222222222,0.0,0.0,0.0
SFO-EGE,9,9,1.0,0.0,0.1111111111111111,0.0,0.0,0.0
SRQ-LEX,9,9,-1.0,-9.0,0.2222222222222222,0.1111111111111111,0.0,0.0
COS-HOU,9,9,9.555555555555555,-3.0,0.1111111111111111,0.1111111111111111,0.0,0.0
BHM-EWR,9,9,12.333333333333334,0.0,0.4444444444444444,0.2222222222222222,0.0,0.0
ICT-VPS,9,9,24.0,-7.0,0.2222222222222222,0.2222222222222222,0.0,0.0
XNA-MSP,9,9,6.222222222222222,-8.0,0.3333333333333333,0.2222222222222222,0.0,0.0
JNU-GST,9,9,-5.111111111111111,-11.0,0.1111111111111111,0.1111111111111111,0.0,0.0
SFB-LIT,9,9,5.0,-5.0,0.3333333333333333,0.1111111111111111,0.0,0.0
TVC-FLL,9,9,16.666666666666668,1.0,0.4444444444444444,0.2222222222222222,0.0,0.0
MDT-MYR,9,7,10.428571428571429,7.0,0.2857142857142857,0.14285714285714285,0.2222222222222222,0.0
MDW-ECP,9,9,20.555555555555557,2.0,0.3333333333333333,0.3333333333333333,0.0,0.0
MCO-MDT,9,9,0.0,-8.0,0.1111111111111111,0.1111111111111111,0.0,0.0
MCI-RDU,9,9,2.5555555555555554,0.0,0.1111111111111111,0.0,0.0,0.0
ORD-ABE,9,9,20.333333333333332,0.0,0.2222222222222222,0.2222222222222222,0.0,0.0
DAY-PIE,9,9,39.77777777777778,5.0,0.2222222222222222,0.2222222222222222,0.0,0.0
TPA-MHT,9,9,3.0,-1.0,0.1111111111111111,0.1111111111111111,0.0,0.0
CVG-PDX,9,9,-4.444444444444445,-4.0,0.0,0.0,0.0,0.0
DSM-LAX,9,9,8.88888888888889,-7.0,0.3333333333333333,0.1111111111111111,0.0,0.0
LCH-IAH,9,9,2.2222222222222223,-10.0,0.1111111111111111,0.1111111111111111,0.0,0.0
MYR-SYR,9,9,4.555555555555555,-1.0,0.3333333333333333,0.0,0.0,0.0
MEM-PIE,9,9,36.888888888888886,23.0,0.5555555555555556,0.4444444444444444,0.0,0.0
MYR-ISP,9,9,-5.555555555555555,-10.0,0.1111111111111111,0.0,0.0,0.0
DEN-PAE,9,9,7.777777777777778,-4.0,0.2222222222222222,0.1111111111111111,0.0,0.0
VPS-SDF,9,9,-0.7777777777777778,-7.0,0.1111111111111111,0.0,0.0,0.0
SYR-SFB,9,9,15.333333333333334,5.0,0.1111111111111111,0.1111111111111111,0.0,0.0
LAX-HDN,9,9,1.6666666666666667,-2.0,0.1111111111111111,0.1111111111111111,0.0,0.0
SYR-PHL,9,8,-1.375,-2.5,0.0,0.0,0.1111111111111111,0.0
MFR-SNA,9,9,0.7777777777777778,-7.0,0.1111111111111111,0.1111111111111111,0.0,0.0
SEA-RSW,9,9,7.222222222222222,-7.0,0.3333333333333333,0.2222222222222222,0.0,0.0
SYR-MYR,9,9,9.333333333333334,-1.0,0.2222222222222222,0.2222222222222222,0.0,0.0
AUS-PVU,9,9,6.111111111111111,-2.0,0.2222222222222222,0.1111111111111111,0.0,0.0
ORF-IAH,9,9,-4.444444444444445,-3.0,0.0,0.0,0.0,0.0
JAX-TYS,9,9,15.11111111111111,-7.0,0.3333333333333333,0.2222222222222222,0.0,0.0
JAX-MDT,9,9,19.333333333333332,-7.0,0.2222222222222222,0.1111111111111111,0.0,0.0
AZA-BOI,9,9,20.0,2.0,0.2222222222222222,0.1111111111111111,0.0,0.0
STL-SAV,9,9,0.0,-3.0,0.1111111111111111,0.1111111111111111,0.0,0.0
PDX-BZN,9,9,1.8888888888888888,-3.0,0.1111111111111111,0.1111111111111111,0.0,0.0
EWR-EGE,9,9,17.333333333333332,-4.0,0.2222222222222222,0.1111111111111111,0.0,0.0
MSP-FAI,9,9,4.333333333333333,5.0,0.2222222222222222,0.0,0.0,0.0
PIE-MCI,9,9,12.0,-9.0,0.2222222222222222,0.2222222222222222,0.0,0.0
FLL-XNA,9,9,20.11111111111111,0.0,0.2222222222222222,0.2222222222222222,0.0,0.0
GRR-VPS,9,9,-0.2222222222222222,-1.0,0.1111111111111111,0.0,0.0,0.1111111111111111
EUG-SNA,9,9,13.777777777777779,2.0,0.4444444444444444,0.2222222222222222,0.0,0.0
PIA-SRQ,9,9,122.22222222222223,-14.0,0.2222222222222222,0.2222222222222222,0.0,0.0
GSP-SRQ,9,9,-2.7777777777777777,-11.0,0.1111111111111111,0.1111111111111111,0.0,0.0
GUF-BLV,9,9,3.6666666666666665,-6.0,0.1111111111111111,0.1111111111111111,0.0,0.0
HDN-EWR,9,9,16.0,-8.0,0.3333333333333333,0.2222222222222222,0.0,0.0
DTW-PNS,9,9,0.4444444444444444,-5.0,0.1111111111111111,0.1111111111111111,0.0,0.0
BNA-PGD,9,9,1.1111111111111112,-6.0,0.1111111111111111,0.1111111111111111,0.0,0.0
BNA-ATW,9,9,-7.444444444444445,-8.0,0.0,0.0,0.0,0.0
SMF-JFK,9,9,8.222222222222221,1.0,0.3333333333333333,0.2222222222222222,0.0,0.0
PSP-BLI,9,9,20.88888888888889,18.0,0.5555555555555556,0.4444444444444444,0.0,0.0
BNA-BZN,9,9,-5.777777777777778,-7.0,0.0,0.0,0.0,0.0
EUG-BUR,9,9,5.555555555555555,-1.0,0.1111111111111111,0.1111111111111111,0.0,0.0
FLL-LCK,9,9,17.555555555555557,-4.0,0.1111111111111111,0.1111111111111111,0.0,0.0
PIE-PBG,9,9,7.0,-11.0,0.2222222222222222,0.2222222222222222,0.0,0.0
RIC-PIE,9,9,14.333333333333334,11.0,0.4444444444444444,0.2222222222222222,0.0,0.0
BNA-FAR,9,9,32.888888888888886,-6.0,0.2222222222222222,0.2222222222222222,0.0,0.0
BNA-FSD,9,9,22.333333333333332,0.0,0.2222222222222222,0.2222222222222222,0.0,0.0
FLL-JAX,9,9,46.666666666666664,0.0,0.2222222222222222,0.2222222222222222,0.0,0.0
FLL-CID,9,9,-1.6666666666666667,-6.0,0.0,0.0,0.0,0.0
EVV-PIE,9,9,8.777777777777779,10.0,0.3333333333333333,0.2222222222222222,0.0,0.0
PVU-HOU,9,9,18.88888888888889,-7.0,0.1111111111111111,0.1111111111111111,0.0,0.0
HHH-PHL,9,9,21.11111111111111,-3.0,0.4444444444444444,0.3333333333333333,0.0,0.0
SRQ-ATW,9,9,-15.11111111111111,-15.0,0.0,0.0,0.0,0.0
IAD-ROC,9,9,4.222222222222222,-4.0,0.2222222222222222,0.1111111111111111,0.0,0.0
BNA-SYR,9,9,7.111111111111111,-5.0,0.2222222222222222,0.2222222222222222,0.0,0.0
IAD-SRQ,9,9,1.8888888888888888,-3.0,0.1111111111111111,0.0,0.0,0.0
BOS-MVY,9,9,-6.0,-8.0,0.0,0.0,0.0,0.0
ECP-PHL,9,9,35.0,9.0,0.4444444444444444,0.3333333333333333,0.0,0.0
PHX-EGE,9,9,0.4444444444444444,-7.0,0.2222222222222222,0.1111111111111111,0.0,0.0
HYA-DCA,9,9,10.777777777777779,-2.0,0.2222222222222222,0.2222222222222222,0.0,0.1111111111111111
IAD-SYR,9,9,15.666666666666666,2.0,0.3333333333333333,0.2222222222222222,0.0,0.0
EYW-PIT,9,9,-1.2222222222222223,-6.0,0.2222222222222222,0.1111111111111111,0.0,0.0
RSW-ISP,9,9,22.0,1.0,0.3333333333333333,0.2222222222222222,0.0,0.0
CAK-PIE,9,9,29.333333333333332,-2.0,0.3333333333333333,0.3333333333333333,0.0,0.0
BLV-SRQ,9,9,1.3333333333333333,-11.0,0.2222222222222222,0.2222222222222222,0.0,0.0
HOU-SEA,9,9,38.111111111111114,28.0,0.5555555555555556,0.4444444444444444,0.0,0.0
BNA-XNA,9,9,-3.3333333333333335,-6.0,0.1111111111111111,0.0,0.0,0.0
GFK-LAS,9,9,-6.111111111111111,-14.0,0.2222222222222222,0.0,0.0,0.0
ASE-PHX,8,8,34.625,15.5,0.5,0.5,0.0,0.0
GFK-SFB,8,8,18.125,22.0,0.625,0.25,0.0,0.0
RFD-SFB,8,8,12.375,0.5,0.375,0.125,0.0,0.0
RDU-MCI,8,8,1.5,-1.5,0.0,0.0,0.0,0.0
EGE-JFK,8,8,1.0,-7.5,0.25,0.0,0.0,0.0
OMA-SFB,8,8,16.875,-1.5,0.25,0.125,0.0,0.0
ANC-DLG,8,8,13.125,1.5,0.375,0.25,0.0,0.0
MCO-BTV,8,8,-0.125,-9.0,0.125,0.125,0.0,0.0
TUL-MIA,8,8,-4.0,-2.5,0.0,0.0,0.0,0.0
MCO-CHA,8,8,13.25,-8.0,0.25,0.25,0.0,0.0
FNT-VPS,8,8,-4.375,-10.5,0.125,0.125,0.0,0.0
MDW-BOI,8,8,17.25,11.0,0.375,0.375,0.0,0.0
GEG-MDW,8,8,1.125,-1.0,0.0,0.0,0.0,0.0
ANC-JFK,8,8,10.25,7.0,0.375,0.25,0.0,0.0
MDT-BNA,8,8,162.25,23.0,0.625,0.5,0.0,0.0
MCO-ELP,8,8,4.125,0.5,0.125,0.125,0.0,0.0
BUR-RDM,8,8,21.625,-0.5,0.375,0.25,0.0,0.0
BTV-LGA,8,8,-1.875,-4.0,0.0,0.0,0.0,0.0
IAH-LBB,8,8,24.375,10.5,0.5,0.25,0.0,0.0
SAN-PVU,8,8,9.375,-4.5,0.125,0.125,0.0,0.0
TVC-PGD,8,8,-2.125,-2.0,0.125,0.0,0.0,0.125
CID-FLL,8,8,33.875,22.5,0.5,0.5,0.0,0.0
CAE-EWR,8,6,27.666666666666668,-7.0,0.16666666666666666,0.16666666666666666,0.25,0.0
FAR-BNA,8,8,32.25,-12.5,0.25,0.25,0.0,0.0
MKE-SAN,8,8,1.25,0.5,0.125,0.0,0.0,0.0
MLI-AZA,8,8,-1.25,-13.0,0.125,0.125,0.0,0.0
EVV-SFB,8,8,70.875,12.0,0.5,0.25,0.0,0.0
FAI-ORD,8,8,6.75,0.5,0.25,0.125,0.0,0.0
MLI-SRQ,8,8,21.75,-2.5,0.25,0.25,0.0,0.0
SAN-JAC,8,8,6.25,0.0,0.25,0.125,0.0,0.125
XNA-GUF,8,8,1.5,-6.0,0.125,0.125,0.0,0.0
MSP-MYR,8,8,-3.625,-6.5,0.125,0.0,0.0,0.0
EYW-IND,8,8,3.375,-12.0,0.125,0.125,0.0,0.0
SFB-FAR,8,8,11.25,0.5,0.375,0.25,0.0,0.0
MSP-JAC,8,8,-0.875,-9.0,0.125,0.125,0.0,0.0
RSW-GRR,8,8,7.25,-8.5,0.125,0.125,0.0,0.0
VPS-PIT,8,8,4.375,-10.0,0.125,0.125,0.0,0.0
MIA-TUL,8,8,14.375,0.0,0.25,0.25,0.0,0.0
MIA-SRQ,8,8,1.5,-1.0,0.125,0.0,0.0,0.0
FAR-PIE,8,8,-8.5,-7.5,0.0,0.0,0.0,0.0
FCA-LAS,8,8,10.375,-4.0,0.25,0.125,0.0,0.0
MYR-CAK,8,8,24.625,-6.5,0.375,0.25,0.0,0.0
TPA-ROC,8,8,-3.875,-6.0,0.0,0.0,0.0,0.0
SFB-ROA,8,8,41.625,39.5,0.625,0.625,0.0,0.0
TYS-MCO,8,8,11.5,-2.0,0.25,0.125,0.0,0.0
ROC-PGD,8,8,51.0,-1.0,0.375,0.375,0.0,0.0
BZN-PDX,8,8,28.5,-7.0,0.25,0.25,0.0,0.0
SFB-MFE,8,8,43.5,0.5,0.25,0.125,0.0,0.0
ACK-PHL,8,6,-1.3333333333333333,-3.0,0.16666666666666666,0.0,0.25,0.0
BZN-SAN,8,8,2.625,-2.5,0.25,0.0,0.0,0.0
MSY-PDX,8,8,5.625,-10.0,0.125,0.125,0.0,0.0
SAN-MKE,8,8,15.5,14.0,0.375,0.25,0.0,0.0
DAL-HDN,8,8,7.75,5.0,0.375,0.0,0.0,0.0
VPS-IND,8,8,-5.875,-6.5,0.25,0.0,0.0,0.0
MCI-JFK,8,8,13.0,-4.0,0.25,0.125,0.0,0.0
PSP-MDW,8,8,6.25,9.0,0.125,0.0,0.0,0.125
GRI-LAS,8,8,2.25,-4.0,0.25,0.125,0.0,0.0
LAS-ANC,8,8,41.875,29.5,0.75,0.5,0.0,0.0
PAE-HNL,8,8,1.75,0.5,0.125,0.0,0.0,0.0
SDF-MYR,8,8,12.5,2.0,0.375,0.25,0.0,0.0
PBI-CVG,8,7,39.57142857142857,18.0,0.5714285714285714,0.2857142857142857,0.125,0.0
BNA-CAK,8,8,7.125,0.0,0.25,0.125,0.0,0.0
PIE-GSP,8,8,45.875,-5.5,0.25,0.25,0.0,0.0
SDF-LAX,8,7,2.142857142857143,-2.0,0.14285714285714285,0.0,0.125,0.0
AZA-FNT,8,8,2.625,-6.0,0.125,0.125,0.0,0.0
STL-MYR,8,8,2.375,-1.0,0.125,0.0,0.0,0.0
PDX-IDA,8,8,-8.375,-12.0,0.125,0.0,0.0,0.0
SAV-FLL,8,8,-6.0,-5.0,0.0,0.0,0.0,0.0
PIE-DAY,8,8,-3.125,-7.0,0.125,0.0,0.0,0.0
PDX-SBA,8,7,31.571428571428573,30.0,0.8571428571428571,0.5714285714285714,0.125,0.0
AZA-MLI,8,8,-6.125,-8.0,0.0,0.0,0.0,0.0
DFW-STT,8,8,-0.5,-5.5,0.125,0.125,0.0,0.0
DFW-TVC,8,8,5.625,-0.5,0.25,0.125,0.0,0.0
AZA-MSP,8,8,7.75,-3.0,0.375,0.125,0.0,0.0
BMI-PIE,8,8,38.75,-2.0,0.125,0.125,0.0,0.0
PGD-ELM,8,8,-6.875,-7.0,0.0,0.0,0.0,0.0
SAV-LCK,8,8,-2.375,-8.5,0.25,0.0,0.0,0.0
PGD-MLI,8,8,6.875,-10.5,0.125,0.125,0.0,0.0
DSM-AUS,8,8,31.25,21.0,0.5,0.375,0.0,0.0
PGD-OMA,8,8,20.875,-0.5,0.25,0.25,0.0,0.0
PGD-ROC,8,8,16.375,18.5,0.5,0.375,0.0,0.0
HTS-MYR,8,8,-0.375,-4.0,0.125,0.0,0.0,0.0
HYA-JFK,8,8,147.625,-7.5,0.375,0.25,0.0,0.0
IDA-LAS,8,8,107.0,0.0,0.25,0.125,0.0,0.0
CMH-SAN,8,8,5.875,3.0,0.125,0.0,0.0,0.0
KOA-OAK,8,8,1.25,-4.0,0.125,0.125,0.0,0.0
PGD-SDF,8,8,-7.875,-9.5,0.0,0.0,0.0,0.0
GST-JNU,8,8,-13.75,-12.5,0.0,0.0,0.0,0.0
BNA-PIA,8,8,2.625,2.5,0.25,0.0,0.0,0.0
BIL-PHX,8,8,-7.75,-8.0,0.0,0.0,0.0,0.0
SFB-TVC,8,8,2.5,-3.0,0.125,0.125,0.125,0.0
GRR-PHX,8,8,12.875,1.5,0.375,0.125,0.0,0.0
DEN-COU,8,8,3.875,-4.5,0.125,0.125,0.0,0.0
LCK-FLL,8,8,-5.25,-6.0,0.0,0.0,0.0,0.0
PSC-BUR,8,7,-4.857142857142857,-6.0,0.0,0.0,0.125,0.0
LAS-FWA,8,8,3.25,-3.5,0.125,0.125,0.0,0.0
PNS-DTW,8,8,3.875,-4.5,0.25,0.125,0.0,0.0
SFB-TRI,8,8,24.75,8.5,0.25,0.25,0.0,0.0
DEN-MYR,8,8,45.875,26.0,0.625,0.5,0.0,0.0
BNA-PWM,8,8,19.5,1.0,0.25,0.125,0.0,0.0
TOL-PGD,8,8,-5.75,-7.5,0.0,0.0,0.0,0.0
LIT-MIA,8,8,26.0,-1.5,0.375,0.375,0.0,0.0
LAS-SBN,8,8,18.125,-2.0,0.375,0.25,0.0,0.0
LAS-GFK,8,8,-3.0,-6.5,0.0,0.0,0.0,0.0
HGR-PIE,8,8,21.875,4.0,0.375,0.25,0.0,0.0
CLT-BZN,8,8,37.375,18.0,0.5,0.375,0.0,0.0
GRR-BOS,8,8,-9.25,-11.0,0.0,0.0,0.0,0.0
ATL-TTN,8,8,7.25,-1.5,0.375,0.125,0.0,0.0
HDN-IAH,8,8,63.25,-5.0,0.375,0.125,0.0,0.0
SFB-IAG,7,7,16.857142857142858,6.0,0.2857142857142857,0.2857142857142857,0.0,0.0
ABE-ORD,7,7,0.0,-5.0,0.14285714285714285,0.0,0.0,0.0
BGR-PGD,7,7,-5.142857142857143,-5.0,0.14285714285714285,0.0,0.0,0.0
SRQ-SDF,7,7,35.142857142857146,8.0,0.42857142857142855,0.2857142857142857,0.0,0.0
SRQ-MIA,7,7,0.7142857142857143,-2.0,0.14285714285714285,0.14285714285714285,0.0,0.0
SRQ-MDT,7,7,-10.0,-10.0,0.0,0.0,0.0,0.0
COS-SAN,7,7,33.142857142857146,7.0,0.42857142857142855,0.2857142857142857,0.0,0.0
SRQ-ALB,7,7,-4.571428571428571,-10.0,0.14285714285714285,0.14285714285714285,0.0,0.0
BLV-FLL,7,7,4.857142857142857,-3.0,0.2857142857142857,0.2857142857142857,0.0,0.0
CAE-SFB,7,7,0.42857142857142855,-10.0,0.14285714285714285,0.14285714285714285,0.0,0.0
CAK-BNA,7,7,15.285714285714286,-2.0,0.2857142857142857,0.2857142857142857,0.0,0.0
CMH-MSY,7,7,9.714285714285714,-9.0,0.2857142857142857,0.14285714285714285,0.0,0.0
SWF-SFB,7,7,37.57142857142857,9.0,0.42857142857142855,0.42857142857142855,0.0,0.0
TTN-PBI,7,7,6.571428571428571,-12.0,0.2857142857142857,0.2857142857142857,0.0,0.0
ATW-FLL,7,7,0.7142857142857143,-5.0,0.2857142857142857,0.0,0.0,0.0
SMX-LAS,7,7,16.0,7.0,0.42857142857142855,0.2857142857142857,0.0,0.0
CIU-ORD,7,7,4.285714285714286,5.0,0.2857142857142857,0.14285714285714285,0.0,0.0
SFB-MLI,7,7,37.285714285714285,-2.0,0.2857142857142857,0.2857142857142857,0.0,0.0
VPS-ICT,7,7,-2.857142857142857,-3.0,0.0,0.0,0.0,0.0
VPS-GRR,7,7,-1.5714285714285714,-10.0,0.14285714285714285,0.14285714285714285,0.0,0.0
ABQ-MCO,7,7,-2.0,-3.0,0.0,0.0,0.0,0.0
AZA-LAS,7,6,-0.6666666666666666,-3.5,0.0,0.0,0.14285714285714285,0.0
CLE-SRQ,7,7,14.428571428571429,-4.0,0.2857142857142857,0.14285714285714285,0.0,0.0
BOS-DSM,7,7,32.0,-6.0,0.2857142857142857,0.2857142857142857,0.0,0.0
CVG-GUF,7,7,1.4285714285714286,-6.0,0.2857142857142857,0.14285714285714285,0.0,0.0
BZN-IAH,7,7,59.714285714285715,5.0,0.42857142857142855,0.2857142857142857,0.0,0.0
TUL-SFB,7,7,13.571428571428571,12.0,0.42857142857142855,0.14285714285714285,0.0,0.0
SYR-IAD,7,7,1.2857142857142858,-8.0,0.14285714285714285,0.14285714285714285,0.0,0.0
AZA-COS,7,7,36.42857142857143,23.0,0.5714285714285714,0.42857142857142855,0.0,0.0
FCA-PDX,7,7,-6.142857142857143,-6.0,0.0,0.0,0.0,0.0
ABE-BNA,7,7,-14.0,-12.0,0.0,0.0,0.0,0.0
MDW-BZN,7,7,0.5714285714285714,0.0,0.0,0.0,0.0,0.0
SFB-DAY,7,7,24.428571428571427,19.0,0.5714285714285714,0.2857142857142857,0.0,0.0
ICT-SFB,7,7,47.857142857142854,11.0,0.42857142857142855,0.42857142857142855,0.0,0.0
ELM-PGD,7,7,14.0,-9.0,0.2857142857142857,0.2857142857142857,0.0,0.0
IND-VPS,7,7,-4.857142857142857,-4.0,0.0,0.0,0.0,0.0
ISP-RSW,7,7,9.571428571428571,-7.0,0.14285714285714285,0.14285714285714285,0.0,0.0
JAN-IAH,7,7,-2.5714285714285716,-5.0,0.14285714285714285,0.0,0.0,0.0
JAX-GRR,7,7,35.142857142857146,29.0,0.5714285714285714,0.2857142857142857,0.0,0.0
PBI-TTN,7,7,45.857142857142854,43.0,0.8571428571428571,0.5714285714285714,0.0,0.0
JFK-ANC,7,7,40.714285714285715,4.0,0.42857142857142855,0.42857142857142855,0.0,0.0
PBG-MYR,7,7,-6.857142857142857,-7.0,0.0,0.0,0.0,0.0
PAE-DEN,7,7,-0.8571428571428571,0.0,0.0,0.0,0.0,0.0
ORF-MSP,7,7,6.428571428571429,7.0,0.14285714285714285,0.0,0.0,0.0
KOA-ANC,7,6,-1.3333333333333333,-2.5,0.0,0.0,0.14285714285714285,0.0
ORF-DAL,7,7,10.714285714285714,5.0,0.14285714285714285,0.14285714285714285,0.0,0.0
LAS-AZA,7,6,23.166666666666668,-7.0,0.16666666666666666,0.16666666666666666,0.14285714285714285,0.0
LAS-CHA,7,7,-4.0,-4.0,0.0,0.0,0.0,0.0
LAS-MFR,7,7,5.857142857142857,-6.0,0.14285714285714285,0.14285714285714285,0.0,0.0
DTW-ANC,7,7,16.0,-3.0,0.14285714285714285,0.14285714285714285,0.0,0.0
LGA-HYA,7,7,-4.0,-6.0,0.0,0.0,0.0,0.0
MCO-ABE,7,7,-5.571428571428571,-11.0,0.14285714285714285,0.14285714285714285,0.0,0.0
SBP-PDX,7,6,27.666666666666668,-3.5,0.3333333333333333,0.16666666666666666,0.14285714285714285,0.0
EWR-BHM,7,6,50.833333333333336,-3.5,0.3333333333333333,0.3333333333333333,0.14285714285714285,0.0
EWR-CAE,7,7,-5.857142857142857,-6.0,0.0,0.0,0.0,0.0
PHX-LIT,7,7,6.857142857142857,4.0,0.2857142857142857,0.0,0.0,0.0
GRR-AUS,7,7,11.428571428571429,-5.0,0.2857142857142857,0.2857142857142857,0.0,0.0
RNO-MDW,7,7,-0.5714285714285714,-1.0,0.0,0.0,0.0,0.14285714285714285
FLL-GSP,7,7,12.142857142857142,-2.0,0.14285714285714285,0.14285714285714285,0.0,0.14285714285714285
FLL-HTS,7,7,38.142857142857146,45.0,0.5714285714285714,0.5714285714285714,0.0,0.0
RDU-IND,7,7,17.428571428571427,-9.0,0.14285714285714285,0.14285714285714285,0.0,0.0
FCA-AZA,7,7,3.4285714285714284,-3.0,0.2857142857142857,0.14285714285714285,0.0,0.0
FWA-LAS,7,7,1.0,-8.0,0.2857142857142857,0.14285714285714285,0.0,0.0
ROC-MYR,7,7,-12.285714285714286,-11.0,0.0,0.0,0.0,0.0
ROC-TPA,7,7,40.57142857142857,0.0,0.2857142857142857,0.2857142857142857,0.0,0.0
PVU-SFB,7,7,8.571428571428571,-7.0,0.2857142857142857,0.2857142857142857,0.0,0.14285714285714285
EYW-SFB,7,7,7.714285714285714,12.0,0.42857142857142855,0.14285714285714285,0.0,0.0
HYA-LGA,7,7,170.0,-3.0,0.14285714285714285,0.14285714285714285,0.0,0.0
GSP-FLL,7,7,34.42857142857143,15.0,0.5714285714285714,0.2857142857142857,0.0,0.0
GUF-CVG,7,7,183.14285714285714,12.0,0.2857142857142857,0.2857142857142857,0.0,0.0
PIT-MLB,7,7,5.142857142857143,-4.0,0.14285714285714285,0.14285714285714285,0.0,0.0
PIE-MLI,7,7,56.857142857142854,0.0,0.14285714285714285,0.14285714285714285,0.0,0.0
PIE-GSO,7,7,31.857142857142858,7.0,0.2857142857142857,0.2857142857142857,0.0,0.0
PIE-FAR,7,7,1.5714285714285714,-6.0,0.2857142857142857,0.14285714285714285,0.0,0.0
HOU-LBB,7,7,8.857142857142858,5.0,0.2857142857142857,0.14285714285714285,0.0,0.0
EWR-MTJ,7,7,5.285714285714286,-2.0,0.2857142857142857,0.14285714285714285,0.0,0.0
HSV-DTW,7,7,-2.2857142857142856,-5.0,0.14285714285714285,0.0,0.0,0.0
MDT-JAX,7,7,6.428571428571429,-1.0,0.2857142857142857,0.14285714285714285,0.0,0.0
FLL-CAK,7,7,1.4285714285714286,-4.0,0.14285714285714285,0.14285714285714285,0.0,0.0
MSY-CMH,7,6,-9.5,-9.0,0.0,0.0,0.14285714285714285,0.0
MLB-ABE,7,7,-2.2857142857142856,-6.0,0.14285714285714285,0.0,0.0,0.0
MDW-GEG,7,7,8.857142857142858,3.0,0.2857142857142857,0.0,0.0,0.0
DAL-MSP,7,7,7.857142857142857,6.0,0.2857142857142857,0.14285714285714285,0.0,0.0
MEM-SFB,7,7,14.0,9.0,0.2857142857142857,0.14285714285714285,0.0,0.0
MSP-COS,7,7,11.285714285714286,-6.0,0.14285714285714285,0.14285714285714285,0.0,0.0
SEA-HLN,7,7,7.428571428571429,-2.0,0.2857142857142857,0.14285714285714285,0.0,0.0
SEA-IDA,7,7,-2.857142857142857,-2.0,0.0,0.0,0.0,0.0
OAK-KOA,7,7,-0.14285714285714285,0.0,0.0,0.0,0.0,0.0
MYR-CVG,7,7,15.142857142857142,0.0,0.42857142857142855,0.2857142857142857,0.0,0.0
MYR-DAL,7,7,5.571428571428571,0.0,0.2857142857142857,0.14285714285714285,0.0,0.0
MLI-LAS,7,7,31.142857142857142,-10.0,0.2857142857142857,0.2857142857142857,0.0,0.14285714285714285
IAG-MYR,6,6,8.5,-15.5,0.16666666666666666,0.16666666666666666,0.0,0.0
IAD-PHL,6,6,11.833333333333334,5.0,0.3333333333333333,0.3333333333333333,0.0,0.0
MDW-EWR,6,5,63.4,32.0,0.6,0.6,0.16666666666666666,0.0
IAD-AVL,6,6,27.0,9.0,0.5,0.16666666666666666,0.0,0.16666666666666666
VPS-EVV,6,6,-6.166666666666667,-5.0,0.0,0.0,0.0,0.0
IAG-SFB,6,5,50.2,42.0,0.6,0.6,0.16666666666666666,0.0
MIA-LIT,6,6,-7.5,-8.0,0.0,0.0,0.0,0.0
BLV-LAS,6,6,-7.333333333333333,-7.0,0.0,0.0,0.0,0.0
SFB-RIC,6,6,19.0,-2.5,0.3333333333333333,0.3333333333333333,0.0,0.0
HYA-PHL,6,6,3.3333333333333335,-2.5,0.16666666666666666,0.16666666666666666,0.0,0.0
SFB-SWF,6,6,-6.666666666666667,-6.5,0.0,0.0,0.0,0.0
IAH-BZN,6,6,13.333333333333334,-4.5,0.3333333333333333,0.3333333333333333,0.0,0.0
IAH-ECP,6,6,4.166666666666667,-3.0,0.16666666666666666,0.16666666666666666,0.0,0.0
IAH-RNO,6,6,0.3333333333333333,-1.5,0.0,0.0,0.0,0.0
HOU-SJU,6,6,8.833333333333334,1.0,0.3333333333333333,0.0,0.0,0.0
IDA-OAK,6,6,15.5,11.0,0.3333333333333333,0.3333333333333333,0.0,0.0
SRQ-PIA,6,6,-2.0,-10.0,0.16666666666666666,0.16666666666666666,0.0,0.0
MDW-AVL,6,6,192.0,-5.0,0.16666666666666666,0.16666666666666666,0.0,0.0
SRQ-ROA,6,6,6.666666666666667,-6.0,0.3333333333333333,0.16666666666666666,0.0,0.0
CID-LAX,6,6,24.0,-2.0,0.3333333333333333,0.3333333333333333,0.0,0.0
PGD-DAY,6,6,36.333333333333336,8.0,0.5,0.3333333333333333,0.0,0.0
AZA-PDX,6,6,-6.166666666666667,-8.5,0.0,0.0,0.0,0.0
SFB-TOL,6,6,42.666666666666664,24.0,0.5,0.5,0.0,0.0
PDX-SBP,6,6,-7.166666666666667,-8.5,0.0,0.0,0.0,0.0
AZA-ICT,6,6,-6.0,-7.5,0.0,0.0,0.0,0.0
VPS-FNT,6,6,12.666666666666666,0.0,0.16666666666666666,0.16666666666666666,0.0,0.0
CHA-FLL,6,6,0.3333333333333333,-1.5,0.0,0.0,0.0,0.0
SNA-EUG,6,6,35.5,2.0,0.3333333333333333,0.3333333333333333,0.0,0.0
MSY-IND,6,6,-2.5,-6.0,0.0,0.0,0.0,0.0
BWI-ECP,6,6,15.166666666666666,-1.5,0.16666666666666666,0.16666666666666666,0.0,0.0
RNO-MSP,6,6,1.3333333333333333,-2.0,0.0,0.0,0.0,0.0
MSP-HDN,6,6,21.0,17.5,0.5,0.3333333333333333,0.0,0.0
BUF-PBI,6,6,52.166666666666664,10.0,0.5,0.3333333333333333,0.0,0.0
BUF-MSP,6,6,0.5,-4.0,0.16666666666666666,0.0,0.0,0.0
BTV-MCO,6,6,-3.6666666666666665,-13.0,0.16666666666666666,0.16666666666666666,0.0,0.0
XNA-AZA,6,6,-2.1666666666666665,-3.5,0.16666666666666666,0.0,0.0,0.0
FSD-FLL,6,6,-2.8333333333333335,-2.0,0.0,0.0,0.0,0.0
RAP-SFB,6,6,-2.1666666666666665,-4.0,0.16666666666666666,0.16666666666666666,0.0,0.0
SJU-MDW,6,6,7.666666666666667,6.5,0.16666666666666666,0.0,0.0,0.0
VPS-TUL,6,6,-5.666666666666667,-10.5,0.16666666666666666,0.16666666666666666,0.0,0.0
PVU-SAN,6,6,-1.8333333333333333,-5.0,0.0,0.0,0.0,0.0
GFK-AZA,6,6,-6.833333333333333,-11.5,0.0,0.0,0.0,0.0
MSP-XNA,6,6,16.166666666666668,-2.5,0.3333333333333333,0.16666666666666666,0.0,0.0
CAE-MCO,6,6,-1.3333333333333333,-7.5,0.16666666666666666,0.16666666666666666,0.0,0.0
GRR-SAV,6,6,-9.666666666666666,-8.0,0.0,0.0,0.0,0.0
GRR-TPA,6,6,0.16666666666666666,-7.5,0.3333333333333333,0.16666666666666666,0.0,0.0
VPS-PIA,6,6,9.0,-9.0,0.16666666666666666,0.16666666666666666,0.0,0.0
HDN-LAX,6,6,10.166666666666666,-8.5,0.16666666666666666,0.16666666666666666,0.0,0.0
HGR-MYR,6,5,-7.8,-8.0,0.0,0.0,0.16666666666666666,0.0
PIE-XNA,6,6,23.833333333333332,5.0,0.3333333333333333,0.16666666666666666,0.0,0.0
PIE-TRI,6,6,39.666666666666664,12.5,0.5,0.5,0.0,0.0
BNA-CID,6,6,-10.666666666666666,-9.5,0.0,0.0,0.0,0.0
VPS-OKC,6,6,21.166666666666668,11.5,0.5,0.3333333333333333,0.0,0.0
MIA-SYR,6,6,1.0,-3.0,0.16666666666666666,0.0,0.0,0.0
AZA-GFK,6,6,-2.6666666666666665,-3.0,0.0,0.0,0.0,0.0
SNA-DSM,6,6,41.5,10.0,0.3333333333333333,0.3333333333333333,0.0,0.0
TYS-MDW,6,6,5.666666666666667,-2.0,0.16666666666666666,0.16666666666666666,0.0,0.0
PHL-GSO,6,6,43.0,0.5,0.3333333333333333,0.3333333333333333,0.0,0.0
SDF-PGD,6,6,6.333333333333333,2.5,0.16666666666666666,0.16666666666666666,0.0,0.0
LEX-VPS,6,6,45.5,21.5,0.5,0.3333333333333333,0.0,0.0
ORF-SFB,6,6,37.166666666666664,18.0,0.5,0.3333333333333333,0.0,0.0
MYR-MDT,6,6,8.666666666666666,0.0,0.16666666666666666,0.16666666666666666,0.0,0.0
AVL-AUS,6,6,-6.5,-6.0,0.0,0.0,0.0,0.0
MYR-PBG,6,6,-19.0,-20.5,0.0,0.0,0.0,0.0
MYR-STL,6,6,-0.6666666666666666,-4.5,0.0,0.0,0.0,0.0
SAV-GRR,6,6,4.166666666666667,2.5,0.16666666666666666,0.0,0.0,0.0
SFO-MTJ,6,6,15.833333333333334,9.0,0.5,0.3333333333333333,0.0,0.0
LAX-MSO,6,6,-7.5,-7.0,0.0,0.0,0.0,0.0
ORD-IDA,6,6,11.0,-1.0,0.16666666666666666,0.16666666666666666,0.0,0.0
SAV-PGD,6,6,-1.1666666666666667,-7.5,0.16666666666666666,0.16666666666666666,0.0,0.0
SAV-PIE,6,6,54.833333333333336,-3.5,0.3333333333333333,0.16666666666666666,0.0,0.0
LAX-SGF,6,6,18.5,-3.0,0.3333333333333333,0.3333333333333333,0.0,0.0
LEX-LAS,6,6,28.5,5.5,0.3333333333333333,0.3333333333333333,0.0,0.0
LGA-BTV,6,5,9.8,-5.0,0.2,0.2,0.16666666666666666,0.0
DTW-HSV,6,6,21.666666666666668,-2.5,0.16666666666666666,0.16666666666666666,0.0,0.0
MDW-TYS,6,6,-1.1666666666666667,-2.5,0.16666666666666666,0.0,0.0,0.0
DSM-JAX,6,6,-8.833333333333334,-8.0,0.0,0.0,0.0,0.0
TPA-MEM,6,6,5.833333333333333,4.0,0.16666666666666666,0.0,0.0,0.0
LIT-SFB,6,6,55.666666666666664,38.5,1.0,0.8333333333333334,0.0,0.0
ATL-HDN,6,6,-1.5,-3.0,0.16666666666666666,0.0,0.0,0.0
MCI-ECP,6,6,2.6666666666666665,-1.5,0.16666666666666666,0.0,0.0,0.0
ATL-DHN,6,6,32.833333333333336,7.5,0.5,0.3333333333333333,0.0,0.0
MDW-RNO,6,6,6.333333333333333,5.0,0.16666666666666666,0.0,0.0,0.0
DSM-EWR,6,6,18.5,-2.5,0.3333333333333333,0.3333333333333333,0.0,0.0
MDW-PSP,6,6,40.666666666666664,15.0,0.5,0.5,0.0,0.0
TTN-MYR,6,6,-5.5,-10.5,0.16666666666666666,0.0,0.0,0.0
ANC-OGG,6,6,-2.0,-9.0,0.16666666666666666,0.16666666666666666,0.0,0.0
ANC-KOA,6,6,-4.333333333333333,-6.0,0.0,0.0,0.0,0.0
TVC-PIE,6,6,29.666666666666668,23.5,0.6666666666666666,0.3333333333333333,0.0,0.0
JAX-FNT,6,6,12.0,-1.5,0.3333333333333333,0.3333333333333333,0.0,0.0
AZA-CVG,6,6,9.0,4.5,0.3333333333333333,0.16666666666666666,0.0,0.0
PBG-PGD,6,6,43.666666666666664,5.0,0.3333333333333333,0.3333333333333333,0.0,0.0
AVL-LAS,6,6,11.5,-4.5,0.16666666666666666,0.16666666666666666,0.0,0.0
AVL-MDW,6,6,-1.1666666666666667,-6.0,0.16666666666666666,0.16666666666666666,0.0,0.0
TYS-IAD,6,6,13.666666666666666,-6.0,0.16666666666666666,0.16666666666666666,0.0,0.0
CKB-PIE,6,6,31.166666666666668,10.5,0.5,0.16666666666666666,0.0,0.0
PDX-BWI,6,6,22.833333333333332,25.5,0.8333333333333334,0.16666666666666666,0.0,0.0
MVY-BOS,6,6,-13.166666666666666,-15.0,0.0,0.0,0.0,0.0
PBI-GRR,6,6,-11.5,-12.0,0.0,0.0,0.0,0.0
IAD-TYS,5,5,223.4,-2.0,0.4,0.4,0.0,0.0
MLB-CVG,5,5,17.2,-8.0,0.4,0.4,0.0,0.0
PWM-TPA,5,5,-4.8,-17.0,0.2,0.2,0.0,0.0
IND-ECP,5,5,-1.0,-3.0,0.0,0.0,0.0,0.0
ATL-TVC,5,5,32.0,36.0,0.6,0.6,0.0,0.0
BOS-VPS,5,5,-1.6,-9.0,0.2,0.0,0.0,0.0
IND-RDU,5,5,37.6,16.0,0.6,0.4,0.0,0.0
PVU-BNA,5,5,13.2,-6.0,0.2,0.2,0.0,0.0
ATW-PDX,5,5,-11.8,-13.0,0.0,0.0,0.0,0.0
GRR-PBI,5,5,-1.4,-1.0,0.0,0.0,0.0,0.0
LIT-LAX,5,5,23.8,28.0,0.6,0.4,0.0,0.0
RNO-DAL,5,5,14.2,-1.0,0.4,0.2,0.0,0.0
PGD-FSD,5,5,1.2,0.0,0.0,0.0,0.0,0.0
AVL-VPS,5,5,-5.2,-8.0,0.0,0.0,0.0,0.0
FNT-JAX,5,5,39.4,35.0,0.6,0.6,0.0,0.0
FNT-FLL,5,5,-14.8,-13.0,0.0,0.0,0.0,0.0
PGD-CHA,5,5,-7.6,-8.0,0.0,0.0,0.0,0.2
MOB-IAH,5,5,-9.2,-9.0,0.0,0.0,0.0,0.0
PDX-DSM,5,5,-7.4,-12.0,0.0,0.0,0.0,0.0
TRI-PIE,5,5,199.4,47.0,0.8,0.8,0.0,0.0
BUF-RDU,5,5,-8.8,-10.0,0.0,0.0,0.0,0.0
JAX-DSM,5,5,-12.4,-15.0,0.0,0.0,0.0,0.0
STL-PBI,5,5,28.8,-2.0,0.2,0.2,0.0,0.0
MSP-DAL,5,5,9.6,-3.0,0.2,0.2,0.0,0.0
JAC-SAN,5,5,1.4,2.0,0.0,0.0,0.0,0.0
FLL-CHA,5,5,19.8,-5.0,0.4,0.2,0.0,0.0
VPS-SGF,5,5,12.4,-11.0,0.2,0.2,0.0,0.0
BNA-SJU,5,5,18.6,2.0,0.2,0.2,0.0,0.0
LEX-SRQ,5,5,19.0,-1.0,0.2,0.2,0.0,0.0
IDA-SNA,5,5,34.8,-2.0,0.2,0.2,0.0,0.0
JFK-MKE,5,4,77.5,20.0,0.5,0.5,0.2,0.0
ORF-JAX,5,5,5.6,5.0,0.2,0.0,0.0,0.0
HTS-VPS,5,5,9.0,16.0,0.6,0.4,0.0,0.0
BLV-JAX,5,5,85.0,29.0,1.0,0.4,0.0,0.0
TYS-SRQ,5,5,-12.6,-13.0,0.0,0.0,0.0,0.0
MIA-ACY,5,5,-6.6,-6.0,0.0,0.0,0.0,0.0
JFK-MHT,5,4,-4.5,-6.0,0.0,0.0,0.2,0.0
AUS-SJU,5,5,1.0,1.0,0.0,0.0,0.0,0.0
PHX-BIL,5,5,-2.4,-4.0,0.0,0.0,0.0,0.0
MYR-TTN,5,5,-13.8,-16.0,0.0,0.0,0.0,0.0
MHT-RSW,5,5,37.8,-6.0,0.4,0.4,0.0,0.0
SNA-COS,5,5,9.2,0.0,0.4,0.2,0.0,0.0
HOU-DSM,5,5,11.0,-10.0,0.4,0.2,0.0,0.0
VPS-IAD,5,5,47.2,-6.0,0.2,0.2,0.0,0.0
JAX-CAK,5,5,13.4,-1.0,0.2,0.2,0.0,0.0
LAX-ICT,5,5,33.8,-6.0,0.4,0.4,0.0,0.0
LAX-MFE,5,5,6.2,-1.0,0.2,0.2,0.0,0.0
SRQ-IAD,5,5,-2.4,-8.0,0.0,0.0,0.0,0.0
PIE-ROA,5,5,15.4,28.0,0.6,0.4,0.0,0.0
PHL-MVY,5,5,7.4,-3.0,0.2,0.2,0.0,0.0
HLN-SEA,5,5,-4.4,-10.0,0.2,0.0,0.0,0.0
PBI-CLE,5,5,13.4,0.0,0.2,0.2,0.0,0.0
AUS-AVL,5,5,8.0,-3.0,0.4,0.2,0.0,0.0
GUF-XNA,5,5,13.2,11.0,0.4,0.4,0.0,0.0
GUF-MCI,5,5,7.0,-9.0,0.4,0.4,0.0,0.0
BNA-RFD,5,5,2.6,-1.0,0.2,0.2,0.0,0.0
LCK-CHS,5,5,20.0,15.0,0.6,0.4,0.0,0.0
GUF-ATW,5,5,3.0,-6.0,0.2,0.2,0.0,0.0
BIS-PIE,5,5,-17.2,-16.0,0.0,0.0,0.0,0.0
JAX-BLV,5,5,3.0,-6.0,0.4,0.0,0.0,0.0
SFB-GFK,5,5,7.6,-2.0,0.2,0.2,0.0,0.0
SAN-FCA,5,5,23.2,-1.0,0.2,0.2,0.0,0.0
SGF-MIA,5,5,-5.8,-7.0,0.0,0.0,0.0,0.0
DAL-BUF,5,5,8.2,12.0,0.2,0.0,0.0,0.0
SAN-CMH,5,5,15.8,10.0,0.4,0.2,0.0,0.0
SFB-MOT,5,5,3.4,0.0,0.2,0.0,0.0,0.0
SJC-DTW,5,5,1.4,-3.0,0.2,0.0,0.0,0.0
SAN-HDN,5,5,25.2,-1.0,0.4,0.2,0.0,0.0
ECP-IAH,5,5,13.0,16.0,0.6,0.2,0.0,0.0
DSM-VPS,5,5,-5.0,-7.0,0.0,0.0,0.0,0.0
DAL-MTJ,5,5,6.6,3.0,0.2,0.0,0.0,0.0
DTW-SJC,5,5,0.6,0.0,0.2,0.0,0.0,0.0
SAT-SJU,5,5,45.4,14.0,0.4,0.4,0.0,0.0
DAL-ORF,5,5,53.2,12.0,0.4,0.2,0.0,0.0
DAL-MYR,5,5,6.6,-1.0,0.2,0.2,0.0,0.0
EYW-TYS,5,5,15.8,-14.0,0.4,0.2,0.0,0.0
SAV-ATW,5,5,53.6,1.0,0.4,0.4,0.0,0.0
SFB-PVU,5,5,21.0,9.0,0.4,0.4,0.0,0.0
CVG-DTW,5,5,3.4,1.0,0.4,0.0,0.0,0.0
DSM-MSP,5,5,27.8,14.0,0.4,0.4,0.0,0.0
SFB-CAE,5,5,3.0,-9.0,0.2,0.2,0.0,0.0
SAV-STL,5,5,17.0,10.0,0.4,0.2,0.0,0.0
CVG-AZA,5,5,32.8,-7.0,0.4,0.4,0.0,0.0
DHN-ATL,5,5,148.0,-10.0,0.2,0.2,0.0,0.0
SDF-SRQ,5,5,6.8,10.0,0.2,0.2,0.0,0.0
SJU-BNA,5,5,7.8,6.0,0.2,0.0,0.0,0.0
SHV-BNA,5,5,208.6,-10.0,0.2,0.2,0.0,0.0
CAK-MYR,5,5,67.6,-7.0,0.2,0.2,0.0,0.0
DSM-BOS,5,5,5.2,7.0,0.4,0.0,0.0,0.0
CHA-EWR,5,5,11.6,-2.0,0.4,0.2,0.0,0.0
CAK-JAX,5,5,46.0,20.0,0.6,0.4,0.0,0.0
ELM-SRQ,5,5,-11.8,-14.0,0.2,0.0,0.0,0.0
SHV-LAS,5,5,4.6,-1.0,0.2,0.2,0.0,0.0
TPA-GRR,4,3,13.333333333333334,6.0,0.3333333333333333,0.3333333333333333,0.25,0.0
PIE-BNA,4,4,34.5,2.5,0.25,0.25,0.0,0.0
PIE-CKB,4,4,-0.75,-5.5,0.25,0.0,0.0,0.0
CHA-PGD,4,4,12.25,-7.5,0.25,0.25,0.0,0.0
ATW-SAV,4,4,12.5,-1.5,0.25,0.25,0.0,0.0
ATW-EWR,4,4,-6.0,-5.5,0.0,0.0,0.0,0.0
ORD-HHH,4,4,18.0,-3.0,0.25,0.25,0.0,0.0
BNA-ABE,4,4,-13.25,-11.5,0.0,0.0,0.0,0.0
RSW-TTN,4,4,2.0,-5.0,0.25,0.25,0.0,0.0
SBA-PDX,4,4,4.75,4.5,0.0,0.0,0.0,0.0
PHX-ATW,4,4,-1.25,-2.0,0.0,0.0,0.0,0.0
SBN-FLL,4,4,-5.5,-8.0,0.0,0.0,0.0,0.0
MCI-GUF,4,4,22.5,27.0,0.75,0.5,0.0,0.0
SCK-DEN,4,2,39.5,39.5,0.5,0.5,0.5,0.25
MCO-CAE,4,4,-5.75,-5.0,0.0,0.0,0.0,0.0
HDN-SFO,4,4,70.75,39.0,0.5,0.5,0.0,0.0
HHH-ORD,4,4,50.75,20.0,0.5,0.5,0.0,0.0
PGD-STC,4,4,-3.0,-3.5,0.0,0.0,0.0,0.0
ATL-AEX,4,4,-7.0,-6.5,0.0,0.0,0.0,0.0
MCI-CMH,4,4,1.5,2.5,0.0,0.0,0.0,0.0
ORD-ACK,4,4,-4.5,-4.5,0.0,0.0,0.0,0.0
PIE-SAV,4,4,-15.25,-15.0,0.0,0.0,0.0,0.0
TPA-PWM,4,3,-10.0,-10.0,0.0,0.0,0.25,0.0
LIT-VPS,4,4,2.5,0.5,0.25,0.0,0.0,0.0
PIE-ORF,4,4,16.0,15.5,0.5,0.25,0.0,0.0
EWR-PVD,4,4,4.75,-2.5,0.25,0.25,0.0,0.0
CHA-DTW,4,4,-5.5,-6.5,0.0,0.0,0.0,0.0
HOU-TYS,4,4,4.25,4.0,0.5,0.0,0.0,0.0
SAN-BZN,4,4,0.25,-2.5,0.25,0.0,0.0,0.0
LAX-RSW,4,4,11.0,4.5,0.25,0.25,0.0,0.0
LAX-MTJ,4,4,-5.5,-7.0,0.0,0.0,0.0,0.0
ECP-IND,4,4,90.0,9.5,0.25,0.25,0.0,0.0
EGE-EWR,4,4,4.0,4.5,0.0,0.0,0.0,0.0
PDX-GRR,4,4,2.5,-7.0,0.25,0.25,0.0,0.0
AZA-FWA,4,4,104.25,-5.5,0.25,0.25,0.0,0.0
SGF-LAX,4,4,1.5,2.5,0.0,0.0,0.0,0.0
JAC-IAH,4,4,1.75,4.0,0.0,0.0,0.0,0.0
EGE-SEA,4,4,34.5,45.0,0.75,0.75,0.0,0.0
PGD-BGR,4,4,2.0,-3.0,0.25,0.25,0.0,0.0
ELP-MCO,4,4,6.75,2.5,0.25,0.0,0.0,0.0
ERI-CLT,4,4,-12.0,-12.0,0.0,0.0,0.0,0.0
AZA-TVC,4,4,-4.0,-4.0,0.0,0.0,0.0,0.0
SAN-MFR,4,4,14.5,18.0,0.75,0.25,0.0,0.0
SRQ-PSM,4,4,-13.25,-13.0,0.0,0.0,0.0,0.0
PGD-MSP,4,4,-8.0,-8.0,0.0,0.0,0.0,0.0
IND-CHS,4,4,-1.25,-1.0,0.0,0.0,0.0,0.0
PGD-PBG,4,4,-5.5,-9.5,0.0,0.0,0.0,0.0
BGR-ATL,4,4,9.5,7.5,0.25,0.0,0.0,0.0
PBI-STL,4,4,-0.5,-1.0,0.0,0.0,0.0,0.0
IAH-HDN,4,4,40.5,-0.5,0.25,0.25,0.0,0.0
ECP-BWI,4,4,10.5,3.0,0.25,0.25,0.0,0.0
HTS-PGD,4,4,90.0,27.5,1.0,0.5,0.0,0.25
LAX-MKE,4,4,-1.5,-5.0,0.0,0.0,0.0,0.0
SYR-SRQ,4,4,67.0,60.0,0.5,0.5,0.0,0.25
BLV-MYR,4,4,55.75,37.5,0.5,0.5,0.0,0.0
SYR-RDU,4,4,18.5,0.0,0.25,0.25,0.0,0.0
LAX-CID,4,4,30.25,26.0,0.5,0.5,0.0,0.0
SYR-MIA,4,4,-5.0,-5.0,0.0,0.0,0.0,0.0
CLT-HOU,4,4,48.75,51.0,1.0,1.0,0.0,0.0
SWF-FLL,4,4,45.75,16.0,0.5,0.5,0.0,0.0
STS-PSP,4,4,51.25,4.0,0.5,0.25,0.0,0.0
AUS-SRQ,4,4,3.75,-7.0,0.25,0.25,0.0,0.0
SUN-SEA,4,4,-4.75,-4.5,0.0,0.0,0.0,0.0
CLT-ERI,4,4,16.25,-1.5,0.25,0.25,0.0,0.0
IAD-JFK,4,4,15.75,-1.5,0.25,0.25,0.0,0.0
JFK-PSE,4,4,13.25,4.5,0.25,0.25,0.0,0.0
SRQ-CID,4,3,5.333333333333333,-14.0,0.3333333333333333,0.3333333333333333,0.25,0.0
IAD-TVC,4,4,-4.5,-3.0,0.0,0.0,0.0,0.0
OGG-ANC,4,4,7.0,-2.0,0.25,0.25,0.0,0.0
RSW-SEA,4,4,4.75,2.5,0.25,0.0,0.0,0.0
BGR-FLL,4,4,-7.0,-5.0,0.0,0.0,0.0,0.0
MIA-CHA,4,4,10.75,7.5,0.25,0.25,0.0,0.0
RDU-SYR,4,4,14.75,2.0,0.25,0.25,0.0,0.0
BUF-SRQ,4,4,6.5,2.5,0.25,0.0,0.0,0.0
TYS-EYW,4,4,204.0,-7.5,0.25,0.25,0.0,0.0
GRB-DEN,4,4,-5.5,-6.5,0.0,0.0,0.0,0.0
TYS-HOU,4,4,5.0,5.0,0.25,0.0,0.0,0.0
BOS-HDN,4,4,5.5,-2.5,0.25,0.25,0.0,0.0
MLB-PIT,4,4,-1.75,-0.5,0.0,0.0,0.0,0.0
BUF-MIA,4,4,14.0,0.0,0.25,0.25,0.0,0.0
SEA-FCA,4,4,0.25,-3.0,0.25,0.0,0.0,0.0
MTJ-SFO,4,4,2.5,-6.5,0.25,0.25,0.0,0.0
MTJ-LAX,4,4,-8.5,-8.0,0.0,0.0,0.0,0.0
SFB-ORF,4,4,-1.5,-4.0,0.0,0.0,0.0,0.0
BUF-DAL,4,4,73.75,42.5,0.5,0.5,0.0,0.0
FAR-SFB,4,4,0.5,-2.5,0.25,0.0,0.0,0.0
CVG-RDU,4,4,34.75,14.5,0.5,0.5,0.0,0.0
FLL-TVC,4,4,-5.25,-7.0,0.0,0.0,0.0,0.0
MSY-CVG,4,4,30.0,29.5,0.5,0.5,0.0,0.0
VPS-BOS,4,4,-0.75,-7.0,0.25,0.0,0.0,0.0
TUL-VPS,4,4,289.0,129.0,0.75,0.75,0.0,0.0
MIA-HSV,4,4,-4.0,-2.5,0.0,0.0,0.0,0.0
SLC-KOA,4,4,35.25,-1.5,0.25,0.25,0.0,0.0
BZN-DAL,4,4,6.75,6.5,0.25,0.0,0.0,0.0
MIA-ICT,4,4,-0.5,-2.0,0.0,0.0,0.0,0.0
MIA-SGF,4,4,-2.5,-1.0,0.0,0.0,0.0,0.0
RDM-BUR,4,4,11.25,-6.0,0.25,0.25,0.0,0.0
VPS-DTW,4,4,3.0,5.5,0.25,0.0,0.0,0.0
MIA-MKE,4,4,7.75,-2.5,0.25,0.25,0.0,0.0
BZN-IAD,4,4,34.75,48.0,0.75,0.75,0.0,0.0
FLL-MDT,4,4,-1.75,-6.5,0.25,0.0,0.0,0.0
VPS-LAS,4,4,13.75,11.5,0.5,0.5,0.0,0.0
MSP-AVL,4,4,10.5,8.0,0.5,0.25,0.0,0.0
MYR-HTS,4,4,48.0,28.5,0.5,0.5,0.0,0.0
PSM-PIE,4,4,20.0,7.5,0.5,0.25,0.0,0.0
TVC-AZA,4,4,-15.25,-18.0,0.0,0.0,0.0,0.0
BUR-SAT,4,4,3.75,4.0,0.0,0.0,0.0,0.0
RIC-JFK,4,4,38.5,2.5,0.25,0.25,0.0,0.0
MEM-VPS,4,4,-14.0,-14.0,0.0,0.0,0.0,0.0
MYR-LEX,4,4,73.75,10.0,0.5,0.25,0.0,0.0
DEN-SCK,4,2,153.5,153.5,1.0,1.0,0.5,0.0
FLL-FNT,4,4,-5.75,-7.0,0.0,0.0,0.0,0.0
MSP-DSM,4,4,16.25,2.0,0.25,0.25,0.0,0.0
FLL-ATW,4,4,26.75,29.0,0.5,0.5,0.0,0.25
FLL-BGR,4,4,-11.5,-11.0,0.0,0.0,0.0,0.0
ALB-SRQ,4,4,36.0,-11.0,0.25,0.25,0.0,0.0
FLL-HSV,4,4,56.25,1.5,0.25,0.25,0.0,0.0
MYR-SDF,4,4,80.5,3.5,0.5,0.25,0.0,0.0
OAK-IDA,4,4,-9.25,-8.0,0.0,0.0,0.0,0.0
MSP-ORF,4,4,-1.5,-0.5,0.0,0.0,0.0,0.0
MFE-LAX,4,4,44.75,16.0,0.5,0.25,0.0,0.0
MSP-PGD,4,4,7.0,-5.5,0.25,0.25,0.0,0.0
FLL-FSD,4,4,-7.75,-9.0,0.0,0.0,0.0,0.0
DTW-VPS,3,3,-2.0,-1.0,0.0,0.0,0.0,0.0
PGD-RIC,3,3,-7.333333333333333,-7.0,0.0,0.0,0.0,0.0
SFO-RSW,3,3,0.3333333333333333,-8.0,0.3333333333333333,0.0,0.0,0.3333333333333333
AZA-XNA,3,3,0.6666666666666666,-1.0,0.0,0.0,0.0,0.0
RIC-SFB,3,3,15.0,8.0,0.3333333333333333,0.3333333333333333,0.0,0.0
VPS-LEX,3,3,-2.3333333333333335,-6.0,0.0,0.0,0.0,0.0
ABE-DEN,3,3,-4.333333333333333,-2.0,0.0,0.0,0.0,0.0
MLI-SFB,3,3,0.6666666666666666,-9.0,0.3333333333333333,0.0,0.0,0.0
VPS-OMA,3,3,-9.0,-9.0,0.0,0.0,0.0,0.0
PDX-FLL,3,2,-5.5,-5.5,0.0,0.0,0.3333333333333333,0.0
JAN-MCO,3,3,11.666666666666666,-1.0,0.3333333333333333,0.3333333333333333,0.0,0.0
PDX-STL,3,3,-0.3333333333333333,-1.0,0.0,0.0,0.0,0.0
AVL-HOU,3,3,4.333333333333333,-1.0,0.3333333333333333,0.0,0.0,0.0
SGF-VPS,3,3,-13.666666666666666,-15.0,0.0,0.0,0.0,0.0
PDX-FNT,3,3,-3.6666666666666665,-2.0,0.0,0.0,0.0,0.0
PDX-TPA,3,3,-2.0,3.0,0.0,0.0,0.0,0.0
SFB-AUS,3,3,18.666666666666668,27.0,0.6666666666666666,0.3333333333333333,0.0,0.0
CID-SRQ,3,3,-15.0,-11.0,0.0,0.0,0.0,0.0
PDX-AZA,3,3,-9.333333333333334,-10.0,0.0,0.0,0.0,0.0
PDX-ATW,3,3,46.333333333333336,-14.0,0.3333333333333333,0.3333333333333333,0.0,0.0
DAL-BZN,3,3,-3.3333333333333335,-4.0,0.0,0.0,0.0,0.0
MSY-BUR,3,3,5.0,3.0,0.0,0.0,0.0,0.0
MOT-SFB,3,3,18.0,0.0,0.3333333333333333,0.3333333333333333,0.0,0.0
MSN-MCO,3,2,0.0,0.0,0.0,0.0,0.3333333333333333,0.0
STL-PDX,3,3,15.0,10.0,0.3333333333333333,0.3333333333333333,0.0,0.0
MDW-PVU,3,3,76.0,23.0,0.6666666666666666,0.3333333333333333,0.0,0.0
ORF-STL,3,3,-5.666666666666667,-5.0,0.0,0.0,0.0,0.0
MYR-IAD,3,3,-3.0,-4.0,0.0,0.0,0.0,0.0
LGA-TVC,3,3,-3.6666666666666665,-7.0,0.0,0.0,0.0,0.0
SEA-EGE,3,3,-0.3333333333333333,-5.0,0.0,0.0,0.0,0.0
DEN-GRB,3,3,-5.0,-7.0,0.0,0.0,0.0,0.0
MFR-PDX,3,3,-5.666666666666667,-5.0,0.0,0.0,0.0,0.0
ALB-EWR,3,3,-4.333333333333333,-2.0,0.0,0.0,0.0,0.0
MYR-GRR,3,3,48.0,32.0,1.0,0.6666666666666666,0.0,0.0
TPA-PDX,3,3,47.666666666666664,73.0,0.6666666666666666,0.6666666666666666,0.0,0.0
TVC-LGA,3,3,-10.333333333333334,-16.0,0.0,0.0,0.0,0.0
TVC-IAH,3,3,26.666666666666668,13.0,0.3333333333333333,0.3333333333333333,0.0,0.0
ALB-MIA,3,3,-3.0,-4.0,0.0,0.0,0.0,0.0
DSM-HOU,3,3,-6.333333333333333,-6.0,0.0,0.0,0.0,0.0
JFK-VRB,3,2,-3.0,-3.0,0.0,0.0,0.3333333333333333,0.0
OMA-SRQ,3,3,-14.666666666666666,-13.0,0.0,0.0,0.0,0.0
DSM-GUF,3,2,-12.0,-12.0,0.0,0.0,0.3333333333333333,0.0
TVC-ATL,3,3,8.666666666666666,-1.0,0.3333333333333333,0.3333333333333333,0.0,0.0
COS-SAT,3,3,20.333333333333332,6.0,0.3333333333333333,0.3333333333333333,0.0,0.0
MCO-ABQ,3,3,11.666666666666666,19.0,0.6666666666666666,0.0,0.0,0.0
CVG-MSY,3,3,-2.6666666666666665,-1.0,0.0,0.0,0.0,0.0
MCO-BOI,3,3,3.3333333333333335,-6.0,0.3333333333333333,0.0,0.0,0.0
ANC-SAN,3,3,4.333333333333333,2.0,0.0,0.0,0.0,0.0
MCO-DSM,3,3,16.666666666666668,-1.0,0.3333333333333333,0.3333333333333333,0.0,0.3333333333333333
DFW-KOA,3,3,19.0,24.0,0.6666666666666666,0.3333333333333333,0.0,0.0
COS-AZA,3,3,-12.0,-6.0,0.0,0.0,0.0,0.0
MFR-SAN,3,3,12.666666666666666,17.0,0.6666666666666666,0.0,0.0,0.0
AGS-LGA,3,3,23.333333333333332,37.0,0.6666666666666666,0.6666666666666666,0.0,0.0
ATW-GUF,3,3,-3.3333333333333335,-12.0,0.3333333333333333,0.0,0.0,0.0
KOA-DFW,3,3,-3.0,-8.0,0.0,0.0,0.0,0.0
DTW-CHA,3,3,20.0,-10.0,0.3333333333333333,0.3333333333333333,0.0,0.0
MSY-LGB,3,3,40.0,20.0,0.6666666666666666,0.3333333333333333,0.0,0.0
ABQ-PDX,3,3,3.3333333333333335,3.0,0.0,0.0,0.0,0.0
KOA-SLC,3,3,16.0,23.0,0.6666666666666666,0.3333333333333333,0.0,0.0
VPS-AVL,3,3,-5.666666666666667,-10.0,0.0,0.0,0.0,0.0
LAS-VPS,3,3,-7.333333333333333,-5.0,0.0,0.0,0.0,0.0
MIA-CID,3,2,-1.0,-1.0,0.0,0.0,0.3333333333333333,0.0
MSY-SJU,3,2,10.5,10.5,0.5,0.0,0.3333333333333333,0.0
MTJ-DAL,3,3,-2.6666666666666665,-4.0,0.0,0.0,0.0,0.0
SFB-SHV,3,3,-5.333333333333333,-4.0,0.0,0.0,0.0,0.0
SAV-SDF,3,3,2.0,-15.0,0.3333333333333333,0.3333333333333333,0.0,0.0
MVY-ORD,3,3,25.666666666666668,33.0,0.6666666666666666,0.6666666666666666,0.0,0.3333333333333333
ORD-GTF,3,3,-6.666666666666667,-7.0,0.0,0.0,0.0,0.0
TPA-BTV,3,3,-10.666666666666666,-11.0,0.0,0.0,0.0,0.0
DEN-CRP,3,3,2.6666666666666665,-4.0,0.3333333333333333,0.0,0.0,0.0
LBE-FLL,3,3,-9.0,-9.0,0.0,0.0,0.0,0.0
CMH-MCI,3,3,28.0,21.0,0.6666666666666666,0.3333333333333333,0.0,0.0
LEX-MYR,3,3,0.3333333333333333,1.0,0.0,0.0,0.0,0.0
MYR-BLV,3,3,14.666666666666666,7.0,0.3333333333333333,0.3333333333333333,0.0,0.0
DSM-PDX,3,3,3.3333333333333335,8.0,0.3333333333333333,0.0,0.0,0.0
VPS-CAK,3,3,-4.0,-9.0,0.0,0.0,0.0,0.0
RNO-IAH,3,3,-2.6666666666666665,-2.0,0.0,0.0,0.0,0.0
PBG-SRQ,3,2,-5.0,-5.0,0.0,0.0,0.3333333333333333,0.0
IAH-TVC,3,3,23.333333333333332,24.0,1.0,0.3333333333333333,0.0,0.0
SLC-LGA,3,3,8.333333333333334,7.0,0.3333333333333333,0.0,0.0,0.0
PIE-MFE,3,3,-15.333333333333334,-17.0,0.0,0.0,0.0,0.0
PIE-PSM,3,3,2.6666666666666665,-4.0,0.3333333333333333,0.0,0.0,0.0
SJU-MSY,3,3,14.0,-13.0,0.3333333333333333,0.3333333333333333,0.0,0.0
SHV-SFB,3,3,-5.666666666666667,-8.0,0.0,0.0,0.0,0.0
SAN-DSM,3,3,16.666666666666668,22.0,0.6666666666666666,0.0,0.0,0.0
RSW-SFO,3,3,-5.666666666666667,-8.0,0.0,0.0,0.0,0.0
FSD-LAX,3,3,3.6666666666666665,4.0,0.3333333333333333,0.0,0.0,0.0
IAH-JAN,3,3,1.3333333333333333,1.0,0.0,0.0,0.0,0.0
GEG-DAL,3,3,19.0,22.0,0.6666666666666666,0.3333333333333333,0.0,0.0
GEG-SNA,3,3,46.666666666666664,44.0,0.6666666666666666,0.6666666666666666,0.0,0.0
HDN-MSP,3,3,30.0,20.0,0.6666666666666666,0.3333333333333333,0.0,0.0
BIS-SFB,3,3,19.666666666666668,3.0,0.3333333333333333,0.3333333333333333,0.0,0.0
BOS-GRR,3,3,-5.333333333333333,-6.0,0.0,0.0,0.0,0.0
SRQ-ELM,3,3,-12.0,-10.0,0.0,0.0,0.0,0.0
IAD-BZN,3,3,-4.666666666666667,-5.0,0.0,0.0,0.0,0.0
SAN-EGE,3,3,6.666666666666667,-4.0,0.3333333333333333,0.3333333333333333,0.0,0.0
EWR-DSM,3,3,-8.0,-7.0,0.0,0.0,0.0,0.0
CHS-LCK,3,3,7.333333333333333,-3.0,0.3333333333333333,0.0,0.0,0.0
HRL-IAH,3,2,-5.5,-5.5,0.0,0.0,0.3333333333333333,0.0
GUF-TYS,3,3,-1.6666666666666667,-6.0,0.0,0.0,0.0,0.0
SJU-AUS,3,3,3.3333333333333335,6.0,0.0,0.0,0.0,0.0
GRR-PDX,3,3,-6.333333333333333,-6.0,0.0,0.0,0.0,0.0
EWR-CHA,3,3,-7.0,-5.0,0.0,0.0,0.0,0.0
RSW-LAX,3,3,-4.0,-4.0,0.0,0.0,0.0,0.0
PSM-SRQ,3,3,-6.0,-3.0,0.0,0.0,0.0,0.0
EYW-IAD,3,3,6.0,1.0,0.3333333333333333,0.3333333333333333,0.0,0.0
BTV-TPA,3,2,-8.0,-8.0,0.0,0.0,0.3333333333333333,0.0
EYW-FLL,3,3,3.0,2.0,0.3333333333333333,0.0,0.0,0.0
EWR-PSP,3,3,-4.333333333333333,-5.0,0.0,0.0,0.0,0.0
SRQ-MKE,3,3,25.333333333333332,32.0,0.6666666666666666,0.6666666666666666,0.0,0.0
CHA-MIA,3,3,118.66666666666667,15.0,0.6666666666666666,0.3333333333333333,0.0,0.0
FLL-PDX,3,3,6.0,3.0,0.3333333333333333,0.0,0.0,0.0
EWR-MDW,3,2,103.0,103.0,1.0,1.0,0.3333333333333333,0.0
HOU-LIT,3,3,-2.0,-5.0,0.0,0.0,0.0,0.0
SNA-GEG,3,3,5.0,5.0,0.0,0.0,0.0,0.0
HOU-AVL,3,3,3.3333333333333335,9.0,0.0,0.0,0.0,0.0
SAF-ORD,3,3,40.333333333333336,28.0,1.0,0.3333333333333333,0.0,0.0
FCA-SAN,3,3,0.3333333333333333,1.0,0.0,0.0,0.0,0.0
IND-MYR,3,3,56.666666666666664,65.0,0.6666666666666666,0.6666666666666666,0.0,0.0
HSV-MIA,3,3,7.0,0.0,0.3333333333333333,0.0,0.0,0.0
ICT-PIE,3,3,22.666666666666668,31.0,0.6666666666666666,0.6666666666666666,0.0,0.0
RFD-BNA,3,3,24.666666666666668,3.0,0.3333333333333333,0.3333333333333333,0.0,0.0
BUR-EUG,3,3,-1.3333333333333333,-3.0,0.0,0.0,0.0,0.0
ICT-MIA,3,3,11.0,-2.0,0.3333333333333333,0.3333333333333333,0.0,0.0
SRQ-PBG,3,3,-16.333333333333332,-14.0,0.0,0.0,0.0,0.0
CID-BNA,3,3,-15.333333333333334,-15.0,0.0,0.0,0.0,0.0
HDN-BOS,2,2,0.5,0.5,0.0,0.0,0.0,0.0
ATW-IAH,2,2,4.5,4.5,0.5,0.0,0.0,0.0
HDN-FLL,2,2,-17.5,-17.5,0.0,0.0,0.0,0.0
ORD-AGS,2,2,2.5,2.5,0.0,0.0,0.0,0.0
OAK-FCA,2,2,-5.5,-5.5,0.0,0.0,0.0,0.0
MEM-MSY,2,2,-4.5,-4.5,0.0,0.0,0.0,0.0
PNS-AUS,2,2,21.0,21.0,0.5,0.5,0.0,0.0
BLV-TYS,2,2,368.0,368.0,0.5,0.5,0.0,0.0
SNA-MSO,2,2,-12.5,-12.5,0.0,0.0,0.0,0.0
BNA-SHV,2,2,-11.0,-11.0,0.0,0.0,0.0,0.0
GUF-HOU,2,2,-15.5,-15.5,0.0,0.0,0.0,0.0
DSM-DTW,2,2,171.5,171.5,0.5,0.5,0.0,0.0
CRP-DEN,2,2,-10.0,-10.0,0.0,0.0,0.0,0.0
SBN-TYS,2,2,73.5,73.5,0.5,0.5,0.0,0.0
TPA-OMA,2,2,-7.0,-7.0,0.0,0.0,0.0,0.0
PIE-ICT,2,2,30.0,30.0,0.5,0.5,0.0,0.0
LIT-HOU,2,2,24.0,24.0,0.5,0.5,0.0,0.0
LWS-DEN,2,2,-5.0,-5.0,0.0,0.0,0.0,0.0
LGB-MSY,2,2,57.5,57.5,0.5,0.5,0.0,0.0
LGB-MCO,2,2,-1.5,-1.5,0.0,0.0,0.0,0.0
PIA-VPS,2,2,-14.0,-14.0,0.0,0.0,0.0,0.0
IND-PDX,2,2,-4.0,-4.0,0.0,0.0,0.0,0.0
LGA-SLC,2,2,1.0,1.0,0.0,0.0,0.0,0.0
MCI-JAX,2,2,-3.0,-3.0,0.0,0.0,0.0,0.0
CAK-VPS,2,2,-19.5,-19.5,0.0,0.0,0.0,0.0
HNL-AUS,2,2,-3.5,-3.5,0.0,0.0,0.0,0.0
HHH-BOS,2,2,17.5,17.5,0.5,0.5,0.0,0.0
PIE-LIT,2,2,185.5,185.5,1.0,1.0,0.0,0.0
OKC-SFB,2,2,24.5,24.5,1.0,0.5,0.0,0.0
HDN-IAD,2,2,22.5,22.5,0.5,0.5,0.0,0.0
RSW-SLC,2,2,64.5,64.5,0.5,0.5,0.0,0.0
GRR-MYR,2,2,-10.0,-10.0,0.0,0.0,0.0,0.0
MEM-TPA,2,1,6.0,6.0,0.0,0.0,0.5,0.0
FLL-OMA,2,2,-2.5,-2.5,0.0,0.0,0.0,0.0
MIA-MSN,2,2,-0.5,-0.5,0.0,0.0,0.0,0.0
MIA-ROC,2,2,0.5,0.5,0.0,0.0,0.0,0.0
VPS-LIT,2,2,-10.5,-10.5,0.0,0.0,0.0,0.0
VPS-MEM,2,2,-8.0,-8.0,0.0,0.0,0.0,0.0
FNT-EWR,2,2,3.5,3.5,0.0,0.0,0.0,0.0
DAL-GEG,2,2,76.5,76.5,0.5,0.5,0.0,0.0
FLL-SBN,2,2,14.5,14.5,0.5,0.5,0.0,0.0
SJU-STL,2,2,8.0,8.0,0.5,0.0,0.0,0.0
FCA-OAK,2,2,-8.0,-8.0,0.0,0.0,0.0,0.0
VRB-JFK,2,2,229.0,229.0,0.5,0.5,0.0,0.0
FLL-LBE,2,2,-7.0,-7.0,0.0,0.0,0.0,0.0
VPS-HTS,2,2,7.0,7.0,0.0,0.0,0.0,0.0
FLL-HDN,2,2,-7.0,-7.0,0.0,0.0,0.0,0.0
MRY-SEA,2,2,-1.5,-1.5,0.0,0.0,0.0,0.0
MSO-OAK,2,2,-10.5,-10.5,0.0,0.0,0.0,0.0
MSO-SNA,2,2,-3.5,-3.5,0.0,0.0,0.0,0.0
MSP-ILM,2,2,-11.5,-11.5,0.0,0.0,0.0,0.0
BUR-PSC,2,2,-7.0,-7.0,0.0,0.0,0.0,0.0
DAB-JFK,2,2,20.0,20.0,0.5,0.5,0.0,0.0
SFB-ICT,2,2,-3.5,-3.5,0.0,0.0,0.0,0.0
FLL-EYW,2,2,-9.5,-9.5,0.0,0.0,0.0,0.0
RIC-PGD,2,2,15.0,15.0,0.5,0.5,0.0,0.0
FNT-PDX,2,2,-1.5,-1.5,0.0,0.0,0.0,0.0
SFB-RAP,2,2,34.5,34.5,0.5,0.5,0.0,0.0
MEM-TYS,2,2,-8.0,-8.0,0.0,0.0,0.0,0.0
PSP-STS,2,2,-9.0,-9.0,0.0,0.0,0.0,0.0
PSP-BOI,2,2,-5.5,-5.5,0.0,0.0,0.0,0.0
MYR-IND,2,2,-11.5,-11.5,0.0,0.0,0.0,0.0
MYR-IAG,2,2,11.0,11.0,0.5,0.5,0.0,0.0
RSW-DSM,2,2,423.0,423.0,0.5,0.5,0.0,0.0
PSP-EWR,2,2,3.0,3.0,0.0,0.0,0.0,0.0
BOI-MCO,2,2,-3.0,-3.0,0.0,0.0,0.0,0.0
BOI-PSP,2,2,-9.5,-9.5,0.0,0.0,0.0,0.0
DEN-HRL,2,1,-3.0,-3.0,0.0,0.0,0.5,0.0
MFE-PIE,2,2,-16.0,-16.0,0.0,0.0,0.0,0.0
GRR-LAX,2,2,-5.0,-5.0,0.0,0.0,0.0,0.0
AGS-PHL,2,2,67.5,67.5,0.5,0.5,0.0,0.0
DAL-PVD,2,2,41.5,41.5,0.5,0.5,0.0,0.0
AGS-DTW,2,2,17.0,17.0,0.5,0.0,0.0,0.0
MYR-CKB,2,2,59.5,59.5,1.0,1.0,0.0,0.0
TYS-GUF,2,2,-2.5,-2.5,0.0,0.0,0.0,0.0
FAR-MCO,2,1,-1.0,-1.0,0.0,0.0,0.5,0.0
MHT-PHL,2,2,-8.0,-8.0,0.0,0.0,0.0,0.0
PVU-MDW,2,2,7.0,7.0,0.5,0.0,0.0,0.0
MIA-BUF,2,2,-3.5,-3.5,0.0,0.0,0.0,0.0
MIA-CAE,2,2,55.0,55.0,0.5,0.5,0.0,0.0
FAT-DAL,2,2,56.5,56.5,0.5,0.5,0.0,0.0
FSD-PGD,2,2,-9.0,-9.0,0.0,0.0,0.0,0.0
TOL-SRQ,2,2,18.5,18.5,0.5,0.5,0.0,0.0
STC-PGD,2,2,373.0,373.0,0.5,0.5,0.0,0.0
SHV-VPS,2,2,31.5,31.5,0.5,0.5,0.0,0.0
SAT-BUR,2,2,-8.5,-8.5,0.0,0.0,0.0,0.0
SAV-BLV,2,2,4.0,4.0,0.5,0.0,0.0,0.0
SUN-PHX,2,2,-6.5,-6.5,0.0,0.0,0.0,0.0
EWR-FNT,2,2,-13.0,-13.0,0.0,0.0,0.0,0.0
ORF-CVG,2,2,62.0,62.0,1.0,0.5,0.0,0.0
KOA-ORD,2,2,-7.0,-7.0,0.0,0.0,0.0,0.0
CKB-MYR,2,1,71.0,71.0,1.0,1.0,0.5,0.0
PDX-IND,2,2,-8.5,-8.5,0.0,0.0,0.0,0.0
EGE-CLT,2,2,12.0,12.0,0.5,0.5,0.0,0.0
LAS-BLV,2,2,11.0,11.0,0.5,0.0,0.0,0.0
DTW-BZN,2,2,-0.5,-0.5,0.0,0.0,0.0,0.0
SAT-ABQ,2,2,115.5,115.5,1.0,0.5,0.0,0.0
ICT-LAX,2,2,9.0,9.0,0.5,0.0,0.0,0.0
SRQ-MCI,2,2,40.0,40.0,0.5,0.5,0.0,0.0
EGE-SAN,2,2,-4.0,-4.0,0.0,0.0,0.0,0.0
IAD-HDN,2,2,-3.0,-3.0,0.0,0.0,0.0,0.0
CLT-EGE,2,2,30.0,30.0,0.5,0.5,0.0,0.0
EWR-ALB,2,2,0.0,0.0,0.0,0.0,0.0,0.0
PBI-BUF,2,2,11.0,11.0,0.5,0.0,0.0,0.0
CLE-PIT,2,2,-21.0,-21.0,0.0,0.0,0.0,0.0
JFK-DAB,2,2,-2.0,-2.0,0.0,0.0,0.0,0.0
EWR-ATW,2,2,-4.0,-4.0,0.0,0.0,0.0,0.0
CHS-IND,2,2,-10.0,-10.0,0.0,0.0,0.0,0.0
IAD-VPS,2,2,-7.5,-7.5,0.0,0.0,0.0,0.0
AVL-MSP,2,2,-12.5,-12.5,0.0,0.0,0.0,0.0
JAX-ORF,2,2,-5.0,-5.0,0.0,0.0,0.0,0.0
IAH-HSV,2,2,32.0,32.0,0.5,0.5,0.0,0.0
CLT-ACK,2,2,0.5,0.5,0.0,0.0,0.0,0.0
AVL-IAD,2,2,11.0,11.0,0.5,0.5,0.0,0.0
CLE-PBI,2,1,-6.0,-6.0,0.0,0.0,0.5,0.0
ORF-PIE,2,2,61.0,61.0,1.0,0.5,0.0,0.0
PDX-CVG,2,2,-7.0,-7.0,0.0,0.0,0.0,0.0
JFK-RIC,2,2,5.5,5.5,0.5,0.0,0.0,0.0
LAS-MLI,2,2,-8.0,-8.0,0.0,0.0,0.0,0.0
IAH-FCA,2,2,0.0,0.0,0.0,0.0,0.0,0.0
LAX-GRR,2,2,-5.5,-5.5,0.0,0.0,0.0,0.0
SAN-ANC,2,2,-2.0,-2.0,0.0,0.0,0.0,0.0
LAX-FSD,2,2,-0.5,-0.5,0.0,0.0,0.0,0.0
HSV-FLL,2,2,139.0,139.0,1.0,1.0,0.0,0.0
PGD-HTS,2,2,159.5,159.5,1.0,1.0,0.0,0.0
IND-SAV,2,2,52.5,52.5,0.5,0.5,0.0,0.0
ILM-DEN,2,2,4.0,4.0,0.0,0.0,0.0,0.0
CID-MIA,2,2,35.5,35.5,0.5,0.5,0.0,0.0
ILM-MSP,2,2,39.5,39.5,0.5,0.5,0.0,0.0
BLV-GUF,2,2,-15.5,-15.5,0.0,0.0,0.0,0.0
PHL-MHT,2,2,55.0,55.0,1.0,1.0,0.0,0.0
DCA-DAB,1,1,-3.0,-3.0,0.0,0.0,0.0,0.0
MSP-AGS,1,1,-5.0,-5.0,0.0,0.0,0.0,0.0
RSW-ALB,1,1,-1.0,-1.0,0.0,0.0,0.0,0.0
RSW-ABE,1,1,32.0,32.0,1.0,1.0,0.0,0.0
MTJ-AUS,1,1,-5.0,-5.0,0.0,0.0,0.0,0.0
SEA-MRY,1,1,15.0,15.0,1.0,0.0,0.0,0.0
TYS-SBN,1,1,-14.0,-14.0,0.0,0.0,0.0,0.0
ACK-ORD,1,1,29.0,29.0,1.0,0.0,0.0,0.0
SAN-MSO,1,1,14.0,14.0,0.0,0.0,0.0,0.0
FLG-LAX,1,1,196.0,196.0,1.0,1.0,0.0,0.0
MIA-ALB,1,1,-8.0,-8.0,0.0,0.0,0.0,0.0
FWA-MYR,1,1,13.0,13.0,0.0,0.0,0.0,0.0
MIA-BQN,1,1,-14.0,-14.0,0.0,0.0,0.0,0.0
TYS-OKC,1,1,-13.0,-13.0,0.0,0.0,0.0,0.0
MSO-SAN,1,1,14.0,14.0,0.0,0.0,0.0,0.0
ABE-RSW,1,1,-8.0,-8.0,0.0,0.0,0.0,0.0
MSN-MIA,1,1,-2.0,-2.0,0.0,0.0,0.0,0.0
PWM-IAH,1,1,-4.0,-4.0,0.0,0.0,0.0,0.0
SRQ-MLI,1,1,-15.0,-15.0,0.0,0.0,0.0,0.0
JAX-LAS,1,1,27.0,27.0,1.0,0.0,0.0,0.0
TYS-MSP,1,1,-9.0,-9.0,0.0,0.0,0.0,0.0
RSW-ATW,1,1,-3.0,-3.0,0.0,0.0,0.0,0.0
AGS-MSP,1,1,-3.0,-3.0,0.0,0.0,0.0,0.0
AGS-MIA,1,1,-4.0,-4.0,0.0,0.0,0.0,0.0
FAR-ATL,1,1,-6.0,-6.0,0.0,0.0,0.0,0.0
PHL-AGS,1,1,-7.0,-7.0,0.0,0.0,0.0,0.0
MSP-EGE,1,1,19.0,19.0,1.0,0.0,0.0,0.0
SLC-RSW,1,1,-1.0,-1.0,0.0,0.0,0.0,0.0
IND-PBI,1,1,-20.0,-20.0,0.0,0.0,0.0,0.0
PGD-SAV,1,1,-18.0,-18.0,0.0,0.0,0.0,0.0
IND-MSY,1,1,-11.0,-11.0,0.0,0.0,0.0,0.0
IND-EUG,1,1,19.0,19.0,1.0,0.0,0.0,0.0
MSN-BOS,1,1,25.0,25.0,1.0,0.0,0.0,0.0
MSP-AZA,1,1,104.0,104.0,1.0,1.0,0.0,0.0
STL-SJU,1,1,5.0,5.0,0.0,0.0,0.0,0.0
BOS-MSN,1,1,49.0,49.0,1.0,1.0,0.0,0.0
STL-SJC,1,1,7.0,7.0,0.0,0.0,0.0,0.0
IAH-HRL,1,1,-5.0,-5.0,0.0,0.0,0.0,0.0
MVY-CLT,1,1,-2.0,-2.0,0.0,0.0,0.0,0.0
BUR-MSY,1,1,219.0,219.0,1.0,1.0,0.0,0.0
BOS-OMA,1,1,-8.0,-8.0,0.0,0.0,0.0,0.0
SEA-HDN,1,1,85.0,85.0,1.0,1.0,0.0,0.0
BOS-VRB,1,1,44.0,44.0,1.0,1.0,0.0,0.0
MSY-MEM,1,1,87.0,87.0,1.0,1.0,0.0,0.0
MSY-PGD,1,1,0.0,0.0,0.0,0.0,0.0,0.0
FCA-IAH,1,1,9.0,9.0,0.0,0.0,0.0,0.0
ABQ-DTW,1,1,-11.0,-11.0,0.0,0.0,0.0,0.0
IAH-SDF,1,1,24.0,24.0,1.0,0.0,0.0,0.0
MOB-CLT,1,1,-10.0,-10.0,0.0,0.0,0.0,0.0
SLC-LBB,1,1,1.0,1.0,0.0,0.0,0.0,0.0
BZN-DTW,1,1,-12.0,-12.0,0.0,0.0,0.0,0.0
SAN-PIT,1,1,-3.0,-3.0,0.0,0.0,0.0,0.0
VPS-MIA,1,1,-5.0,-5.0,0.0,0.0,0.0,0.0
PDX-MFR,1,1,-7.0,-7.0,0.0,0.0,0.0,0.0
DAL-BOI,1,1,27.0,27.0,1.0,0.0,0.0,0.0
JAC-MSP,1,1,9.0,9.0,0.0,0.0,0.0,0.0
ACK-CLT,1,1,7.0,7.0,0.0,0.0,0.0,0.0
EVV-VPS,1,1,1099.0,1099.0,1.0,1.0,0.0,0.0
MSY-BUF,1,1,8.0,8.0,0.0,0.0,0.0,0.0
SEA-SUN,1,1,-11.0,-11.0,0.0,0.0,0.0,0.0
VPS-SHV,1,1,-12.0,-12.0,0.0,0.0,0.0,0.0
ISP-BOS,1,0,,,,,1.0,0.0
FLL-PIA,1,1,-13.0,-13.0,0.0,0.0,0.0,0.0
MSP-TYS,1,1,-15.0,-15.0,0.0,0.0,0.0,0.0
MKE-LAX,1,1,-8.0,-8.0,0.0,0.0,0.0,0.0
VRB-BOS,1,1,10.0,10.0,0.0,0.0,0.0,0.0
EGE-MSP,1,1,-3.0,-3.0,0.0,0.0,0.0,0.0
BTV-JFK,1,1,-5.0,-5.0,0.0,0.0,0.0,0.0
SFB-BIS,1,1,-9.0,-9.0,0.0,0.0,0.0,0.0
IAH-SAF,1,1,-7.0,-7.0,0.0,0.0,0.0,0.0
BZN-LGA,1,1,1.0,1.0,0.0,0.0,0.0,0.0
MKE-SRQ,1,1,-2.0,-2.0,0.0,0.0,0.0,0.0
RAP-ATL,1,1,-13.0,-13.0,0.0,0.0,0.0,0.0
VPS-CKB,1,1,-3.0,-3.0,0.0,0.0,0.0,0.0
FCA-SEA,1,1,42.0,42.0,1.0,1.0,0.0,0.0
BQN-MIA,1,1,-16.0,-16.0,0.0,0.0,0.0,0.0
ROC-MIA,1,1,-4.0,-4.0,0.0,0.0,0.0,0.0
FWA-FLL,1,1,18.0,18.0,1.0,0.0,0.0,0.0
PHX-AGS,1,1,-5.0,-5.0,0.0,0.0,0.0,0.0
MIA-LEX,1,1,-3.0,-3.0,0.0,0.0,0.0,0.0
VPS-DSM,1,1,-15.0,-15.0,0.0,0.0,0.0,0.0
CKB-VPS,1,1,-9.0,-9.0,0.0,0.0,0.0,0.0
EGE-IAD,1,1,94.0,94.0,1.0,1.0,0.0,0.0
DAL-PSP,1,1,-1.0,-1.0,0.0,0.0,0.0,0.0
IAH-PWM,1,1,-3.0,-3.0,0.0,0.0,0.0,0.0
MIA-MDT,1,1,-8.0,-8.0,0.0,0.0,0.0,0.0
BOS-DAB,1,1,-9.0,-9.0,0.0,0.0,0.0,0.0
SAT-COS,1,1,15.0,15.0,1.0,0.0,0.0,0.0
AZA-TOL,1,1,-9.0,-9.0,0.0,0.0,0.0,0.0
TOL-AZA,1,1,-11.0,-11.0,0.0,0.0,0.0,0.0
BOI-DAL,1,1,28.0,28.0,1.0,0.0,0.0,0.0
MYR-CMH,1,1,1.0,1.0,0.0,0.0,0.0,0.0
PVD-EWR,1,1,-3.0,-3.0,0.0,0.0,0.0,0.0
HOU-AMA,1,1,-5.0,-5.0,0.0,0.0,0.0,0.0
LAS-SMX,1,1,53.0,53.0,1.0,1.0,0.0,0.0
LGB-MCI,1,1,22.0,22.0,1.0,0.0,0.0,0.0
ORD-MVY,1,1,34.0,34.0,1.0,1.0,0.0,0.0
LAS-PVU,1,1,-1.0,-1.0,0.0,0.0,0.0,0.0
SFO-HDN,1,1,-12.0,-12.0,0.0,0.0,0.0,0.0
CLT-MOB,1,1,-6.0,-6.0,0.0,0.0,0.0,0.0
AUS-PNS,1,1,-7.0,-7.0,0.0,0.0,0.0,0.0
AUS-PSP,1,1,62.0,62.0,1.0,1.0,0.0,0.0
SBN-IAH,1,1,3.0,3.0,0.0,0.0,0.0,0.0
ORD-SAF,1,1,-8.0,-8.0,0.0,0.0,0.0,0.0
SBN-LGA,1,1,14.0,14.0,0.0,0.0,0.0,0.0
LAS-JAX,1,1,7.0,7.0,0.0,0.0,0.0,0.0
LAS-GJT,1,1,-9.0,-9.0,0.0,0.0,0.0,0.0
AUS-SDF,1,1,188.0,188.0,1.0,1.0,0.0,0.0
ATL-FAR,1,1,-6.0,-6.0,0.0,0.0,0.0,0.0
MCI-CHS,1,1,28.0,28.0,1.0,0.0,0.0,0.0
SAV-IND,1,1,-3.0,-3.0,0.0,0.0,0.0,0.0
LAS-CAK,1,1,-10.0,-10.0,0.0,0.0,0.0,0.0
BNA-GUF,1,1,164.0,164.0,1.0,1.0,0.0,0.0
AUS-SFB,1,1,-1.0,-1.0,0.0,0.0,0.0,0.0
BNA-HDN,1,1,-8.0,-8.0,0.0,0.0,0.0,0.0
ATL-BGR,1,1,-8.0,-8.0,0.0,0.0,0.0,0.0
OMA-VPS,1,1,0.0,0.0,0.0,0.0,0.0,0.0
PIE-TUL,1,1,-9.0,-9.0,0.0,0.0,0.0,0.0
LGA-SBN,1,1,-7.0,-7.0,0.0,0.0,0.0,0.0
DSM-MCO,1,1,-9.0,-9.0,0.0,0.0,0.0,0.0
PIA-FLL,1,1,50.0,50.0,1.0,1.0,0.0,0.0
DTW-AGS,1,1,-5.0,-5.0,0.0,0.0,0.0,0.0
BLV-SAV,1,1,-8.0,-8.0,0.0,0.0,0.0,0.0
LAX-MFR,1,1,-3.0,-3.0,0.0,0.0,0.0,0.0
AUS-MTJ,1,1,-10.0,-10.0,0.0,0.0,0.0,0.0
PHX-RSW,1,1,-1.0,-1.0,0.0,0.0,0.0,0.0
LBB-FLL,1,1,-5.0,-5.0,0.0,0.0,0.0,0.0
ORD-HYA,1,1,59.0,59.0,1.0,1.0,0.0,0.0
LBB-MIA,1,1,-6.0,-6.0,0.0,0.0,0.0,0.0
CLT-PHF,1,1,-4.0,-4.0,0.0,0.0,0.0,0.0
ORD-GUC,1,1,-7.0,-7.0,0.0,0.0,0.0,0.0
LAX-LIT,1,1,90.0,90.0,1.0,1.0,0.0,0.0
HOU-RSW,1,1,28.0,28.0,1.0,0.0,0.0,0.0
SAF-IAH,1,1,-3.0,-3.0,0.0,0.0,0.0,0.0
LGA-BZN,1,1,-6.0,-6.0,0.0,0.0,0.0,0.0
CMH-MSN,1,1,-4.0,-4.0,0.0,0.0,0.0,0.0
LEX-MIA,1,1,-8.0,-8.0,0.0,0.0,0.0,0.0
EWR-OMA,1,1,-7.0,-7.0,0.0,0.0,0.0,0.0
DSM-RSW,1,1,-10.0,-10.0,0.0,0.0,0.0,0.0
HOU-GUF,1,1,43.0,43.0,1.0,1.0,0.0,0.0
ATW-RSW,1,1,-10.0,-10.0,0.0,0.0,0.0,0.0
PHX-SUN,1,1,25.0,25.0,1.0,0.0,0.0,1.0
LGA-AGS,1,1,-3.0,-3.0,0.0,0.0,0.0,0.0
LAX-GRB,1,1,-10.0,-10.0,0.0,0.0,0.0,0.0
HOU-CLT,1,1,-7.0,-7.0,0.0,0.0,0.0,0.0
SAN-BLI,1,1,-11.0,-11.0,0.0,0.0,0.0,0.0
OMA-TPA,1,1,9.0,9.0,0.0,0.0,0.0,0.0
ORD-STX,1,1,-2.0,-2.0,0.0,0.0,0.0,0.0
OMA-SAN,1,1,52.0,52.0,1.0,1.0,0.0,0.0
DTW-LNK,1,1,7.0,7.0,0.0,0.0,0.0,0.0
SDF-SAV,1,1,-8.0,-8.0,0.0,0.0,0.0,0.0
IAD-MCI,1,1,-4.0,-4.0,0.0,0.0,0.0,0.0
CLT-CHO,1,1,-3.0,-3.0,0.0,0.0,0.0,0.0
GTF-ORD,1,1,-1.0,-1.0,0.0,0.0,0.0,0.0
MYR-ROC,1,1,-12.0,-12.0,0.0,0.0,0.0,0.0
IAD-MYR,1,1,-3.0,-3.0,0.0,0.0,0.0,0.0
ALB-RSW,1,1,19.0,19.0,1.0,0.0,0.0,0.0
GSO-SFB,1,1,-1.0,-1.0,0.0,0.0,0.0,0.0
DEN-LWS,1,1,-1.0,-1.0,0.0,0.0,0.0,0.0
SRQ-BUF,1,1,4.0,4.0,0.0,0.0,0.0,0.0
MYR-MCI,1,1,21.0,21.0,1.0,0.0,0.0,0.0
PSP-AUS,1,1,-17.0,-17.0,0.0,0.0,0.0,0.0
GUF-DSM,1,1,237.0,237.0,1.0,1.0,0.0,0.0
PHX-GRB,1,1,-3.0,-3.0,0.0,0.0,0.0,0.0
IAD-SCE,1,1,-1.0,-1.0,0.0,0.0,0.0,0.0
CLT-ABQ,1,1,-4.0,-4.0,0.0,0.0,0.0,0.0
PSP-CLT,1,1,1458.0,1458.0,1.0,1.0,0.0,0.0
STT-BOS,1,1,-12.0,-12.0,0.0,0.0,0.0,0.0
DTW-ABQ,1,1,-2.0,-2.0,0.0,0.0,0.0,0.0
MYR-FWA,1,1,-21.0,-21.0,0.0,0.0,0.0,0.0
JFK-IAD,1,1,-5.0,-5.0,0.0,0.0,0.0,0.0
JFK-BTV,1,1,14.0,14.0,0.0,0.0,0.0,0.0
PBI-IND,1,1,32.0,32.0,1.0,1.0,0.0,0.0
JAX-TPA,1,1,337.0,337.0,1.0,1.0,0.0,0.0
SAV-AVL,1,1,28.0,28.0,1.0,0.0,0.0,0.0
DFW-DAB,1,1,-9.0,-9.0,0.0,0.0,0.0,0.0
BLI-SAN,1,1,-9.0,-9.0,0.0,0.0,0.0,0.0
MCO-MSN,1,1,-10.0,-10.0,0.0,0.0,0.0,1.0
EWR-GSO,1,1,7.0,7.0,0.0,0.0,0.0,0.0
RSW-PHX,1,1,53.0,53.0,1.0,1.0,0.0,0.0
HDN-SEA,1,1,58.0,58.0,1.0,1.0,0.0,0.0
HDN-SAN,1,1,33.0,33.0,1.0,1.0,0.0,0.0
COU-BHM,1,1,-8.0,-8.0,0.0,0.0,0.0,0.0
HYA-ORD,1,1,11.0,11.0,0.0,0.0,0.0,0.0
SJC-STL,1,1,-5.0,-5.0,0.0,0.0,0.0,0.0
OMA-FLL,1,1,-7.0,-7.0,0.0,0.0,0.0,0.0
MCO-FAR,1,1,-12.0,-12.0,0.0,0.0,0.0,0.0
MCO-GRB,1,1,-7.0,-7.0,0.0,0.0,0.0,0.0
MCO-JAN,1,1,164.0,164.0,1.0,1.0,0.0,0.0
OKC-TYS,1,1,-12.0,-12.0,0.0,0.0,0.0,0.0
SDF-IAH,1,1,-5.0,-5.0,0.0,0.0,0.0,0.0
OKC-DTW,1,1,-4.0,-4.0,0.0,0.0,0.0,0.0
MDT-EUG,1,1,-9.0,-9.0,0.0,0.0,0.0,0.0
MDT-MIA,1,1,-7.0,-7.0,0.0,0.0,0.0,0.0
OKC-BHM,1,1,2.0,2.0,0.0,0.0,0.0,0.0
DTW-CVG,1,1,-1.0,-1.0,0.0,0.0,0.0,0.0
RSW-MHT,1,1,-10.0,-10.0,0.0,0.0,0.0,0.0
SDF-AUS,1,1,75.0,75.0,1.0,1.0,0.0,0.0
EWR-XNA,1,1,-7.0,-7.0,0.0,0.0,0.0,0.0
SRQ-AUS,1,1,13.0,13.0,0.0,0.0,0.0,0.0
OAK-MSY,1,1,0.0,0.0,0.0,0.0,0.0,0.0
OAK-MSO,1,1,-6.0,-6.0,0.0,0.0,0.0,0.0
MCI-IAD,1,1,-4.0,-4.0,0.0,0.0,0.0,0.0
